Year	RK	Player	Team	G	REC	YDS	Y/R	YBC	YBC/R	AIR	AIR/R	YAC	YAC/R	YACON	YACON/R	BRKTKL	TGT	% TM	CATCHABLE	DROP	RZ TGT	10+ YDS	20+ YDS	30+ YDS	40+ YDS	50+ YDS	LNG
2025	1	Trey McBride	ARI	17	126	1,239	9.8	656	5.2	1,147	9.1	583	4.6	167	1.3	9	169	27.40%	128	2	32	51	12	1	0	0	31
2025	2	Dallas Goedert	PHI	15	60	591	9.9	357	6	583	9.7	234	3.9	59	1	3	82	17.70%	64	4	15	22	7	3	0	0	36
2025	3	Kyle Pitts Sr.	ATL	17	88	928	10.5	528	6	871	9.9	400	4.5	90	1	2	118	22.70%	91	2	11	43	12	2	0	0	36
2025	4	Hunter Henry	NE	17	60	768	12.8	433	7.2	692	11.5	335	5.6	64	1.1	1	87	18.00%	63	3	22	36	11	2	0	0	36
2025	5	Travis Kelce	KC	17	76	851	11.2	430	5.7	734	9.7	421	5.5	134	1.8	1	108	19.70%	83	7	11	40	9	4	1	0	44
2025	6	Harold Fannin Jr.	CLE	16	72	731	10.2	379	5.3	659	9.2	352	4.9	154	2.1	7	107	20.50%	76	4	10	30	8	2	0	0	35
2025	7	Tyler Warren	IND	17	76	817	10.8	343	4.5	610	8	474	6.2	118	1.6	4	112	21.10%	78	2	19	33	10	1	1	0	41
2025	8	Brock Bowers	LV	12	64	680	10.6	375	5.9	560	8.8	305	4.8	83	1.3	3	86	17.40%	68	4	16	24	8	3	0	0	38
2025	9	Colston Loveland	CHI	16	58	713	12.3	463	8	741	12.8	250	4.3	99	1.7	4	82	15.40%	61	1	14	28	10	5	1	1	58
2025	10	Jake Ferguson	DAL	17	82	600	7.3	293	3.6	476	5.8	307	3.7	78	1	6	102	16.80%	84	2	23	23	2	0	0	0	26
2025	11	George Kittle	SF	11	57	628	11	376	6.6	459	8.1	252	4.4	75	1.3	2	69	12.50%	58	1	12	30	9	2	0	0	33
2025	12	Juwan Johnson	NO	17	77	889	11.5	527	6.8	769	10	362	4.7	94	1.2	5	102	18.10%	83	6	8	38	11	5	1	1	52
2025	13	Dalton Schultz	HOU	17	82	777	9.5	419	5.1	659	8	358	4.4	75	0.9	3	106	19.20%	85	2	11	31	5	2	1	0	47
2025	14	AJ Barner	SEA	17	52	519	10	248	4.8	303	5.8	271	5.2	69	1.3	3	68	14.90%	54	2	12	20	3	1	1	1	61
2025	15	Dalton Kincaid	BUF	12	39	571	14.6	312	8	465	11.9	259	6.6	62	1.6	1	49	10.20%	40	1	6	26	13	1	1	0	47
2025	15	Colby Parkinson	LAR	15	43	408	9.5	137	3.2	248	5.8	271	6.3	52	1.2	4	56	9.60%	47	3	20	18	4	0	0	0	26
2025	17	Tucker Kraft	GB	8	32	489	15.3	145	4.5	207	6.5	344	10.8	135	4.2	6	44	9.60%	35	3	12	19	6	3	2	2	59
2025	18	Mark Andrews	BAL	17	48	422	8.8	321	6.7	515	10.7	101	2.1	46	1	1	70	17.20%	51	3	14	15	3	0	0	0	27
2025	18	Theo Johnson	NYG	15	45	528	11.7	341	7.6	616	13.7	187	4.2	38	0.8	1	74	14.70%	50	5	13	24	8	3	2	0	42
2025	20	Oronde Gadsden II	LAC	15	49	664	13.6	443	9	624	12.7	221	4.5	71	1.4	1	69	12.70%	55	6	14	24	11	4	2	1	53
2025	21	Zach Ertz	WAS	13	50	504	10.1	381	7.6	645	12.9	123	2.5	38	0.8	1	72	16.70%	56	5	7	20	5	1	0	0	30
2025	22	Pat Freiermuth	PIT	17	41	486	11.9	231	5.6	323	7.9	255	6.2	106	2.6	3	54	10.30%	41	0	9	19	6	2	1	1	68
2025	23	Brenton Strange	JAC	12	46	540	11.7	293	6.4	414	9	247	5.4	59	1.3	2	60	11.00%	50	4	9	26	9	1	0	0	30
2025	24	Chig Okonkwo	TEN	17	56	560	10	218	3.9	368	6.6	342	6.1	84	1.5	6	79	14.90%	61	5	5	24	6	2	1	0	43
2025	24	Dawson Knox	BUF	17	36	417	11.6	234	6.5	327	9.1	183	5.1	46	1.3	0	49	10.20%	38	2	12	18	5	3	0	0	32
2025	26	Sam LaPorta	DET	9	40	489	12.2	215	5.4	277	6.9	274	6.9	79	2	5	49	8.90%	40	0	4	19	6	3	1	0	40
2025	27	Darren Waller	MIA	9	24	283	11.8	210	8.8	359	15	73	3	18	0.8	0	34	7.40%	24	0	7	11	5	2	0	0	34
2025	28	Cade Otton	TB	16	59	572	9.7	261	4.4	410	6.9	311	5.3	93	1.6	6	81	15.00%	61	1	5	23	7	0	0	0	27
2025	29	T.J. Hockenson	MIN	15	51	438	8.6	224	4.4	347	6.8	214	4.2	64	1.3	2	66	14.10%	54	3	11	19	3	0	0	0	29
2025	30	Jake Tonges	SF	16	34	293	8.6	150	4.4	233	6.9	143	4.2	27	0.8	1	46	8.40%	34	0	6	13	2	0	0	0	23
2025	31	David Njoku	CLE	12	33	293	8.9	133	4	255	7.7	160	4.8	48	1.5	3	48	9.20%	34	1	8	12	2	0	0	0	23
2025	31	Evan Engram	DEN	16	50	461	9.2	159	3.2	336	6.7	302	6	87	1.7	2	76	13.00%	58	8	10	17	4	3	1	0	41
2025	33	Cole Kmet	CHI	16	30	347	11.6	198	6.6	420	14	149	5	34	1.1	2	48	9.00%	32	2	6	16	5	1	0	0	31
2025	34	Gunnar Helm	TEN	16	44	357	8.1	198	4.5	307	7	159	3.6	25	0.6	0	55	10.40%	46	2	7	14	2	1	0	0	34
2025	35	Jonnu Smith	PIT	17	38	222	5.8	43	1.1	232	6.1	179	4.7	56	1.5	3	54	10.30%	40	2	7	6	1	0	0	0	21
2025	36	Tyler Higbee	LAR	10	25	281	11.2	141	5.6	211	8.4	140	5.6	17	0.7	0	36	6.20%	28	3	8	12	6	0	0	0	24
2025	37	Mason Taylor	NYJ	13	44	369	8.4	235	5.3	380	8.6	134	3	34	0.8	0	65	13.80%	52	8	7	17	2	0	0	0	27
2025	38	Mike Gesicki	CIN	13	28	307	11	244	8.7	418	14.9	63	2.3	16	0.6	0	42	6.90%	29	1	7	16	2	2	0	0	37
2025	39	Darnell Washington	PIT	16	31	364	11.7	135	4.4	232	7.5	229	7.4	106	3.4	4	43	8.20%	35	4	8	19	3	2	0	0	36
2025	40	Terrance Ferguson	LAR	13	11	231	21	191	17.4	465	42.3	40	3.6	6	0.5	0	25	4.30%	11	0	3	8	7	3	0	0	36
2025	40	Noah Fant	CIN	15	34	288	8.5	114	3.4	143	4.2	174	5.1	47	1.4	1	41	6.70%	35	1	4	10	3	0	0	0	25
2025	40	Daniel Bellinger	NYG	16	19	286	15.1	154	8.1	244	12.8	132	6.9	11	0.6	0	26	5.20%	20	1	6	13	4	1	1	0	44
2025	43	Josh Oliver	MIN	15	15	160	10.7	58	3.9	64	4.3	102	6.8	16	1.1	0	19	4.10%	15	0	6	6	2	1	0	0	32
2025	44	Michael Mayer	LV	13	35	328	9.4	132	3.8	240	6.9	196	5.6	41	1.2	1	50	10.10%	36	1	6	17	3	0	0	0	23
2025	44	Davis Allen	LAR	17	24	208	8.7	71	3	130	5.4	137	5.7	37	1.5	2	33	5.70%	27	3	7	7	2	0	0	0	27
2025	46	Austin Hooper	NE	16	21	263	12.5	177	8.4	231	11	86	4.1	15	0.7	0	26	5.40%	21	0	5	10	6	1	0	0	31
2025	47	Tommy Tremble	CAR	17	27	249	9.2	85	3.1	163	6	164	6.1	52	1.9	0	37	7.70%	29	2	5	6	1	1	1	1	54
2025	47	Greg Dulcich	MIA	10	26	335	12.9	136	5.2	160	6.2	199	7.7	42	1.6	2	33	7.10%	26	0	5	14	7	0	0	0	29
2025	47	Jackson Hawes	BUF	17	16	187	11.7	96	6	139	8.7	91	5.7	29	1.8	2	19	4.00%	18	2	3	8	2	0	0	0	29
2025	50	Isaiah Likely	BAL	14	27	307	11.4	190	7	292	10.8	117	4.3	14	0.5	1	36	8.80%	28	1	6	11	4	3	1	0	43
2025	51	Taysom Hill	NO	13	11	91	8.3	5	0.5	54	4.9	86	7.8	13	1.2	0	16	2.80%	14	3	0	3	0	0	0	0	17
2025	52	Mitchell Evans	CAR	17	19	171	9	63	3.3	90	4.7	108	5.7	27	1.4	0	25	5.20%	20	1	4	6	2	0	0	0	25
2025	52	Tanner Hudson	CIN	13	19	168	8.8	85	4.5	119	6.3	83	4.4	22	1.2	1	24	3.90%	19	0	6	5	1	1	0	0	33
2025	54	Elijah Higgins	ARI	17	30	301	10	92	3.1	135	4.5	209	7	84	2.8	5	37	6.00%	30	0	4	12	4	0	0	0	27
2025	55	Charlie Kolar	BAL	17	10	142	14.2	90	9	106	10.6	52	5.2	27	2.7	1	15	3.70%	10	0	3	8	2	0	0	0	23
2025	56	Adam Trautman	DEN	17	20	195	9.8	91	4.6	99	5	104	5.2	29	1.5	3	23	3.90%	21	1	1	9	3	0	0	0	26
2025	56	Luke Musgrave	GB	17	24	252	10.5	183	7.6	266	11.1	69	2.9	12	0.5	0	31	6.70%	25	1	1	8	5	0	0	0	26
2025	56	Ja'Tavion Sanders	CAR	13	29	190	6.6	104	3.6	163	5.6	86	3	27	0.9	1	34	7.10%	30	1	9	5	0	0	0	0	18
2025	59	Connor Heyward	PIT	16	3	21	7	16	5.3	26	8.7	5	1.7	0	0	0	4	0.80%	3	0	2	1	0	0	0	0	12
2025	59	Jeremy Ruckert	NYJ	17	23	179	7.8	80	3.5	108	4.7	99	4.3	28	1.2	0	29	6.10%	24	1	3	8	1	0	0	0	24
2025	61	Brock Wright	DET	11	14	108	7.7	22	1.6	22	1.6	86	6.1	21	1.5	0	22	4.00%	14	0	2	4	1	0	0	0	20
2025	62	Elijah Arroyo	SEA	13	15	179	11.9	101	6.7	220	14.7	78	5.2	12	0.8	0	26	5.70%	16	1	5	6	4	1	0	0	32
2025	63	Hunter Long	JAC	9	12	85	7.1	54	4.5	69	5.8	31	2.6	3	0.3	0	17	3.10%	16	4	4	2	0	0	0	0	11
2025	64	Luke Farrell	SF	17	11	85	7.7	33	3	41	3.7	52	4.7	14	1.3	1	14	2.50%	11	0	4	3	0	0	0	0	11
2025	65	Noah Gray	KC	16	21	178	8.5	71	3.4	227	10.8	107	5.1	20	1	0	37	6.70%	24	3	1	9	1	0	0	0	28
2025	65	Mo Alie-Cox	IND	17	13	117	9	40	3.1	93	7.2	77	5.9	32	2.5	1	20	3.80%	14	1	5	3	1	0	0	0	20
2025	67	Ben Sinnott	WAS	16	11	114	10.4	51	4.6	106	9.6	63	5.7	21	1.9	1	13	3.00%	11	0	1	3	2	1	0	0	36
2025	67	Andrew Beck	NYJ	17	6	45	7.5	25	4.2	38	6.3	20	3.3	5	0.8	0	9	1.90%	7	1	2	2	0	0	0	0	17
2025	67	Drew Sample	CIN	17	15	106	7.1	-3	-0.2	3	0.2	109	7.3	16	1.1	1	20	3.30%	15	0	1	3	1	0	0	0	27
2025	70	John Bates	WAS	15	11	103	9.4	35	3.2	48	4.4	68	6.2	16	1.5	0	16	3.70%	12	1	2	5	1	0	0	0	22
2025	70	Julian Hill	MIA	14	15	140	9.3	29	1.9	66	4.4	111	7.4	33	2.2	1	20	4.30%	16	1	3	6	1	0	0	0	20
2025	72	Brevyn Spann-Ford	DAL	17	9	90	10	57	6.3	107	11.9	33	3.7	8	0.9	0	13	2.10%	9	0	2	2	2	1	0	0	31
2025	73	Grant Calcaterra	PHI	15	9	76	8.4	45	5	84	9.3	31	3.4	9	1	0	13	2.80%	9	0	3	3	0	0	0	0	16
2025	74	John FitzPatrick	GB	15	12	72	6	15	1.3	24	2	57	4.8	19	1.6	0	15	3.30%	14	2	4	1	0	0	0	0	11
2025	74	Luke Schoonmaker	DAL	17	14	132	9.4	50	3.6	163	11.6	82	5.9	30	2.1	1	23	3.80%	16	1	2	7	1	0	0	0	29
2025	76	Quintin Morris	JAC	13	6	55	9.2	34	5.7	45	7.5	21	3.5	0	0	0	9	1.60%	6	0	2	3	0	0	0	0	14
2025	77	Ian Thomas	LV	15	13	114	8.8	42	3.2	42	3.2	72	5.5	17	1.3	0	13	2.60%	13	0	0	4	1	0	0	0	20
2025	77	Johnny Mundt	JAC	16	9	111	12.3	35	3.9	96	10.7	76	8.4	35	3.9	2	19	3.50%	12	3	1	5	1	0	0	0	21
2025	77	Nate Adkins	DEN	9	6	48	8	22	3.7	35	5.8	26	4.3	2	0.3	0	11	1.90%	10	3	2	2	0	0	0	0	16
2025	77	Jack Stoll	NO	15	6	46	7.7	29	4.8	34	5.7	17	2.8	6	1	0	11	1.90%	6	0	1	1	0	0	0	0	13
2025	81	Tyler Conklin	LAC	10	7	101	14.4	44	6.3	45	6.4	57	8.1	14	2	1	10	1.80%	9	2	0	4	2	1	0	0	33
2025	81	Will Dissly	LAC	9	11	97	8.8	31	2.8	72	6.5	66	6	14	1.3	0	16	2.90%	12	1	1	4	0	0	0	0	18
2025	81	Josh Whyle	GB	8	5	36	7.2	15	3	23	4.6	21	4.2	4	0.8	0	6	1.30%	5	0	1	1	1	0	0	0	21
2025	84	Tanner Conner	NYG	9	9	91	10.1	52	5.8	98	10.9	39	4.3	10	1.1	0	15	3.20%	10	1	3	4	1	0	0	0	28
2025	84	David Martin-Robinson	TEN	15	4	30	7.5	14	3.5	23	5.8	16	4	10	2.5	1	6	1.10%	4	0	1	1	0	0	0	0	14
2025	84	Drew Ogletree	IND	15	4	27	6.8	18	4.5	35	8.8	9	2.3	4	1	0	6	1.10%	4	0	2	1	0	0	0	0	11
2025	87	Josiah Deguara	ARI	12	3	21	7	16	5.3	23	7.7	5	1.7	0	0	0	5	0.80%	3	0	1	0	0	0	0	0	8
2025	87	Cade Stover	HOU	9	12	76	6.3	24	2	31	2.6	52	4.3	12	1	1	16	2.90%	13	1	3	2	0	0	0	0	11
2025	89	Foster Moreau	NO	11	7	59	8.4	15	2.1	10	1.4	44	6.3	19	2.7	1	10	1.80%	9	2	1	2	0	0	0	0	16
2025	90	Anthony Firkser	DET	7	8	53	6.6	41	5.1	35	4.4	12	1.5	1	0.1	0	10	1.80%	8	0	3	2	0	0	0	0	18
2025	90	Stone Smartt	NYJ	9	7	52	7.4	25	3.6	42	6	27	3.9	2	0.3	0	9	1.90%	7	0	0	2	0	0	0	0	17
2025	90	Eric Saubert	SEA	11	4	31	7.8	15	3.8	28	7	16	4	7	1.8	0	7	1.50%	4	0	3	1	0	0	0	0	12
2025	90	Charlie Woerner	ATL	17	8	48	6	13	1.6	12	1.5	35	4.4	24	3	2	9	1.70%	8	0	1	2	0	0	0	0	18
2025	90	Brenden Bates	CLE	9	4	48	12	38	9.5	39	9.8	10	2.5	3	0.8	0	5	0.90%	4	0	1	2	0	0	0	0	19
2025	95	Kylen Granson	PHI	17	7	40	5.7	27	3.9	67	9.6	13	1.9	4	0.6	0	9	1.90%	8	1	1	1	0	0	0	0	12
2025	95	Albert Okwuegbunam Jr.	LV	1	5	36	7.2	2	0.4	18	3.6	34	6.8	8	1.6	0	6	1.20%	5	0	1	1	0	0	0	0	16
2025	95	Keleki Latu	BUF	5	4	35	8.8	12	3	12	3	23	5.8	16	4	2	4	0.80%	4	0	0	2	0	0	0	0	14
2025	98	Ben Sims	MIN	9	3	30	10	25	8.3	73	24.3	5	1.7	2	0.7	0	6	1.30%	3	0	1	1	0	0	0	0	18
2025	98	James Mitchell	CAR	5	3	28	9.3	7	2.3	7	2.3	21	7	10	3.3	0	3	0.60%	3	0	0	1	0	0	0	0	11
2025	98	Durham Smythe	CHI	17	4	25	6.3	10	2.5	24	6	15	3.8	0	0	0	6	1.10%	5	1	0	1	0	0	0	0	11
2025	101	Jelani Woods	NYJ	6	1	4	4	3	3	25	25	1	1	0	0	0	4	0.80%	1	0	1	0	0	0	0	0	4
2025	101	Shane Zylstra	DET	5	3	20	6.7	18	6	37	12.3	2	0.7	0	0	0	5	0.90%	3	0	1	1	0	0	0	0	11
2025	101	Tucker Fisk	LAC	10	2	19	9.5	-2	-1	22	11	21	10.5	5	2.5	0	4	0.70%	2	1	0	1	0	0	0	0	12
2025	101	Tip Reiman	ARI	5	3	18	6	11	3.7	26	8.7	7	2.3	3	1	1	5	0.80%	3	0	0	1	0	0	0	0	10
2025	101	Lucas Krull	DEN	4	2	15	7.5	11	5.5	20	10	4	2	0	0	0	4	0.70%	2	0	0	0	0	0	0	0	9
2025	106	Payne Durham	TB	17	1	11	11	0	0	15	15	11	11	1	1	0	4	0.70%	2	1	1	1	0	0	0	0	11
2025	106	Sal Cannella	CLE	2	2	11	5.5	6	3	55	27.5	5	2.5	2	1	0	5	1.00%	2	0	0	0	0	0	0	0	6
2025	106	Harrison Bryant	HOU	12	2	7	3.5	7	3.5	58	29	0	0	0	0	0	6	1.10%	3	1	0	0	0	0	0	0	5
2025	106	Ross Dwelley	CAR	10	2	7	3.5	0	0	1	0.5	7	3.5	2	1	0	5	0.90%	2	0	3	0	0	0	0	0	4
2025	110	Blake Whiteheart	CLE	16	2	4	2	3	1.5	43	21.5	1	0.5	0	0	0	6	1.10%	2	0	0	0	0	0	0	0	4
2024	1	George Kittle	SF	15	78	1,106	14.2	584	7.5	767	9.8	522	6.7	187	2.4	4	94	18.30%	80	2	19	45	21	9	2	0	43
2024	2	Brock Bowers	LV	17	112	1,194	10.7	598	5.3	933	8.3	596	5.3	169	1.5	6	153	25.80%	118	6	14	49	15	3	1	1	57
2024	3	Trey McBride	ARI	16	111	1,146	10.3	633	5.7	901	8.1	513	4.6	167	1.5	5	147	28.10%	114	3	20	47	10	2	0	0	37
2024	4	Jonnu Smith	MIA	17	88	884	10	374	4.3	545	6.2	510	5.8	136	1.5	8	111	19.50%	94	6	18	45	4	2	1	1	57
2024	4	Mark Andrews	BAL	17	55	673	12.2	485	8.8	726	13.2	188	3.4	89	1.6	1	69	15.10%	59	4	15	31	6	3	1	1	67
2024	6	Sam LaPorta	DET	16	60	726	12.1	383	6.4	580	9.7	343	5.7	118	2	3	83	15.90%	61	1	17	30	11	4	1	1	52
2024	7	Tucker Kraft	GB	17	50	707	14.1	251	5	371	7.4	456	9.1	198	4	9	70	15.10%	55	5	15	27	11	4	2	2	67
2024	8	Zach Ertz	WAS	17	66	654	9.9	467	7.1	671	10.2	187	2.8	65	1	0	91	18.10%	70	4	21	28	7	1	0	0	37
2024	9	Pat Freiermuth	PIT	17	65	653	10	374	5.8	480	7.4	279	4.3	97	1.5	4	78	17.00%	68	4	12	24	7	1	0	0	30
2024	10	Travis Kelce	KC	16	97	823	8.5	482	5	857	8.8	341	3.5	98	1	3	133	23.30%	103	6	25	28	9	1	0	0	38
2024	11	David Njoku	CLE	11	64	505	7.9	254	4	513	8	251	3.9	71	1.1	4	97	15.30%	70	7	12	17	4	0	0	0	29
2024	12	Kyle Pitts Sr.	ATL	17	47	602	12.8	330	7	634	13.5	272	5.8	121	2.6	4	74	13.70%	51	4	13	21	7	5	3	2	52
2024	13	Isaiah Likely	BAL	16	42	477	11.4	221	5.3	462	11	256	6.1	76	1.8	3	58	12.70%	43	2	13	18	4	2	2	0	49
2024	13	Cade Otton	TB	14	59	600	10.2	289	4.9	475	8.1	311	5.3	145	2.5	6	87	15.50%	67	8	14	22	7	2	1	0	44
2024	15	Taysom Hill	NO	8	23	187	8.1	50	2.2	109	4.7	137	6	54	2.3	2	31	6.00%	25	2	2	6	2	1	0	0	34
2024	16	Hunter Henry	NE	16	66	674	10.2	406	6.2	682	10.3	268	4.1	97	1.5	2	97	19.40%	68	2	16	31	4	3	0	0	35
2024	17	Mike Gesicki	CIN	17	65	665	10.2	420	6.5	615	9.5	245	3.8	55	0.8	0	83	13.20%	71	5	10	29	5	2	1	0	47
2024	18	Cole Kmet	CHI	17	47	474	10.1	293	6.2	393	8.4	181	3.9	47	1	1	55	10.40%	48	1	8	19	7	1	0	0	31
2024	18	Noah Gray	KC	17	40	437	10.9	227	5.7	304	7.6	210	5.3	39	1	0	49	8.60%	42	2	8	21	6	1	0	0	35
2024	18	Juwan Johnson	NO	17	50	548	11	336	6.7	540	10.8	212	4.2	49	1	3	66	12.80%	53	3	6	26	8	1	0	0	30
2024	21	Foster Moreau	NO	17	32	413	12.9	255	8	397	12.4	158	4.9	54	1.7	2	43	8.30%	32	0	9	15	7	4	1	0	41
2024	21	Tyler Conklin	NYJ	16	51	449	8.8	187	3.7	352	6.9	262	5.1	76	1.5	0	72	12.20%	52	1	8	21	7	0	0	0	27
2024	23	Dalton Schultz	HOU	17	53	532	10	318	6	689	13	214	4	62	1.2	0	85	15.50%	57	4	7	20	5	1	0	0	32
2024	24	Austin Hooper	NE	17	45	476	10.6	251	5.6	345	7.7	225	5	70	1.6	3	59	11.80%	47	1	8	17	5	1	0	0	38
2024	25	Dallas Goedert	PHI	10	42	496	12.3	260	6	373	8.7	270	6.3	73	1.7	2	52	12.40%	44	1	9	18	7	5	2	1	61
2024	25	Chig Okonkwo	TEN	17	52	479	9.2	230	4.4	427	8.2	249	4.8	113	2.2	5	70	13.80%	55	3	5	15	4	1	1	1	70
2024	27	Will Dissly	LAC	15	50	481	9.6	178	3.6	295	5.9	303	6.1	100	2	4	64	13.00%	54	4	8	20	5	0	0	0	29
2024	28	Dalton Kincaid	BUF	13	44	448	10.2	174	4	565	12.8	274	6.2	101	2.3	4	75	15.20%	50	6	10	18	5	0	0	0	29
2024	29	Noah Fant	SEA	14	48	500	10.4	223	4.6	344	7.2	277	5.8	85	1.8	2	64	11.20%	49	1	5	25	3	1	0	0	32
2024	30	Brenton Strange	JAC	17	40	411	10.3	228	5.7	341	8.5	183	4.6	97	2.4	3	53	10.20%	43	3	6	15	7	1	0	0	30
2024	30	Jordan Akins	CLE	16	40	390	9.8	213	5.3	349	8.7	177	4.4	60	1.5	1	58	9.10%	41	1	7	18	3	0	0	0	21
2024	32	AJ Barner	SEA	17	30	245	8.2	81	2.7	136	4.5	164	5.5	49	1.6	1	38	6.70%	33	3	7	11	1	0	0	0	20
2024	33	T.J. Hockenson	MIN	10	41	455	11.1	310	7.6	520	12.7	145	3.5	39	1	1	62	12.00%	43	2	8	19	5	1	0	0	34
2024	34	Jake Ferguson	DAL	14	59	494	8.4	185	3.1	351	5.9	309	5.2	119	2	6	86	13.80%	62	3	4	18	6	0	0	0	27
2024	35	Josh Oliver	MIN	15	22	258	11.7	129	5.9	218	9.9	129	5.9	25	1.1	0	28	5.40%	24	2	3	11	5	0	0	0	28
2024	36	Evan Engram	JAC	9	47	365	7.8	215	4.6	348	7.4	150	3.2	39	0.8	0	64	12.30%	51	4	3	15	2	0	0	0	24
2024	37	Ja'Tavion Sanders	CAR	16	33	342	10.4	152	4.6	268	8.1	190	5.8	61	1.8	1	43	8.30%	35	2	5	13	6	1	1	0	46
2024	38	Theo Johnson	NYG	12	29	331	11.4	182	6.3	288	9.9	149	5.1	29	1	1	43	7.80%	34	5	1	15	4	1	0	0	35
2024	39	Dawson Knox	BUF	16	22	311	14.1	217	9.9	290	13.2	94	4.3	27	1.2	0	33	6.70%	23	1	4	11	7	2	0	0	39
2024	40	Grant Calcaterra	PHI	17	24	298	12.4	172	7.2	220	9.2	126	5.3	12	0.5	0	30	7.20%	24	0	2	11	6	2	0	0	34
2024	41	Colby Parkinson	LAR	17	30	294	9.8	134	4.5	258	8.6	160	5.3	38	1.3	1	49	9.10%	32	2	9	11	2	0	0	0	23
2024	42	Tommy Tremble	CAR	12	23	234	10.2	109	4.7	182	7.9	125	5.4	56	2.4	1	32	6.20%	24	1	3	9	2	1	0	0	38
2024	42	Josh Whyle	TEN	17	28	248	8.9	105	3.8	209	7.5	143	5.1	36	1.3	1	37	7.30%	28	1	4	9	3	1	0	0	33
2024	44	Nick Vannett	TEN	13	17	135	7.9	25	1.5	25	1.5	110	6.5	20	1.2	0	20	3.90%	17	0	5	3	1	0	0	0	24
2024	45	Adam Trautman	DEN	17	13	188	14.5	90	6.9	122	9.4	98	7.5	5	0.4	0	22	4.00%	14	1	4	8	2	2	0	0	37
2024	46	Luke Schoonmaker	DAL	17	27	241	8.9	144	5.3	198	7.3	97	3.6	35	1.3	0	36	5.80%	27	0	1	9	3	0	0	0	24
2024	46	Nate Adkins	DEN	17	14	115	8.2	39	2.8	62	4.4	76	5.4	16	1.1	1	15	2.70%	14	0	4	5	0	0	0	0	16
2024	48	Elijah Higgins	ARI	17	20	172	8.6	82	4.1	108	5.4	90	4.5	38	1.9	3	24	4.60%	21	1	3	7	1	0	0	0	23
2024	49	Johnny Mundt	MIN	15	19	142	7.5	59	3.1	110	5.8	83	4.4	15	0.8	2	27	5.20%	21	2	5	5	1	0	0	0	20
2024	49	Darnell Washington	PIT	17	19	200	10.5	74	3.9	108	5.7	126	6.6	52	2.7	2	25	5.40%	19	0	2	8	3	0	0	0	29
2024	51	Payne Durham	TB	16	11	115	10.5	91	8.3	124	11.3	24	2.2	8	0.7	0	14	2.50%	11	0	2	3	2	1	0	0	31
2024	52	Brock Wright	DET	17	13	100	7.7	25	1.9	81	6.2	75	5.8	17	1.3	1	16	3.10%	13	0	5	5	0	0	0	0	16
2024	53	Mo Alie-Cox	IND	17	12	147	12.3	98	8.2	211	17.6	49	4.1	19	1.6	0	22	4.50%	13	1	6	7	2	0	0	0	22
2024	54	Tanner Hudson	CIN	11	19	154	8.1	57	3	98	5.2	97	5.1	29	1.5	0	23	3.70%	20	1	3	6	0	0	0	0	19
2024	55	Charlie Kolar	BAL	13	9	131	14.6	55	6.1	69	7.7	76	8.4	5	0.6	0	11	2.40%	9	0	1	3	2	2	1	1	55
2024	55	Cade Stover	HOU	15	15	133	8.9	39	2.6	118	7.9	94	6.3	34	2.3	2	22	4.00%	16	1	3	7	1	0	0	0	27
2024	55	Stone Smartt	LAC	9	16	208	13	142	8.9	192	12	66	4.1	13	0.8	0	19	3.90%	18	2	0	8	4	2	0	0	31
2024	55	Tyler Higbee	LAR	3	8	66	8.3	18	2.3	26	3.3	48	6	14	1.8	0	12	2.20%	8	0	5	3	0	0	0	0	17
2024	59	Kylen Granson	IND	16	14	182	13	73	5.2	349	24.9	109	7.8	11	0.8	0	31	6.30%	15	1	5	7	3	1	1	0	40
2024	60	Drew Ogletree	IND	17	9	109	12.1	59	6.6	150	16.7	50	5.6	13	1.4	0	14	2.80%	10	1	3	5	3	0	0	0	22
2024	60	Drew Sample	CIN	17	20	109	5.5	28	1.4	34	1.7	81	4.1	19	1	1	22	3.50%	20	0	2	3	0	0	0	0	12
2024	62	Erick All Jr.	CIN	9	20	158	7.9	71	3.6	74	3.7	87	4.4	22	1.1	1	22	3.50%	21	1	1	5	1	0	0	0	28
2024	62	Eric Saubert	SF	13	11	97	8.8	62	5.6	88	8	35	3.2	2	0.2	0	14	2.70%	12	1	3	5	0	0	0	0	17
2024	62	Michael Mayer	LV	11	21	156	7.4	95	4.5	197	9.4	61	2.9	25	1.2	2	32	5.40%	23	2	6	5	1	0	0	0	29
2024	65	Lucas Krull	DEN	13	19	152	8	85	4.5	118	6.2	67	3.5	24	1.3	2	23	4.20%	19	0	0	7	1	0	0	0	23
2024	66	Daniel Bellinger	NYG	17	14	125	8.9	72	5.1	87	6.2	53	3.8	14	1	0	17	3.10%	14	0	0	6	0	0	0	0	17
2024	67	Blake Whiteheart	CLE	11	6	51	8.5	41	6.8	81	13.5	10	1.7	6	1	0	9	1.40%	6	0	2	1	1	0	0	0	29
2024	67	Kenny Yeboah	NYJ	7	5	47	9.4	13	2.6	37	7.4	34	6.8	2	0.4	0	8	1.40%	6	2	1	3	0	0	0	0	13
2024	69	Jeremy Ruckert	NYJ	17	18	105	5.8	21	1.2	96	5.3	84	4.7	23	1.3	0	28	4.80%	20	2	3	4	0	0	0	0	12
2024	69	Connor Heyward	PIT	17	6	40	6.7	33	5.5	67	11.2	7	1.2	0	0	0	8	1.70%	8	2	1	1	0	0	0	0	16
2024	69	MyCole Pruitt	PIT	8	6	40	6.7	24	4	27	4.5	16	2.7	8	1.3	0	10	2.20%	6	0	1	2	0	0	0	0	18
2024	69	Julian Hill	MIA	16	12	100	8.3	42	3.5	120	10	58	4.8	28	2.3	3	19	3.30%	14	2	5	5	0	0	0	0	17
2024	69	Quintin Morris	BUF	10	5	36	7.2	14	2.8	74	14.8	22	4.4	3	0.6	0	8	1.60%	6	1	1	1	0	0	0	0	14
2024	74	Chris Manhertz	NYG	17	3	30	10	11	3.7	15	5	19	6.3	2	0.7	0	4	0.70%	3	0	1	2	0	0	0	0	16
2024	74	Devin Culp	TB	5	5	88	17.6	57	11.4	73	14.6	31	6.2	18	3.6	0	6	1.10%	5	0	2	4	2	0	0	0	26
2024	74	Brevyn Spann-Ford	DAL	17	9	88	9.8	35	3.9	82	9.1	53	5.9	9	1	0	14	2.30%	9	0	2	4	0	0	0	0	18
2024	74	Ben Sinnott	WAS	17	5	28	5.6	9	1.8	9	1.8	19	3.8	7	1.4	0	5	1.00%	5	0	1	1	0	0	0	0	12
2024	74	Harrison Bryant	LV	6	9	86	9.6	15	1.7	41	4.6	71	7.9	21	2.3	2	12	2.00%	9	0	0	4	0	0	0	0	18
2024	79	Hayden Hurst	LAC	7	8	73	9.1	53	6.6	62	7.8	20	2.5	5	0.6	0	13	2.60%	10	2	3	1	1	0	0	0	27
2024	79	Luke Farrell	JAC	12	12	67	5.6	37	3.1	82	6.8	30	2.5	17	1.4	1	17	3.30%	13	1	1	1	0	0	0	0	11
2024	81	John Bates	WAS	17	8	84	10.5	35	4.4	63	7.9	49	6.1	13	1.6	1	13	2.60%	9	1	1	3	1	0	0	0	20
2024	81	Hunter Long	LAR	11	7	60	8.6	30	4.3	31	4.4	30	4.3	10	1.4	0	9	1.70%	8	1	0	1	0	0	0	0	18
2024	83	Durham Smythe	MIA	14	9	53	5.9	37	4.1	94	10.4	16	1.8	1	0.1	0	17	3.00%	10	1	3	0	0	0	0	0	8
2024	83	Peyton Hendershot	KC	5	5	51	10.2	19	3.8	19	3.8	32	6.4	13	2.6	0	5	0.90%	5	0	1	3	0	0	0	0	15
2024	83	Charlie Woerner	ATL	16	7	46	6.6	25	3.6	35	5	21	3	5	0.7	0	12	2.20%	8	1	0	2	0	0	0	0	13
2024	83	Pharaoh Brown	SEA	10	8	65	8.1	35	4.4	50	6.3	30	3.8	13	1.6	1	12	2.10%	9	1	1	2	0	0	0	0	17
2024	83	Luke Musgrave	GB	7	7	45	6.4	27	3.9	66	9.4	18	2.6	3	0.4	0	10	2.20%	7	0	1	1	0	0	0	0	19
2024	88	Ben Sims	GB	17	4	42	10.5	26	6.5	40	10	16	4	1	0.3	0	5	1.10%	4	0	2	2	1	0	0	0	28
2024	88	Davis Allen	LAR	14	6	39	6.5	18	3	50	8.3	21	3.5	6	1	0	13	2.40%	8	2	5	2	0	0	0	0	13
2024	88	Tucker Fisk	LAC	9	7	39	5.6	18	2.6	20	2.9	21	3	6	0.9	0	8	1.60%	7	0	1	1	0	0	0	0	10
2024	88	Tip Reiman	ARI	17	6	37	6.2	8	1.3	12	2	29	4.8	19	3.2	1	7	1.30%	6	0	0	1	0	0	0	0	14
2024	88	Gerald Everett	CHI	10	8	36	4.5	-5	-0.6	36	4.5	41	5.1	12	1.5	2	13	2.50%	9	1	2	1	0	0	0	0	17
2024	93	Will Mallory	IND	10	4	29	7.3	25	6.3	69	17.3	4	1	2	0.5	1	8	1.60%	4	0	0	1	0	0	0	0	10
2024	93	Greg Dulcich	NYG	9	5	28	5.6	13	2.6	71	14.2	15	3	4	0.8	0	12	2.20%	7	2	1	0	0	0	0	0	9
2024	93	Cam Grandy	CIN	8	5	28	5.6	12	2.4	12	2.4	16	3.2	7	1.4	0	5	0.80%	5	0	2	0	0	0	0	0	9
2024	96	Dallin Holker	NO	12	3	21	7	8	2.7	36	12	13	4.3	2	0.7	0	4	0.80%	3	0	0	1	0	0	0	0	10
2024	96	Tanner Conner	MIA	7	3	16	5.3	11	3.7	46	15.3	5	1.7	2	0.7	0	4	0.70%	3	0	1	1	0	0	0	0	11
2024	98	Josiah Deguara	JAC	7	3	14	4.7	2	0.7	2	0.7	12	4	6	2	0	3	0.60%	3	0	2	0	0	0	0	0	8
2024	98	Eric Tomlinson	LAC	5	2	9	4.5	-3	-1.5	8	4	12	6	5	2.5	1	4	0.80%	4	1	1	0	0	0	0	0	7
2024	98	Ian Thomas	CAR	3	3	7	2.3	1	0.3	25	8.3	6	2	1	0.3	0	6	1.20%	4	1	1	0	0	0	0	0	3
2023	1	Sam LaPorta	DET	17	86	889	10.3	531	6.2	851	9.9	358	4.2	120	1.4	9	120	20.90%	91	5	15	35	8	5	2	0	48
2023	2	George Kittle	SF	16	65	1,020	15.7	537	8.3	852	13.1	483	7.4	154	2.4	5	90	19.10%	71	4	12	40	18	8	3	2	66
2023	3	Travis Kelce	KC	15	93	984	10.6	514	5.5	807	8.7	470	5.1	95	1	4	121	20.20%	101	7	19	39	12	2	2	1	53
2023	4	T.J. Hockenson	MIN	15	95	960	10.1	624	6.6	976	10.3	336	3.5	115	1.2	4	127	21.00%	99	4	10	40	13	0	0	0	29
2023	5	David Njoku	CLE	16	81	882	10.9	283	3.5	551	6.8	599	7.4	271	3.3	10	123	20.60%	93	11	17	29	12	7	2	0	43
2023	6	Evan Engram	JAC	17	114	963	8.4	447	3.9	716	6.3	516	4.5	154	1.4	5	143	23.60%	122	7	9	40	9	1	0	0	34
2023	7	Taysom Hill	NO	16	33	291	8.8	158	4.8	209	6.3	133	4	42	1.3	3	40	6.90%	35	1	4	10	2	1	0	0	36
2023	8	Cole Kmet	CHI	17	73	719	9.8	429	5.9	547	7.5	290	4	101	1.4	4	90	18.90%	75	1	15	25	9	2	2	1	53
2023	9	Jake Ferguson	DAL	17	71	761	10.7	336	4.7	521	7.3	425	6	169	2.4	6	102	16.90%	77	5	23	36	8	3	1	0	40
2023	10	Trey McBride	ARI	17	81	825	10.2	405	5	652	8	420	5.2	137	1.7	10	106	19.60%	84	3	11	35	9	2	0	0	38
2023	11	Dalton Schultz	HOU	15	59	635	10.8	376	6.4	649	11	259	4.4	100	1.7	8	88	15.50%	62	3	13	26	7	1	0	0	31
2023	12	Mark Andrews	BAL	10	45	544	12.1	327	7.3	443	9.8	217	4.8	92	2	4	61	12.80%	50	3	14	23	8	3	0	0	38
2023	13	Kyle Pitts Sr.	ATL	17	53	667	12.6	533	10.1	1,029	19.4	134	2.5	30	0.6	0	90	17.70%	57	4	5	32	7	3	0	0	39
2023	14	Hunter Henry	NE	14	42	419	10	341	8.1	524	12.5	78	1.9	35	0.8	2	61	11.30%	45	3	6	16	2	0	0	0	24
2023	15	Dallas Goedert	PHI	14	59	592	10	273	4.6	449	7.6	319	5.4	101	1.7	2	83	15.80%	61	2	10	24	6	1	1	0	49
2023	15	Dalton Kincaid	BUF	16	73	673	9.2	358	4.9	538	7.4	315	4.3	66	0.9	3	91	16.70%	78	4	9	23	5	1	1	1	51
2023	17	Jonnu Smith	ATL	17	50	582	11.6	225	4.5	459	9.2	357	7.1	118	2.4	6	70	13.80%	54	4	9	25	4	3	2	2	60
2023	18	Logan Thomas	WAS	16	55	496	9	267	4.9	477	8.7	229	4.2	58	1.1	1	78	13.00%	57	2	9	17	3	0	0	0	29
2023	19	Isaiah Likely	BAL	17	30	411	13.7	195	6.5	249	8.3	216	7.2	106	3.5	6	40	8.40%	33	3	7	16	6	3	1	1	54
2023	20	Cade Otton	TB	17	47	455	9.7	232	4.9	452	9.6	223	4.7	53	1.1	4	67	12.20%	50	3	10	15	6	0	0	0	27
2023	21	Tyler Conklin	NYJ	17	61	621	10.2	375	6.1	595	9.8	246	4	83	1.4	2	87	15.50%	63	2	9	21	7	2	0	0	37
2023	21	Tyler Higbee	LAR	15	47	495	10.5	249	5.3	406	8.6	246	5.2	56	1.2	2	70	12.60%	55	7	5	20	6	2	0	0	33
2023	23	Darren Waller	NYG	12	52	552	10.6	341	6.6	592	11.4	211	4.1	45	0.9	0	74	15.30%	55	3	4	21	8	0	0	0	29
2023	23	Juwan Johnson	NO	13	37	368	9.9	223	6	437	11.8	145	3.9	36	1	3	59	10.20%	40	3	7	14	7	1	0	0	32
2023	25	Gerald Everett	LAC	15	51	411	8.1	136	2.7	282	5.5	275	5.4	119	2.3	9	70	11.40%	53	2	10	16	4	1	0	0	31
2023	26	Chig Okonkwo	TEN	17	54	528	9.8	268	5	529	9.8	260	4.8	76	1.4	5	77	16.10%	61	6	6	25	6	1	0	0	39
2023	27	Donald Parham Jr.	LAC	14	27	285	10.6	159	5.9	306	11.3	126	4.7	67	2.5	1	41	6.70%	30	3	10	15	2	0	0	0	24
2023	28	Tucker Kraft	GB	17	31	355	11.5	123	4	156	5	232	7.5	97	3.1	4	40	7.10%	31	0	7	10	5	2	1	0	43
2023	29	Pat Freiermuth	PIT	12	32	308	9.6	163	5.1	310	9.7	145	4.5	76	2.4	2	47	9.70%	33	0	6	11	3	0	0	0	29
2023	30	Michael Mayer	LV	14	27	304	11.3	140	5.2	227	8.4	164	6.1	64	2.4	3	40	7.50%	28	1	7	15	2	1	0	0	32
2023	31	Kylen Granson	IND	15	30	368	12.3	240	8	402	13.4	128	4.3	26	0.9	0	50	9.20%	33	3	5	14	5	2	2	0	46
2023	31	Noah Gray	KC	17	28	305	10.9	165	5.9	280	10	140	5	56	2	4	41	6.80%	30	1	3	12	4	2	0	0	34
2023	33	Noah Fant	SEA	17	32	414	12.9	237	7.4	298	9.3	177	5.5	56	1.8	1	43	7.90%	33	1	2	15	7	2	1	1	51
2023	33	Luke Musgrave	GB	11	34	352	10.4	183	5.4	344	10.1	169	5	28	0.8	0	46	8.20%	37	3	5	12	5	2	0	0	37
2023	33	Tanner Hudson	CIN	12	39	352	9	204	5.2	269	6.9	148	3.8	37	0.9	2	50	8.40%	40	1	3	15	3	0	0	0	26
2023	36	Adam Trautman	DEN	17	22	204	9.3	106	4.8	226	10.3	98	4.5	21	1	2	35	7.30%	22	0	13	7	2	0	0	0	24
2023	37	Tommy Tremble	CAR	16	23	194	8.4	99	4.3	204	8.9	95	4.1	40	1.7	3	32	6.00%	23	0	4	8	2	1	0	0	30
2023	37	Colby Parkinson	SEA	15	25	247	9.9	161	6.4	222	8.9	86	3.4	14	0.6	1	34	6.20%	27	2	8	8	5	0	0	0	27
2023	37	Durham Smythe	MIA	13	35	366	10.5	227	6.5	284	8.1	139	4	27	0.8	0	43	7.80%	37	1	4	16	3	0	0	0	22
2023	40	Mike Gesicki	NE	15	29	244	8.4	148	5.1	375	12.9	96	3.3	12	0.4	0	45	8.30%	29	0	6	11	0	0	0	0	18
2023	40	Mo Alie-Cox	IND	17	13	161	12.4	81	6.2	222	17.1	80	6.2	24	1.8	1	22	4.00%	14	1	3	8	2	2	0	0	35
2023	42	Brevin Jordan	HOU	13	17	219	12.9	95	5.6	115	6.8	124	7.3	19	1.1	1	21	3.70%	18	1	2	10	3	0	0	0	27
2023	43	Dawson Knox	BUF	12	22	186	8.5	90	4.1	253	11.5	96	4.4	24	1.1	1	36	6.60%	26	4	8	11	0	0	0	0	17
2023	44	Josh Oliver	MIN	17	22	213	9.7	51	2.3	72	3.3	162	7.4	36	1.6	1	28	4.60%	22	0	5	11	3	1	0	0	33
2023	45	Drew Sample	CIN	17	22	163	7.4	-10	-0.5	29	1.3	173	7.9	29	1.3	1	27	4.60%	23	1	3	7	1	0	0	0	22
2023	45	Jimmy Graham	NO	6	6	39	6.5	36	6	42	7	3	0.5	1	0.2	0	7	1.20%	7	1	5	1	0	0	0	0	12
2023	45	Andrew Beck	HOU	13	11	55	5	18	1.6	22	2	37	3.4	7	0.6	1	13	2.30%	11	0	4	1	1	0	0	0	26
2023	48	Drew Ogletree	IND	12	9	147	16.3	117	13	209	23.2	30	3.3	12	1.3	1	21	3.80%	10	1	2	7	4	1	0	0	33
2023	49	Daniel Bellinger	NYG	17	25	255	10.2	121	4.8	130	5.2	134	5.4	59	2.4	2	28	5.80%	26	1	0	7	4	0	0	0	26
2023	50	Foster Moreau	NO	15	21	193	9.2	97	4.6	122	5.8	96	4.6	21	1	1	25	4.30%	22	1	4	8	1	0	0	0	23
2023	50	Harrison Bryant	CLE	15	13	81	6.2	46	3.5	81	6.2	35	2.7	11	0.8	1	20	3.40%	15	2	5	1	1	0	0	0	23
2023	50	Pharaoh Brown	NE	11	13	208	16	87	6.7	104	8	121	9.3	45	3.5	2	15	2.80%	13	0	0	7	5	1	1	1	58
2023	50	Zach Ertz	ARI	7	27	187	6.9	141	5.2	332	12.3	46	1.7	5	0.2	0	43	8.00%	29	2	7	7	0	0	0	0	17
2023	54	Hayden Hurst	CAR	10	18	184	10.2	117	6.5	242	13.4	67	3.7	15	0.8	1	32	6.00%	20	2	3	5	1	1	1	0	48
2023	55	Austin Hooper	LV	16	25	234	9.4	92	3.7	130	5.2	142	5.7	50	2	2	31	5.80%	26	1	3	10	2	0	0	0	21
2023	55	Will Dissly	SEA	13	17	172	10.1	52	3.1	62	3.6	120	7.1	44	2.6	3	22	4.00%	18	1	2	7	2	0	0	0	21
2023	55	Johnny Mundt	MIN	11	17	172	10.1	78	4.6	114	6.7	94	5.5	27	1.6	1	23	3.80%	18	0	4	7	2	1	0	0	32
2023	58	Elijah Higgins	ARI	11	14	163	11.6	96	6.9	128	9.1	67	4.8	17	1.2	0	19	3.50%	15	2	2	7	3	0	0	0	26
2023	58	Stone Smartt	LAC	12	11	155	14.1	99	9	180	16.4	56	5.1	40	3.6	1	21	3.40%	12	1	2	4	3	1	1	1	51
2023	60	Will Mallory	IND	12	18	207	11.5	118	6.6	203	11.3	89	4.9	23	1.3	0	26	4.80%	18	0	1	9	1	1	1	0	43
2023	61	Luke Schoonmaker	DAL	17	8	65	8.1	38	4.8	81	10.1	27	3.4	13	1.6	1	15	2.50%	11	3	5	4	0	0	0	0	18
2023	62	MyCole Pruitt	ATL	11	9	110	12.2	59	6.6	62	6.9	51	5.7	19	2.1	1	12	2.40%	9	0	3	6	2	0	0	0	22
2023	62	Connor Heyward	PIT	17	23	167	7.3	73	3.2	175	7.6	94	4.1	21	0.9	1	34	7.00%	25	2	3	9	0	0	0	0	13
2023	64	Irv Smith Jr.	CIN	11	18	115	6.4	49	2.7	105	5.8	66	3.7	20	1.1	0	26	4.40%	21	3	5	4	0	0	0	0	14
2023	64	Lucas Krull	DEN	7	8	95	11.9	45	5.6	133	16.6	50	6.3	19	2.4	0	14	2.90%	8	0	2	3	1	1	0	0	35
2023	64	Luke Farrell	JAC	10	13	155	11.9	59	4.5	71	5.5	96	7.4	21	1.6	1	15	2.50%	13	0	1	4	2	1	1	0	42
2023	64	Davis Allen	LAR	15	10	95	9.5	21	2.1	24	2.4	74	7.4	11	1.1	0	11	2.00%	11	1	2	4	1	0	0	0	21
2023	68	Josh Whyle	TEN	11	9	94	10.4	54	6	147	16.3	40	4.4	15	1.7	1	15	3.10%	10	1	5	5	1	0	0	0	24
2023	68	Brock Wright	DET	14	13	91	7	42	3.2	40	3.1	49	3.8	12	0.9	0	14	2.40%	13	0	1	1	1	0	0	0	25
2023	68	Jeremy Ruckert	NYJ	15	16	151	9.4	100	6.3	139	8.7	51	3.2	14	0.9	0	22	3.90%	17	1	0	5	1	0	0	0	23
2023	68	John Bates	WAS	17	19	151	7.9	86	4.5	182	9.6	65	3.4	26	1.4	1	28	4.70%	22	3	3	5	1	1	0	0	35
2023	68	Charlie Kolar	BAL	14	7	87	12.4	70	10	88	12.6	17	2.4	3	0.4	0	9	1.90%	9	2	2	5	0	0	0	0	19
2023	73	Jordan Akins	CLE	13	15	132	8.8	74	4.9	109	7.3	58	3.9	24	1.6	3	23	3.90%	17	2	0	5	1	0	0	0	28
2023	73	Stephen Sullivan	CAR	11	12	125	10.4	117	9.8	255	21.3	8	0.7	1	0.1	0	24	4.50%	13	1	0	5	1	0	0	0	20
2023	75	Cole Turner	WAS	12	11	120	10.9	70	6.4	105	9.5	50	4.5	19	1.7	0	15	2.50%	12	1	4	4	2	0	0	0	29
2023	75	C.J. Uzomah	NYJ	8	8	58	7.3	25	3.1	64	8	33	4.1	19	2.4	2	12	2.10%	9	1	4	1	0	0	0	0	19
2023	77	Robert Tonyan	CHI	12	11	112	10.2	55	5	145	13.2	57	5.2	12	1.1	1	17	3.60%	13	2	2	5	1	0	0	0	24
2023	78	Brenton Strange	JAC	14	5	35	7	7	1.4	68	13.6	28	5.6	3	0.6	0	9	1.50%	6	0	4	2	0	0	0	0	17
2023	78	Geoff Swaim	ARI	9	10	94	9.4	64	6.4	60	6	30	3	10	1	0	11	2.00%	10	0	2	3	1	0	0	0	26
2023	78	Marcedes Lewis	CHI	6	4	29	7.3	0	0	9	2.3	29	7.3	7	1.8	0	5	1.00%	4	0	2	1	0	0	0	0	16
2023	81	Ben Sims	GB	16	4	21	5.3	3	0.8	30	7.5	18	4.5	12	3	0	6	1.10%	4	0	2	1	0	0	0	0	12
2023	81	Brycen Hopkins	LAR	5	5	78	15.6	46	9.2	66	13.2	32	6.4	13	2.6	1	7	1.30%	5	0	1	3	2	0	0	0	29
2023	83	Blake Bell	KC	7	5	26	5.2	7	1.4	30	6	19	3.8	5	1	0	9	1.50%	6	1	1	0	0	0	0	0	8
2023	83	Josiah Deguara	GB	9	8	65	8.1	26	3.3	26	3.3	39	4.9	15	1.9	0	8	1.40%	8	0	0	2	0	0	0	0	19
2023	85	Ko Kieft	TB	16	1	2	2	0	0	61	61	2	2	1	1	0	5	0.90%	1	0	2	0	0	0	0	0	2
2023	85	Darnell Washington	PIT	17	7	61	8.7	11	1.6	11	1.6	50	7.1	21	3	1	10	2.10%	7	0	1	3	0	0	0	0	12
2023	85	Payne Durham	TB	13	5	58	11.6	42	8.4	69	13.8	16	3.2	0	0	0	7	1.30%	7	2	1	2	1	0	0	0	25
2023	85	Mitchell Wilcox	CIN	12	9	56	6.2	8	0.9	12	1.3	48	5.3	9	1	0	12	2.00%	10	1	2	3	0	0	0	0	12
2023	85	Ian Thomas	CAR	8	5	56	11.2	23	4.6	78	15.6	33	6.6	15	3	1	9	1.70%	6	1	1	1	1	0	0	0	28
2023	90	Grant Calcaterra	PHI	14	4	39	9.8	7	1.8	7	1.8	32	8	14	3.5	1	4	0.80%	4	0	1	2	0	0	0	0	12
2023	90	Jack Stoll	PHI	7	5	38	7.6	13	2.6	25	5	25	5	11	2.2	1	8	1.50%	6	1	2	2	0	0	0	0	14
2023	90	Peyton Hendershot	DAL	8	4	38	9.5	10	2.5	27	6.8	28	7	7	1.8	0	7	1.20%	6	2	2	1	1	0	0	0	24
2023	93	Charlie Woerner	SF	10	3	32	10.7	12	4	12	4	20	6.7	9	3	0	3	0.60%	3	0	1	1	1	0	0	0	20
2023	93	Kenny Yeboah	NYJ	3	2	28	14	8	4	19	9.5	20	10	7	3.5	1	4	0.70%	2	0	0	1	1	0	0	0	20
2023	93	Julian Hill	MIA	15	6	48	8	18	3	29	4.8	30	5	16	2.7	0	9	1.60%	6	0	1	2	0	0	0	0	18
2023	93	Greg Dulcich	DEN	2	3	25	8.3	20	6.7	23	7.7	5	1.7	0	0	0	4	0.80%	3	0	0	1	0	0	0	0	13
2023	97	Nate Adkins	DEN	10	4	22	5.5	-2	-0.5	-5	-1.3	24	6	5	1.3	0	5	1.00%	5	1	0	1	0	0	0	0	11
2023	97	Chris Manhertz	DEN	7	2	16	8	6	3	12	6	10	5	4	2	0	4	0.80%	2	0	1	1	0	0	0	0	10
2023	99	Eric Saubert	HOU	3	3	12	4	6	2	6	2	6	2	1	0.3	0	3	0.50%	3	0	0	0	0	0	0	0	5
2022	1	Travis Kelce	KC	17	110	1,338	12.2	690	6.3	1,083	9.8	648	5.9	197	1.8	13	152	24.80%	119	8	30	54	19	7	2	1	52
2022	2	George Kittle	SF	15	60	765	12.8	383	6.4	555	9.3	382	6.4	137	2.3	4	86	17.10%	63	3	15	28	12	6	1	1	54
2022	3	Taysom Hill	NO	16	9	77	8.6	40	4.4	75	8.3	37	4.1	9	1	0	13	2.60%	10	1	3	3	1	1	0	0	30
2022	4	T.J. Hockenson	MIN	17	86	914	10.6	511	5.9	994	11.6	403	4.7	144	1.7	7	129	22.90%	93	7	18	37	5	3	2	2	81
2022	5	Mark Andrews	BAL	15	73	847	11.6	604	8.3	1,105	15.1	243	3.3	68	0.9	1	113	24.30%	81	8	17	39	7	1	0	0	36
2022	6	Evan Engram	JAC	17	73	766	10.5	301	4.1	614	8.4	465	6.4	102	1.4	5	98	17.10%	78	5	8	31	10	1	0	0	36
2022	7	Cole Kmet	CHI	17	50	544	10.9	258	5.2	463	9.3	286	5.7	68	1.4	3	69	19.20%	52	2	10	23	6	1	1	1	50
2022	8	Juwan Johnson	NO	16	42	508	12.1	326	7.8	583	13.9	182	4.3	63	1.5	1	65	13.20%	45	3	11	23	8	1	1	0	41
2022	9	Dawson Knox	BUF	15	48	517	10.8	324	6.8	512	10.7	193	4	61	1.3	3	65	11.70%	53	4	9	21	8	1	1	0	45
2022	10	Dallas Goedert	PHI	12	55	702	12.8	282	5.1	424	7.7	420	7.6	72	1.3	2	69	13.70%	56	1	8	34	11	1	0	0	31
2022	10	Dalton Schultz	DAL	15	57	577	10.1	373	6.5	645	11.3	204	3.6	58	1	5	89	16.30%	63	6	16	24	5	1	0	0	30
2022	12	Pat Freiermuth	PIT	15	63	732	11.6	441	7	813	12.9	291	4.6	126	2	6	98	17.90%	67	4	10	31	9	2	1	1	57
2022	13	David Njoku	CLE	14	58	628	10.8	290	5	522	9	338	5.8	82	1.4	3	80	15.80%	61	3	20	26	8	2	0	0	38
2022	14	Gerald Everett	LAC	15	58	555	9.6	229	3.9	491	8.5	326	5.6	100	1.7	5	87	12.70%	68	9	15	26	4	0	0	0	26
2022	15	Tyler Higbee	LAR	16	72	620	8.6	216	3	327	4.5	404	5.6	109	1.5	3	108	20.90%	81	7	16	21	4	0	0	0	26
2022	15	Jordan Akins	HOU	15	37	495	13.4	225	6.1	332	9	270	7.3	80	2.2	1	54	9.70%	40	3	11	20	8	4	1	0	46
2022	17	Tyler Conklin	NYJ	17	58	552	9.5	259	4.5	594	10.2	293	5.1	58	1	2	87	14.80%	65	4	4	18	6	1	0	0	30
2022	18	Noah Fant	SEA	17	50	486	9.7	265	5.3	406	8.1	221	4.4	31	0.6	0	63	11.40%	51	1	8	20	4	2	1	1	51
2022	19	Zach Ertz	ARI	10	47	406	8.6	276	5.9	548	11.7	130	2.8	21	0.4	2	69	10.90%	51	3	15	16	2	1	0	0	32
2022	20	Mike Gesicki	MIA	17	32	362	11.3	265	8.3	490	15.3	97	3	22	0.7	1	52	9.30%	36	3	12	16	5	2	0	0	32
2022	21	Chig Okonkwo	TEN	17	32	450	14.1	196	6.1	351	11	254	7.9	112	3.5	3	46	10.60%	35	3	6	21	7	4	3	0	48
2022	22	Hunter Henry	NE	16	41	509	12.4	306	7.5	456	11.1	203	5	22	0.5	0	59	11.40%	45	3	7	18	10	5	0	0	39
2022	23	Robert Tonyan	GB	17	53	470	8.9	242	4.6	390	7.4	228	4.3	33	0.6	2	67	12.40%	54	1	6	17	6	0	0	0	24
2022	24	Darren Waller	LV	9	28	388	13.9	308	11	581	20.8	80	2.9	14	0.5	0	43	7.70%	31	3	11	17	9	2	0	0	34
2022	25	Austin Hooper	TEN	17	41	444	10.8	310	7.6	469	11.4	134	3.3	34	0.8	1	60	13.80%	42	1	6	19	2	0	0	0	24
2022	25	Hayden Hurst	CIN	14	54	439	8.1	237	4.4	334	6.2	202	3.7	62	1.1	5	70	11.70%	56	2	9	13	5	0	0	0	29
2022	27	Isaiah Likely	BAL	15	36	373	10.4	222	6.2	405	11.3	151	4.2	42	1.2	5	60	12.90%	42	6	11	17	4	1	0	0	34
2022	28	Greg Dulcich	DEN	10	33	411	12.5	256	7.8	631	19.1	155	4.7	27	0.8	1	55	10.20%	35	2	2	15	6	3	0	0	39
2022	28	Will Dissly	SEA	15	34	349	10.3	165	4.9	206	6.1	184	5.4	46	1.4	2	38	6.90%	36	2	6	17	1	1	0	0	38
2022	30	Foster Moreau	LV	14	33	420	12.8	185	5.6	438	13.3	237	7.2	65	2	2	54	9.70%	39	6	5	21	7	3	0	0	33
2022	31	Cade Otton	TB	16	42	391	9.3	217	5.2	320	7.6	174	4.1	59	1.4	2	65	9.00%	47	5	15	17	4	1	0	0	35
2022	32	Jelani Woods	IND	14	25	312	12.5	192	7.7	398	15.9	120	4.8	46	1.8	1	40	6.90%	28	3	6	14	4	2	0	0	36
2022	33	Kyle Pitts Sr.	ATL	10	28	356	12.7	230	8.2	816	29.1	126	4.5	41	1.5	0	59	14.80%	33	3	5	15	5	1	0	0	33
2022	34	Brock Wright	DET	16	18	216	12	51	2.8	72	4	165	9.2	11	0.6	0	24	4.30%	22	4	5	9	3	1	1	1	51
2022	35	Daniel Bellinger	NYG	12	30	268	8.9	124	4.1	140	4.7	144	4.8	15	0.5	0	35	7.20%	31	1	6	12	2	0	0	0	24
2022	36	Colby Parkinson	SEA	14	25	322	12.9	172	6.9	278	11.1	150	6	8	0.3	0	34	6.10%	25	0	5	13	5	3	0	0	39
2022	37	Noah Gray	KC	17	28	299	10.7	117	4.2	170	6.1	182	6.5	53	1.9	2	34	5.50%	29	1	4	15	3	0	0	0	27
2022	38	MyCole Pruitt	ATL	10	16	150	9.4	75	4.7	118	7.4	75	4.7	4	0.3	0	21	5.30%	18	1	8	5	2	0	0	0	29
2022	39	Logan Thomas	WAS	13	39	323	8.3	197	5.1	430	11	126	3.2	32	0.8	0	61	11.50%	40	1	7	13	2	0	0	0	27
2022	40	C.J. Uzomah	NYJ	14	21	232	11	127	6	196	9.3	105	5	20	1	2	27	4.60%	21	0	1	6	4	3	1	0	40
2022	40	Mo Alie-Cox	IND	14	19	189	9.9	90	4.7	151	7.9	99	5.2	28	1.5	2	28	4.80%	21	1	4	8	1	1	0	0	34
2022	42	Tommy Tremble	CAR	16	19	174	9.2	112	5.9	245	12.9	62	3.3	18	0.9	0	32	7.50%	20	1	7	7	1	0	0	0	29
2022	42	Trey McBride	ARI	14	29	265	9.1	148	5.1	237	8.2	117	4	32	1.1	0	39	6.10%	32	2	1	9	3	0	0	0	29
2022	44	Harrison Bryant	CLE	14	31	239	7.7	126	4.1	270	8.7	113	3.6	21	0.7	1	42	8.30%	35	5	8	8	1	1	0	0	30
2022	45	Kylen Granson	IND	13	31	302	9.7	178	5.7	259	8.4	124	4	44	1.4	0	40	6.90%	34	2	3	14	3	1	0	0	32
2022	45	Irv Smith Jr.	MIN	8	25	182	7.3	88	3.5	164	6.6	94	3.8	24	1	0	36	5.60%	27	2	6	8	0	0	0	0	17
2022	45	Shane Zylstra	DET	11	11	60	5.5	47	4.3	78	7.1	13	1.2	0	0	0	15	2.70%	11	0	4	2	0	0	0	0	14
2022	48	Jake Ferguson	DAL	13	19	174	9.2	50	2.6	77	4.1	124	6.5	50	2.6	2	22	4.00%	19	0	3	6	3	1	0	0	30
2022	48	Peyton Hendershot	DAL	12	11	103	9.4	56	5.1	109	9.9	47	4.3	9	0.8	0	16	2.90%	12	1	1	6	2	0	0	0	29
2022	50	Josh Oliver	BAL	12	14	149	10.6	75	5.4	208	14.9	74	5.3	14	1	1	25	5.40%	17	3	10	6	1	1	1	0	40
2022	50	Adam Trautman	NO	13	18	207	11.5	84	4.7	118	6.6	123	6.8	16	0.9	1	22	4.50%	19	1	3	10	2	0	0	0	22
2022	52	O.J. Howard	HOU	11	10	145	14.5	85	8.5	253	25.3	60	6	6	0.6	1	23	4.10%	10	0	3	6	4	0	0	0	26
2022	53	Jonnu Smith	NE	12	27	245	9.1	45	1.7	116	4.3	200	7.4	84	3.1	9	38	7.30%	29	2	4	7	3	1	1	1	53
2022	53	Durham Smythe	MIA	13	15	129	8.6	82	5.5	79	5.3	47	3.1	11	0.7	0	20	3.60%	15	0	3	4	1	0	0	0	26
2022	55	Connor Heyward	PIT	17	12	151	12.6	89	7.4	92	7.7	62	5.2	10	0.8	0	17	3.10%	12	0	3	4	2	1	1	0	45
2022	56	Teagan Quitoriano	HOU	7	7	113	16.1	60	8.6	165	23.6	53	7.6	11	1.6	0	14	2.50%	8	1	5	3	2	1	1	1	52
2022	57	Jody Fortson Jr.	KC	10	9	108	12	68	7.6	88	9.8	40	4.4	10	1.1	0	13	2.10%	9	0	5	4	2	1	1	0	40
2022	57	Eric Saubert	DEN	14	15	148	9.9	73	4.9	202	13.5	75	5	29	1.9	3	24	4.40%	17	2	3	5	3	0	0	0	25
2022	57	Marcedes Lewis	GB	7	6	66	11	52	8.7	58	9.7	14	2.3	5	0.8	0	7	1.30%	7	1	2	3	1	1	0	0	31
2022	60	Johnny Mundt	MIN	13	19	140	7.4	23	1.2	29	1.5	117	6.2	24	1.3	2	21	3.30%	21	2	3	8	0	0	0	0	17
2022	60	Mitchell Wilcox	CIN	9	17	139	8.2	65	3.8	81	4.8	74	4.4	22	1.3	1	18	3.00%	17	0	1	6	0	0	0	0	19
2022	60	Eric Tomlinson	DEN	9	9	79	8.8	35	3.9	59	6.6	44	4.9	8	0.9	0	13	2.40%	9	0	4	3	0	0	0	0	18
2022	60	Ian Thomas	CAR	14	21	197	9.4	15	0.7	69	3.3	182	8.7	23	1.1	2	30	7.00%	24	3	2	6	1	1	1	1	50
2022	64	Donald Parham Jr.	LAC	6	10	130	13	88	8.8	124	12.4	42	4.2	13	1.3	0	12	1.70%	10	0	2	5	2	0	0	0	24
2022	65	Cameron Brate	TB	9	20	174	8.7	113	5.7	265	13.3	61	3.1	7	0.4	2	38	5.20%	21	1	4	6	1	0	0	0	21
2022	65	James Mitchell	DET	8	11	113	10.3	51	4.6	51	4.6	62	5.6	7	0.6	0	11	2.00%	11	0	1	4	2	0	0	0	22
2022	65	John Bates	WAS	10	14	108	7.7	54	3.9	114	8.1	54	3.9	4	0.3	1	22	4.10%	16	2	2	3	1	0	0	0	20
2022	65	Ross Dwelley	SF	6	3	105	35	62	20.7	69	23	43	14.3	2	0.7	0	5	1.00%	3	0	0	3	2	2	1	1	56
2022	69	Albert Okwuegbunam Jr.	DEN	6	10	95	9.5	36	3.6	99	9.9	59	5.9	26	2.6	1	18	3.30%	12	2	1	4	1	0	0	0	25
2022	70	Ko Kieft	TB	15	7	80	11.4	49	7	57	8.1	31	4.4	8	1.1	0	10	1.40%	10	3	1	4	0	0	0	0	19
2022	70	Dan Arnold	JAC	11	9	135	15	60	6.7	82	9.1	75	8.3	8	0.9	0	13	2.30%	10	1	2	5	3	0	0	0	26
2022	72	Zach Gentry	PIT	14	19	132	6.9	30	1.6	64	3.4	102	5.4	15	0.8	0	23	4.20%	20	1	2	4	2	1	0	0	32
2022	72	Tanner Hudson	CIN	6	10	132	13.2	73	7.3	110	11	59	5.9	7	0.7	0	15	3.10%	11	1	0	7	1	0	0	0	27
2022	72	Brevin Jordan	HOU	9	14	128	9.1	43	3.1	198	14.1	85	6.1	16	1.1	0	28	5.00%	16	2	2	5	2	0	0	0	20
2022	72	Chris Myarick	NYG	10	7	65	9.3	27	3.9	23	3.3	38	5.4	10	1.4	1	8	1.60%	8	0	2	4	1	0	0	0	23
2022	76	Quintin Morris	BUF	9	8	84	10.5	51	6.4	82	10.3	33	4.1	1	0.1	0	11	2.00%	8	0	2	4	1	0	0	0	26
2022	76	Jack Stoll	PHI	10	11	123	11.2	74	6.7	90	8.2	49	4.5	6	0.5	0	14	2.80%	11	0	1	5	2	0	0	0	26
2022	76	Geoff Swaim	TEN	12	12	58	4.8	15	1.3	34	2.8	43	3.6	2	0.2	0	16	3.70%	15	3	5	1	0	0	0	0	13
2022	76	Pharaoh Brown	CLE	9	12	117	9.8	34	2.8	128	10.7	83	6.9	24	2	0	20	3.60%	13	1	2	6	1	1	0	0	30
2022	80	Josiah Deguara	GB	9	13	114	8.8	51	3.9	49	3.8	63	4.8	7	0.5	0	15	2.80%	15	2	1	4	1	0	0	0	25
2022	80	Brycen Hopkins	LAR	7	7	109	15.6	76	10.9	113	16.1	33	4.7	17	2.4	2	11	2.10%	8	1	1	6	2	0	0	0	22
2022	82	Anthony Firkser	ATL	8	9	100	11.1	80	8.9	97	10.8	20	2.2	0	0	0	13	3.30%	10	0	1	5	1	0	0	0	22
2022	82	Giovanni Ricci	CAR	11	8	100	12.5	42	5.3	49	6.1	58	7.3	25	3.1	0	9	2.10%	8	0	0	4	1	1	0	0	32
2022	84	Armani Rogers	WAS	9	5	64	12.8	7	1.4	13	2.6	57	11.4	10	2	0	6	1.10%	5	0	0	3	1	0	0	0	23
2022	84	Parker Hesse	ATL	12	9	89	9.9	53	5.9	65	7.2	36	4	4	0.4	0	11	2.80%	10	0	2	2	1	0	0	0	22
2022	84	Kyle Rudolph	TB	5	3	28	9.3	25	8.3	38	12.7	3	1	0	0	0	5	0.70%	4	0	2	1	0	0	0	0	12
2022	87	Grant Calcaterra	PHI	7	5	81	16.2	40	8	81	16.2	41	8.2	19	3.8	1	9	1.80%	6	1	2	4	1	1	1	0	40
2022	88	Tre' McKitty	LAC	13	10	72	7.2	20	2	57	5.7	52	5.2	10	1	0	18	2.60%	12	2	4	2	0	0	0	0	12
2022	88	Andrew Beck	DEN	9	5	69	13.8	22	4.4	46	9.2	47	9.4	9	1.8	0	11	2.00%	7	1	0	2	2	0	0	0	27
2022	90	Tyler Kroft	SF	6	4	57	14.3	43	10.8	70	17.5	14	3.5	2	0.5	0	5	1.00%	4	0	0	2	1	0	0	0	28
2022	90	Nick Vannett	NYG	7	6	55	9.2	23	3.8	31	5.2	32	5.3	1	0.2	0	9	1.80%	6	0	1	2	0	0	0	0	15
2022	92	Charlie Kolar	BAL	1	4	49	12.3	29	7.3	49	12.3	20	5	0	0	0	6	1.30%	4	0	1	3	0	0	0	0	15
2022	92	Stephen Sullivan	CAR	9	2	46	23	25	12.5	87	43.5	21	10.5	0	0	0	6	1.40%	2	0	0	2	1	1	0	0	33
2022	92	Trevon Wesco	CHI	6	2	26	13	14	7	23	11.5	12	6	2	1	0	4	1.10%	3	1	2	1	1	0	0	0	23
2022	95	Chris Manhertz	JAC	8	6	42	7	7	1.2	21	3.5	35	5.8	4	0.7	0	8	1.40%	7	1	1	2	1	0	0	0	21
2022	95	Luke Farrell	JAC	4	4	40	10	4	1	4	1	36	9	16	4	1	4	0.70%	4	0	0	3	0	0	0	0	15
2022	97	Ryan Griffin	CHI	10	4	26	6.5	17	4.3	53	13.3	9	2.3	3	0.8	0	8	2.20%	4	0	2	1	0	0	0	0	18
2022	97	Tyler Davis	GB	11	4	26	6.5	-1	-0.3	27	6.8	27	6.8	3	0.8	0	7	1.30%	4	0	0	1	1	0	0	0	23
2022	97	Ben Ellefson	MIN	2	3	26	8.7	15	5	15	5	11	3.7	0	0	0	3	0.50%	3	0	1	2	0	0	0	0	12
2022	100	Cole Turner	WAS	7	2	23	11.5	16	8	68	34	7	3.5	0	0	0	9	1.70%	4	0	1	1	0	0	0	0	18
2022	100	Jesper Horsted	LV	5	3	19	6.3	13	4.3	26	8.7	6	2	6	2	0	4	0.70%	3	0	0	0	0	0	0	0	9
2022	100	Maxx Williams	ARI	3	3	18	6	12	4	12	4	6	2	0	0	0	3	0.50%	3	0	0	0	0	0	0	0	7
2022	100	Stone Smartt	LAC	3	4	17	4.3	10	2.5	23	5.8	7	1.8	0	0	0	5	0.70%	4	0	0	0	0	0	0	0	8
2022	104	Stephen Anderson	ARI	9	3	9	3	3	1	36	12	6	2	1	0.3	0	7	1.10%	5	2	0	0	0	0	0	0	6
2022	104	Devin Asiasi	CIN	5	2	5	2.5	5	2.5	59	29.5	0	0	0	0	0	4	0.70%	2	0	0	0	0	0	0	0	6
2022	106	Richard Rodgers	LAC	3	1	4	4	1	1	-4	-4	3	3	3	3	1	4	0.60%	1	0	2	0	0	0	0	0	4