Year	RK	Player	Team	G	ATT	YDS	Y/ATT	YBCON	YBCON/ATT	YACON	YACON/ATT	BRKTKL	TK LOSS	TK LOSS YDS	LNG TD	10+ YDS	20+ YDS	30+ YDS	40+ YDS	50+ YDS	LNG	REC	TGT	RZ TGT	YACON
2025	1	Jonathan Taylor	IND	17	323	1,585	4.9	798	2.5	787	2.4	27	28	-54	83	36	9	5	4	3	83	46	55	4	103
2025	2	Christian McCaffrey	SF	17	311	1,202	3.9	728	2.3	474	1.5	10	30	-73	12	27	3	1	1	0	41	102	129	25	212
2025	3	Bijan Robinson	ATL	17	287	1,478	5.1	812	2.8	666	2.3	22	26	-64	93	36	8	4	2	2	93	79	103	12	209
2025	4	Jahmyr Gibbs	DET	17	243	1,223	5	819	3.4	404	1.7	18	27	-81	78	27	10	6	6	2	78	77	94	12	77
2025	5	James Cook III	BUF	17	309	1,621	5.2	935	3	686	2.2	21	14	-35	64	39	9	5	4	1	64	33	40	3	98
2025	6	Derrick Henry	BAL	17	307	1,595	5.2	866	2.8	729	2.4	13	22	-49	46	36	17	7	4	1	59	15	21	2	57
2025	7	De'Von Achane	MIA	16	238	1,350	5.7	631	2.7	719	3	22	23	-54	59	40	13	6	4	1	59	67	85	9	108
2025	8	Kyren Williams	LAR	17	259	1,252	4.8	737	2.8	515	2	22	12	-31	7	26	6	2	0	0	34	36	50	9	35
2025	9	Travis Etienne Jr.	JAC	17	260	1,107	4.3	562	2.2	545	2.1	10	26	-60	48	26	7	4	3	1	71	36	52	9	121
2025	10	Chase Brown	CIN	17	232	1,019	4.4	525	2.3	494	2.1	16	16	-36	12	24	6	2	0	0	37	69	88	11	124
2025	11	Javonte Williams	DAL	16	252	1,201	4.8	574	2.3	627	2.5	25	13	-27	30	26	6	3	1	1	66	35	51	12	46
2025	12	Josh Jacobs	GB	15	234	929	4	459	2	470	2	16	19	-37	40	23	3	1	1	0	40	36	44	6	101
2025	13	Saquon Barkley	PHI	16	280	1,140	4.1	689	2.5	451	1.6	18	41	-104	65	28	4	3	3	2	65	37	50	6	78
2025	13	D'Andre Swift	CHI	16	223	1,087	4.9	666	3	421	1.9	11	14	-32	22	30	5	0	0	0	25	34	48	1	65
2025	15	Ashton Jeanty	LV	17	266	975	3.7	419	1.6	556	2.1	24	45	-82	64	24	3	2	2	2	64	55	73	10	148
2025	16	Rico Dowdle	CAR	17	236	1,076	4.6	596	2.5	480	2	14	16	-29	5	24	5	2	2	1	53	39	50	4	66
2025	16	Jaylen Warren	PIT	16	211	958	4.5	461	2.2	497	2.4	23	17	-31	45	23	6	4	2	0	45	40	45	5	179
2025	18	Breece Hall	NYJ	16	243	1,065	4.4	618	2.5	447	1.8	12	33	-88	59	26	8	3	1	1	59	36	48	8	96
2025	19	TreVeyon Henderson	NE	17	180	911	5.1	549	3.1	362	2	11	19	-46	69	18	6	4	4	4	69	35	42	4	46
2025	20	Zach Charbonnet	SEA	16	184	730	4	393	2.1	337	1.8	14	20	-45	27	12	5	1	0	0	30	20	24	3	32
2025	20	Kenneth Walker III	SEA	17	221	1,027	4.6	621	2.8	406	1.8	23	26	-57	55	33	10	2	1	1	55	31	36	3	67
2025	22	RJ Harvey	DEN	17	146	540	3.7	281	1.9	262	1.8	7	17	-39	40	8	3	3	2	1	50	47	58	10	119
2025	23	Tony Pollard	TEN	17	242	1,082	4.5	640	2.6	442	1.8	16	18	-30	65	27	6	2	1	1	65	33	41	1	62
2025	24	Kenny Gainwell	PIT	17	114	537	4.7	300	2.6	237	2.1	14	15	-28	6	15	2	2	1	1	55	73	85	15	100
2025	25	Rhamondre Stevenson	NE	14	130	603	4.6	243	1.9	360	2.8	16	16	-38	35	15	7	2	1	1	56	32	37	5	42
2025	26	Quinshon Judkins	CLE	14	230	827	3.6	322	1.4	505	2.2	11	24	-50	46	18	4	4	1	0	46	26	36	0	35
2025	27	David Montgomery	DET	17	158	716	4.5	370	2.3	346	2.2	3	14	-26	35	15	3	3	1	1	72	24	29	2	49
2025	28	Jacory Croskey-Merritt	WAS	17	175	805	4.6	443	2.5	362	2.1	13	17	-35	72	21	3	2	2	1	72	9	13	1	8
2025	29	Kyle Monangai	CHI	17	169	783	4.6	460	2.7	324	1.9	5	17	-41	8	15	3	2	0	0	39	18	30	3	39
2025	30	Kareem Hunt	KC	17	163	611	3.7	290	1.8	321	2	7	6	-7	5	10	1	1	0	0	33	18	25	3	30
2025	30	Woody Marks	HOU	16	196	703	3.6	356	1.8	347	1.8	6	28	-51	18	15	2	0	0	0	23	24	36	8	45
2025	32	Tyrone Tracy Jr.	NYG	15	176	740	4.2	439	2.5	301	1.7	5	12	-20	31	19	3	1	0	0	31	36	48	4	65
2025	33	Jordan Mason	MIN	16	159	758	4.8	373	2.3	385	2.4	13	16	-24	16	22	4	0	0	0	24	14	16	1	17
2025	34	Blake Corum	LAR	17	145	746	5.1	509	3.5	237	1.6	12	10	-26	48	23	5	2	1	0	48	8	14	1	6
2025	35	Tyler Allgeier	ATL	17	143	514	3.6	284	2	230	1.6	9	20	-36	21	14	1	0	0	0	21	14	16	1	20
2025	36	Bucky Irving	TB	10	173	588	3.4	305	1.8	283	1.6	10	21	-53	13	11	1	1	0	0	32	30	35	4	60
2025	37	J.K. Dobbins	DEN	10	153	772	5	398	2.6	374	2.4	9	9	-17	19	21	5	2	1	0	41	11	14	0	7
2025	38	Cam Skattebo	NYG	8	101	410	4.1	218	2.2	192	1.9	7	8	-15	13	10	1	0	0	0	24	24	32	4	54
2025	38	Omarion Hampton	LAC	9	124	545	4.4	336	2.7	209	1.7	15	15	-27	54	14	3	1	1	1	54	32	35	2	54
2025	40	Rachaad White	TB	17	132	572	4.3	373	2.8	199	1.5	9	5	-20	7	13	2	1	0	0	39	40	45	9	73
2025	41	Kimani Vidal	LAC	13	155	643	4.1	276	1.8	367	2.4	3	23	-43	59	13	4	2	1	1	59	16	22	6	72
2025	42	Chuba Hubbard	CAR	15	134	511	3.8	269	2	242	1.8	1	7	-14	3	8	0	0	0	0	14	30	39	6	79
2025	43	Devin Singletary	NYG	17	119	437	3.7	219	1.8	218	1.8	4	8	-22	22	6	2	0	0	0	29	18	19	2	73
2025	43	Aaron Jones Sr.	MIN	12	132	548	4.2	314	2.4	234	1.8	5	10	-22	4	12	1	1	0	0	31	28	41	5	41
2025	45	Chris Rodriguez Jr.	WAS	13	112	500	4.5	167	1.5	333	3	13	10	-17	8	13	2	1	1	0	48	3	4	1	7
2025	46	Sean Tucker	TB	17	86	320	3.7	237	2.8	83	1	5	9	-18	43	7	1	1	1	0	43	8	11	2	6
2025	47	Emanuel Wilson	GB	17	125	496	4	217	1.7	279	2.2	7	9	-32	11	12	0	0	0	0	15	15	17	2	48
2025	48	Bhayshul Tuten	JAC	15	83	307	3.7	137	1.7	170	2	5	8	-15	5	5	0	0	0	0	15	10	14	2	29
2025	49	Ty Johnson	BUF	17	50	200	4	129	2.6	71	1.4	2	3	-5	6	2	1	0	0	0	23	24	33	4	107
2025	50	Nick Chubb	HOU	15	122	506	4.1	251	2.1	255	2.1	5	7	-16	27	9	3	1	0	0	30	13	20	1	13
2025	51	Bam Knight	ARI	12	82	269	3.3	135	1.6	134	1.6	5	11	-15	6	5	0	0	0	0	17	22	31	6	28
2025	52	Isiah Pacheco	KC	13	118	462	3.9	255	2.2	207	1.8	2	7	-13	7	10	0	0	0	0	16	19	26	2	12
2025	52	Alvin Kamara	NO	11	131	471	3.6	282	2.2	189	1.4	7	16	-27	18	10	0	0	0	0	18	33	39	5	23
2025	54	Tyjae Spears	TEN	13	72	283	3.9	186	2.6	97	1.3	4	6	-10	4	6	2	1	1	0	41	45	50	7	111
2025	55	Michael Carter	ARI	13	92	333	3.6	209	2.3	124	1.3	3	11	-18	1	5	2	0	0	0	22	33	45	6	80
2025	56	Samaje Perine	CIN	15	84	382	4.5	192	2.3	190	2.3	4	2	-5	32	9	2	1	0	0	32	17	21	0	33
2025	57	Dylan Sampson	CLE	15	65	175	2.7	75	1.2	100	1.5	6	12	-31	0	3	1	0	0	0	26	33	40	5	68
2025	58	Brian Robinson Jr.	SF	17	92	400	4.3	237	2.6	163	1.8	10	9	-12	18	10	0	0	0	0	19	8	12	4	6
2025	58	Ray Davis	BUF	17	58	275	4.7	145	2.5	130	2.2	3	6	-11	0	9	1	0	0	0	23	10	13	4	11
2025	60	Tank Bigsby	PHI	16	63	356	5.7	188	3	168	2.7	10	4	-7	22	13	2	0	0	0	29	3	4	1	28
2025	61	Isaiah Davis	NYJ	16	43	236	5.5	130	3	106	2.5	2	4	-6	24	6	2	1	1	1	50	21	28	1	24
2025	62	Jeremy McNichols	WAS	17	44	221	5	68	1.5	153	3.5	6	5	-18	60	5	1	1	1	1	60	25	31	1	71
2025	63	Ollie Gordon II	MIA	17	70	199	2.8	81	1.2	118	1.7	6	16	-38	7	5	1	0	0	0	20	7	9	1	15
2025	64	Keaton Mitchell	BAL	13	59	341	5.8	213	3.6	128	2.2	2	5	-11	18	10	4	1	1	1	55	9	12	0	7
2025	65	Emari Demercado	ARI	13	44	312	7.1	194	4.4	118	2.7	4	4	-13	0	9	2	2	2	2	71	13	20	4	9
2025	66	Justice Hill	BAL	10	18	93	5.2	23	1.3	70	3.9	1	4	-18	71	1	1	1	1	1	71	21	27	1	53
2025	67	Jaylen Wright	MIA	11	70	288	4.1	112	1.6	176	2.5	6	10	-29	3	6	1	1	0	0	32	5	9	0	21
2025	67	Devin Neal	NO	9	57	206	3.6	96	1.7	110	1.9	1	4	-6	4	3	1	0	0	0	21	17	19	1	46
2025	69	Malik Davis	DAL	10	52	250	4.8	152	2.9	98	1.9	0	0	0	43	4	3	1	1	0	43	2	5	0	2
2025	70	Brashard Smith	KC	17	44	151	3.4	92	2.1	59	1.3	0	4	-4	0	2	0	0	0	0	14	25	35	6	57
2025	71	Audric Estime	NO	7	46	198	4.3	100	2.2	98	2.1	7	2	-4	32	2	1	1	0	0	32	12	13	0	34
2025	72	Kyle Juszczyk	SF	17	2	-3	-1.5	0	0	0	0	0	2	-3	0	0	0	0	0	0	0	24	28	4	23
2025	73	Kendre Miller	NO	7	47	193	4.1	72	1.5	121	2.6	7	3	-4	18	5	0	0	0	0	18	5	5	0	15
2025	74	Jaleel McLaughlin	DEN	8	37	187	5.1	114	3.1	73	2	2	2	-2	4	5	0	0	0	0	16	4	6	0	14
2025	75	James Conner	ARI	4	32	95	3	39	1.2	56	1.8	3	2	-5	2	1	0	0	0	0	12	8	9	1	23
2025	75	Zavier Scott	MIN	11	32	114	3.6	52	1.6	62	1.9	1	4	-9	0	3	0	0	0	0	11	14	16	3	32
2025	77	Hunter Luepke	DAL	17	16	71	4.4	26	1.6	45	2.8	0	0	0	0	0	0	0	0	0	9	13	15	4	27
2025	78	Jawhar Jordan	HOU	4	43	193	4.5	103	2.4	90	2.1	8	3	-6	0	7	1	1	1	1	50	7	7	0	2
2025	78	Jaret Patterson	LAC	6	41	159	3.9	65	1.6	94	2.3	1	2	-3	2	2	1	0	0	0	22	3	4	0	1
2025	80	Trey Benson	ARI	5	29	160	5.5	88	3	72	2.5	2	3	-4	0	4	2	1	1	1	52	13	16	2	12
2025	81	Antonio Gibson	NE	5	25	106	4.2	52	2.1	54	2.2	2	2	-3	1	3	1	0	0	0	21	2	3	0	3
2025	82	Ameer Abdullah	IND	13	14	60	4.3	28	2	32	2.3	1	0	0	2	1	0	0	0	0	14	16	17	1	20
2025	82	Chris Brooks	GB	17	27	106	3.9	56	2.1	50	1.9	1	2	-7	0	3	0	0	0	0	12	13	17	2	25
2025	84	Jaydon Blue	DAL	5	38	129	3.4	85	2.2	44	1.2	2	7	-18	14	5	1	0	0	0	27	1	1	0	0
2025	84	George Holani	SEA	10	22	73	3.3	36	1.6	37	1.7	3	2	-5	9	0	0	0	0	0	9	2	2	0	3
2025	84	Miles Sanders	DAL	4	20	117	5.9	81	4.1	36	1.8	1	1	-1	4	1	1	1	1	0	49	8	8	1	14
2025	87	Jerome Ford	CLE	13	24	73	3	43	1.8	30	1.3	9	2	-4	0	2	0	0	0	0	12	26	32	5	24
2025	88	Raheem Mostert	LV	12	22	104	4.7	36	1.6	68	3.1	2	3	-7	0	3	1	1	0	0	37	12	12	1	15
2025	88	Raheim Sanders	CLE	5	27	92	3.4	32	1.2	60	2.2	0	1	-1	1	1	0	0	0	0	14	3	4	0	8
2025	90	Tyler Badie	DEN	16	8	23	2.9	8	1	15	1.9	0	1	-3	0	0	0	0	0	0	7	19	31	3	28
2025	91	Rasheen Ali	BAL	15	7	24	3.4	20	2.9	4	0.6	0	0	0	0	0	0	0	0	0	9	9	11	1	25
2025	91	LeQuint Allen Jr.	JAC	17	23	94	4.1	59	2.6	35	1.5	2	0	0	0	2	0	0	0	0	12	10	11	1	15
2025	93	Terrell Jennings	NE	6	23	73	3.2	50	2.2	23	1	1	0	0	3	2	0	0	0	0	11	1	1	0	0
2025	93	Dare Ogunbowale	HOU	17	11	25	2.3	11	1	14	1.3	0	2	-10	5	0	0	0	0	0	9	10	13	3	9
2025	93	C.J. Ham	MIN	11	3	5	1.7	3	1	2	0.7	0	0	0	1	0	0	0	0	0	3	2	2	0	3
2025	96	Braelon Allen	NYJ	4	18	76	4.2	43	2.4	33	1.8	0	2	-3	8	1	0	0	0	0	15	2	3	2	7
2025	97	Kene Nwangwu	NYJ	10	13	49	3.8	24	1.8	25	1.9	0	2	-2	0	1	0	0	0	0	16	0	1	0	0
2025	98	Adam Prentice	DEN	17	10	44	4.4	30	3	14	1.4	0	1	-1	0	1	0	0	0	0	18	6	8	2	4
2025	98	Brittain Brown	CHI	2	5	37	7.4	14	2.8	23	4.6	2	0	0	22	1	1	0	0	0	22	0	1	0	0
2025	98	DJ Giddens	IND	9	26	96	3.7	48	1.8	48	1.8	0	1	-2	0	1	0	0	0	0	12	0	2	1	0
2025	101	Trayveon Williams	CLE	7	10	36	3.6	21	2.1	15	1.5	0	1	-3	0	1	0	0	0	0	11	8	9	2	13
2025	101	Phil Mafah	DAL	1	5	18	3.6	11	2.2	7	1.4	0	0	0	1	0	0	0	0	0	8	2	2	0	6
2025	101	Trevor Etienne	CAR	17	20	94	4.7	48	2.4	46	2.3	1	2	-2	0	3	1	0	0	0	22	3	3	0	3
2025	101	Najee Harris	LAC	3	15	61	4.1	30	2	31	2.1	0	1	-1	0	0	0	0	0	0	7	3	3	0	5
2025	101	Will Shipley	PHI	15	14	49	3.5	28	2	21	1.5	0	2	-3	0	1	1	0	0	0	20	9	12	1	8
2025	106	Austin Ekeler	WAS	3	14	43	3.1	23	1.6	20	1.4	0	1	-1	0	0	0	0	0	0	6	5	7	0	12
2025	106	Kaleb Johnson	PIT	10	28	69	2.5	35	1.3	34	1.2	2	4	-7	0	0	0	0	0	0	9	1	2	0	0
2025	106	British Brooks	HOU	13	17	78	4.6	22	1.3	56	3.3	2	0	0	0	1	1	0	0	0	20	0	0	0	0
2025	109	Corey Kiner	ARI	4	12	58	4.8	29	2.4	29	2.4	1	0	0	0	0	0	0	0	0	9	2	3	1	0
2025	109	Cam Akers	SEA	4	5	19	3.8	12	2.4	7	1.4	0	1	-1	0	1	0	0	0	0	14	0	1	0	0
2025	111	Alec Ingold	MIA	17	2	9	4.5	3	1.5	6	3	1	0	0	0	0	0	0	0	0	6	8	11	0	10
2025	111	AJ Dillon	PHI	7	12	60	5	28	2.3	32	2.7	2	0	0	0	1	0	0	0	0	11	3	3	1	5
2025	111	Hassan Haskins	LAC	13	17	47	2.8	21	1.2	26	1.5	1	0	0	0	1	0	0	0	0	10	4	4	0	5
2025	111	Ty Chandler	MIN	3	17	47	2.8	16	0.9	31	1.8	1	1	-1	0	0	0	0	0	0	5	3	4	2	3
2025	111	Zamir White	LV	5	12	32	2.7	19	1.6	13	1.1	0	1	-5	0	0	0	0	0	0	9	4	6	0	3
2025	111	Khalil Herbert	NYJ	5	16	52	3.3	15	0.9	37	2.3	0	1	-1	0	0	0	0	0	0	7	1	4	0	1
2025	117	Tahj Brooks	CIN	12	16	45	2.8	25	1.6	20	1.3	1	0	0	0	0	0	0	0	0	7	1	2	0	1
2025	117	Evan Hull	NO	6	19	48	2.5	28	1.5	20	1.1	0	1	-2	0	0	0	0	0	0	8	1	1	0	1
2025	117	Ronnie Rivers	LAR	7	9	46	5.1	26	2.9	20	2.2	0	0	0	0	0	0	0	0	0	9	0	0	0	0
2025	120	Julius Chestnut	TEN	17	11	40	3.6	28	2.5	12	1.1	0	1	-1	0	1	1	0	0	0	27	0	2	0	0
2025	120	Nathan Carter	ATL	4	9	60	6.7	34	3.8	26	2.9	0	0	0	0	2	0	0	0	0	12	0	0	0	0
2025	120	Dameon Pierce	KC	5	14	36	2.6	12	0.9	24	1.7	2	0	0	0	1	0	0	0	0	10	0	1	0	0
2025	123	Tyler Goodson	IND	11	9	24	2.7	14	1.6	10	1.1	0	0	0	0	0	0	0	0	0	6	2	3	1	2
2025	123	Reggie Gilliam	BUF	17	2	4	2	0	0	4	2	0	1	-1	0	0	0	0	0	0	5	2	2	0	0
2025	123	D'Ernest Johnson	NE	6	14	25	1.8	16	1.1	9	0.6	1	1	-1	0	0	0	0	0	0	5	0	0	0	0
2025	126	Clyde Edwards-Helaire	KC	2	7	13	1.9	3	0.4	10	1.4	0	2	-3	0	0	0	0	0	0	7	2	2	0	4
2025	126	DeeJay Dallas	JAC	5	3	21	7	18	6	3	1	0	0	0	0	1	0	0	0	0	17	0	1	0	0
2025	126	Jacardia Wright	SEA	1	5	20	4	12	2.4	8	1.6	1	0	0	0	1	0	0	0	0	10	0	0	0	0
2025	126	Roschon Johnson	CHI	6	2	17	8.5	6	3	11	5.5	0	0	0	0	1	0	0	0	0	11	0	0	0	0
2025	130	Jacob Saylors	DET	11	2	11	5.5	5	2.5	6	3	1	0	0	0	0	0	0	0	0	9	0	0	0	0
2025	130	Josh Williams	TB	2	4	11	2.8	0	0	0	0	0	0	0	0	0	0	0	0	0	4	0	0	0	0
2025	130	Patrick Ricard	BAL	12	1	3	3	2	2	1	1	0	0	0	0	0	0	0	0	0	3	1	2	0	1
2025	130	Amar Johnson	LAC	1	2	8	4	3	1.5	5	2.5	0	0	0	0	0	0	0	0	0	6	0	1	0	0
2025	130	Kalel Mullings	TEN	5	3	7	2.3	4	1.3	3	1	0	0	0	0	0	0	0	0	0	4	0	0	0	0
2025	130	Dylan Laube	LV	17	7	9	1.3	3	0.4	6	0.9	0	0	0	0	0	0	0	0	0	3	3	4	0	11
2025	130	Owen Wright	TB	3	3	6	2	0	0	0	0	0	1	-1	0	0	0	0	0	0	4	0	0	0	0
2025	130	Myles Gaskin	SEA	1	3	6	2	2	0.7	4	1.3	0	0	0	0	0	0	0	0	0	3	0	0	0	0
2025	138	Craig Reynolds	NE	6	3	4	1.3	0	0	0	0	0	0	0	0	0	0	0	0	0	3	0	0	0	0
2025	138	Sione Vaki	DET	8	1	4	4	2	2	2	2	0	0	0	0	0	0	0	0	0	4	0	0	0	0
2025	138	Kendall Milton	CIN	1	2	2	1	0	0	0	0	0	0	0	0	0	0	0	0	0	2	0	0	0	0
2025	138	Ulysses Bentley IV	IND	1	1	0	0	0	0	0	0	0	0	0	0	0	0	0	0	0	0	0	0	0	0
2025	138	Nyheim Miller-Hines	NO	4	2	-2	-1	-3	-1.5	1	0.5	0	1	-3	0	0	0	0	0	0	1	0	0	0	0
2025	138	Travis Homer	CHI	8	1	-2	-2	0	0	0	0	0	1	-2	0	0	0	0	0	0	0	0	0	0	0
2024	1	Saquon Barkley	PHI	16	345	2,005	5.8	1,328	3.8	677	2	19	33	-80	72	46	17	10	7	6	72	33	43	9	130
2024	2	Derrick Henry	BAL	17	325	1,921	5.9	1,011	3.1	910	2.8	42	26	-55	87	45	19	9	5	3	87	19	22	5	85
2024	3	Jahmyr Gibbs	DET	17	250	1,412	5.6	813	3.3	599	2.4	21	19	-58	70	42	13	4	3	1	70	52	63	11	88
2024	4	Bijan Robinson	ATL	17	304	1,456	4.8	728	2.4	728	2.4	23	23	-66	37	34	5	1	0	0	37	61	72	7	125
2024	5	Josh Jacobs	GB	17	301	1,329	4.4	592	2	737	2.4	35	28	-45	38	33	7	4	0	0	38	36	43	4	142
2024	6	Kyren Williams	LAR	16	316	1,299	4.1	693	2.2	606	1.9	27	28	-55	13	27	2	1	0	0	30	34	40	8	53
2024	7	James Cook III	BUF	16	207	1,009	4.9	530	2.6	479	2.3	14	21	-37	65	21	6	4	4	1	65	32	38	3	43
2024	8	Jonathan Taylor	IND	14	303	1,431	4.7	859	2.8	572	1.9	15	29	-55	70	31	11	4	4	3	70	18	31	3	58
2024	9	De'Von Achane	MIA	17	203	907	4.5	486	2.4	421	2.1	7	36	-73	50	21	5	4	3	2	61	78	87	14	112
2024	10	James Conner	ARI	16	236	1,094	4.6	528	2.2	566	2.4	24	21	-52	6	34	6	2	2	1	53	47	55	5	204
2024	11	Joe Mixon	HOU	14	245	1,016	4.1	540	2.2	468	1.9	19	36	-81	45	28	8	4	2	1	59	36	52	7	110
2024	12	Chase Brown	CIN	16	229	990	4.3	599	2.6	391	1.7	23	19	-40	30	23	8	2	1	0	40	54	65	12	102
2024	13	Chuba Hubbard	CAR	15	250	1,195	4.8	656	2.6	539	2.2	14	15	-28	38	26	8	2	0	0	38	43	54	11	43
2024	14	Bucky Irving	TB	17	207	1,122	5.4	563	2.7	556	2.7	12	16	-36	12	27	8	7	3	2	56	47	52	8	178
2024	14	Alvin Kamara	NO	14	228	950	4.2	548	2.4	402	1.8	13	29	-65	12	25	3	0	0	0	24	68	89	5	118
2024	16	Aaron Jones Sr.	MIN	17	255	1,138	4.5	614	2.4	524	2.1	11	21	-36	34	25	3	3	1	0	41	51	62	17	82
2024	17	David Montgomery	DET	14	185	775	4.2	347	1.9	428	2.3	19	13	-19	16	17	1	0	0	0	21	36	38	3	132
2024	18	Breece Hall	NYJ	16	209	876	4.2	432	2.1	444	2.1	7	21	-53	18	26	3	2	1	0	42	57	76	8	189
2024	19	D'Andre Swift	CHI	17	253	959	3.8	511	2	448	1.8	7	31	-78	56	18	5	3	1	1	56	42	52	0	100
2024	20	Najee Harris	PIT	17	263	1,043	4	502	1.9	541	2.1	22	22	-49	36	29	9	2	0	0	36	36	48	4	93
2024	21	J.K. Dobbins	LAC	13	195	905	4.6	416	2.1	489	2.5	24	18	-33	43	27	6	4	3	1	61	32	38	5	28
2024	21	Tony Pollard	TEN	16	260	1,079	4.2	520	2	559	2.2	22	25	-61	26	30	6	2	1	0	41	41	57	3	60
2024	23	Rico Dowdle	DAL	16	235	1,079	4.6	570	2.4	509	2.2	11	19	-39	4	26	2	0	0	0	27	39	49	5	71
2024	24	Rachaad White	TB	16	144	613	4.3	231	1.6	382	2.7	9	17	-36	7	12	2	2	1	1	56	51	57	10	125
2024	25	Zach Charbonnet	SEA	17	135	569	4.2	270	2	304	2.2	12	15	-17	51	16	3	1	1	1	51	42	52	1	76
2024	26	Tyrone Tracy Jr.	NYG	17	192	839	4.4	511	2.7	328	1.7	6	13	-25	45	18	6	3	2	0	45	38	53	5	69
2024	27	Rhamondre Stevenson	NE	15	207	801	3.9	370	1.8	431	2.1	14	20	-51	33	22	2	2	0	0	33	33	41	9	58
2024	28	Brian Robinson Jr.	WAS	14	187	799	4.3	378	2	421	2.3	10	18	-38	40	19	4	3	2	0	40	20	25	4	58
2024	29	Kenneth Walker III	SEA	11	153	573	3.7	263	1.7	310	2	13	20	-52	23	13	5	0	0	0	28	46	53	8	96
2024	30	Kareem Hunt	KC	13	200	728	3.6	399	2	329	1.6	7	11	-16	6	11	1	0	0	0	20	23	32	10	88
2024	31	Tank Bigsby	JAC	16	168	766	4.6	295	1.8	471	2.8	14	12	-18	65	20	4	2	2	2	65	7	12	0	10
2024	32	Javonte Williams	DEN	17	139	513	3.7	258	1.9	255	1.8	4	17	-36	14	13	1	0	0	0	20	52	70	4	93
2024	33	Jordan Mason	SF	12	153	789	5.2	440	2.9	349	2.3	13	15	-31	10	23	9	2	0	0	38	11	14	2	26
2024	34	Alexander Mattison	LV	14	132	420	3.2	209	1.6	211	1.6	7	17	-30	3	7	1	0	0	0	24	36	48	1	105
2024	35	Ray Davis	BUF	17	113	442	3.9	217	1.9	225	2	6	11	-21	16	11	2	0	0	0	23	17	19	2	16
2024	36	Austin Ekeler	WAS	12	77	367	4.8	231	3	136	1.8	3	6	-8	24	7	4	1	1	1	50	35	41	3	145
2024	36	Jerome Ford	CLE	14	104	565	5.4	345	3.3	220	2.1	5	11	-26	62	13	5	4	2	2	66	37	43	1	71
2024	38	Tyler Allgeier	ATL	17	137	644	4.7	288	2.1	356	2.6	7	11	-18	6	18	4	0	0	0	25	13	13	0	35
2024	39	Travis Etienne Jr.	JAC	15	150	558	3.7	283	1.9	275	1.8	3	17	-41	4	16	2	0	0	0	22	39	52	5	105
2024	40	Jaylen Warren	PIT	15	120	511	4.3	279	2.3	232	1.9	10	12	-21	3	14	1	0	0	0	22	38	47	6	83
2024	41	Ameer Abdullah	LV	15	66	311	4.7	183	2.8	128	1.9	5	3	-7	7	8	1	1	1	0	40	40	47	6	69
2024	41	Justice Hill	BAL	15	47	228	4.9	90	1.9	138	2.9	6	5	-10	51	6	2	1	1	1	51	42	51	8	95
2024	41	Emanuel Wilson	GB	17	103	502	4.9	260	2.5	242	2.3	9	7	-14	21	13	1	0	0	0	21	11	14	2	39
2024	44	Tyjae Spears	TEN	12	84	312	3.7	128	1.5	184	2.2	13	11	-24	11	9	1	0	0	0	23	30	35	2	97
2024	45	Antonio Gibson	NE	17	120	538	4.5	215	1.8	323	2.7	12	15	-28	11	14	4	1	1	0	45	23	29	2	41
2024	46	Isaac Guerendo	SF	16	84	420	5	180	2.1	240	2.9	3	6	-7	15	9	2	2	1	1	76	15	16	0	25
2024	46	Cam Akers	MIN	16	104	444	4.3	226	2.2	218	2.1	7	19	-37	15	16	2	1	1	1	58	14	18	4	19
2024	48	Devin Singletary	NYG	16	113	437	3.9	206	1.8	231	2	10	6	-17	7	10	2	1	1	0	43	21	24	0	29
2024	49	Ty Johnson	BUF	17	41	213	5.2	106	2.6	107	2.6	2	5	-7	3	7	0	0	0	0	19	18	25	6	31
2024	50	Jaleel McLaughlin	DEN	16	113	496	4.4	302	2.7	194	1.7	8	14	-38	1	16	1	0	0	0	21	24	27	3	24
2024	51	Braelon Allen	NYJ	17	92	334	3.6	143	1.6	191	2.1	4	7	-9	20	5	1	0	0	0	20	19	27	1	49
2024	52	Roschon Johnson	CHI	13	55	150	2.7	80	1.5	70	1.3	0	4	-10	1	0	0	0	0	0	9	16	20	2	34
2024	52	Gus Edwards	LAC	11	101	365	3.6	125	1.2	240	2.4	9	6	-17	5	6	1	1	1	0	43	3	5	0	2
2024	54	Sean Tucker	TB	17	50	308	6.2	179	3.6	129	2.6	5	1	-1	5	9	2	2	0	0	36	9	12	0	32
2024	55	Zack Moss	CIN	9	74	242	3.3	166	2.2	76	1	4	6	-11	5	5	0	0	0	0	16	23	27	3	34
2024	56	Nick Chubb	CLE	8	102	332	3.3	170	1.7	162	1.6	4	11	-17	2	5	0	0	0	0	19	5	11	1	4
2024	57	Jeremy McNichols	WAS	17	55	261	4.7	97	1.8	164	3	7	6	-13	27	6	2	0	0	0	28	9	12	2	3
2024	58	Samaje Perine	KC	17	20	92	4.6	54	2.7	38	1.9	0	0	0	2	3	0	0	0	0	13	28	35	3	77
2024	58	Miles Sanders	CAR	11	55	205	3.7	124	2.3	81	1.5	2	6	-14	1	3	1	0	0	0	26	24	30	2	25
2024	60	Raheem Mostert	MIA	13	85	278	3.3	143	1.7	135	1.6	1	14	-27	6	9	1	0	0	0	21	19	23	2	27
2024	61	Kenny Gainwell	PHI	17	75	290	3.9	162	2.2	128	1.7	3	6	-11	13	11	1	0	0	0	20	16	22	3	38
2024	62	Ezekiel Elliott	DAL	15	74	226	3.1	115	1.6	111	1.5	2	6	-12	3	1	0	0	0	0	11	12	15	2	19
2024	63	Isiah Pacheco	KC	7	83	310	3.7	181	2.2	129	1.6	0	5	-10	1	3	1	1	0	0	34	12	16	1	15
2024	64	Audric Estime	DEN	13	76	310	4.1	134	1.8	176	2.3	3	4	-6	3	5	1	0	0	0	21	5	5	0	8
2024	65	Dameon Pierce	HOU	11	40	293	7.3	77	1.9	216	5.4	6	1	-1	92	6	2	2	2	2	92	2	4	1	2
2024	66	Trey Benson	ARI	13	63	291	4.6	157	2.5	134	2.1	4	4	-6	1	10	1	0	0	0	20	6	6	0	16
2024	67	Emari Demercado	ARI	13	24	223	9.3	86	3.6	137	5.7	3	1	-1	53	6	2	2	2	1	53	16	20	3	9
2024	67	Kyle Juszczyk	SF	17	5	26	5.2	9	1.8	17	3.4	1	1	-1	6	1	0	0	0	0	14	19	31	2	28
2024	69	Trey Sermon	IND	15	56	159	2.8	75	1.3	84	1.5	3	7	-18	1	4	0	0	0	0	17	16	19	3	21
2024	70	Dare Ogunbowale	HOU	17	30	112	3.7	70	2.3	42	1.4	1	6	-9	0	2	1	1	0	0	35	19	28	5	28
2024	70	Isaiah Davis	NYJ	14	30	174	5.8	66	2.2	108	3.6	4	2	-6	17	8	1	0	0	0	20	9	12	3	20
2024	72	Tyler Goodson	IND	16	32	153	4.8	93	2.9	60	1.9	0	3	-3	7	3	1	1	0	0	33	11	15	2	27
2024	72	Christian McCaffrey	SF	4	50	202	4	116	2.3	86	1.7	3	5	-11	0	6	0	0	0	0	19	15	19	4	29
2024	74	Chris Brooks	GB	13	36	183	5.1	74	2.1	109	3	6	1	-1	1	4	1	0	0	0	23	11	13	3	30
2024	74	Chris Rodriguez Jr.	WAS	8	35	173	4.9	62	1.8	111	3.2	1	1	-3	7	3	1	0	0	0	25	1	1	0	2
2024	76	Hassan Haskins	LAC	15	34	89	2.6	39	1.1	50	1.5	0	0	0	2	1	0	0	0	0	12	3	3	0	1
2024	77	Jamaal Williams	NO	14	48	164	3.4	92	1.9	72	1.5	0	8	-14	14	3	0	0	0	0	14	9	11	1	14
2024	77	Kimani Vidal	LAC	10	43	155	3.6	83	1.9	72	1.7	3	3	-6	0	2	0	0	0	0	19	5	9	0	5
2024	79	Patrick Taylor Jr.	SF	9	39	183	4.7	89	2.3	94	2.4	0	1	-3	3	3	1	0	0	0	29	3	11	1	2
2024	79	D'Onta Foreman	CLE	10	71	232	3.3	131	1.8	101	1.4	0	2	-2	0	2	1	0	0	0	25	6	8	0	16
2024	81	Blake Corum	LAR	15	58	207	3.6	122	2.1	85	1.5	0	5	-10	0	4	0	0	0	0	12	7	8	0	13
2024	81	Cordarrelle Patterson	PIT	13	32	135	4.2	46	1.4	89	2.8	3	3	-10	0	6	0	0	0	0	14	12	14	2	14
2024	83	Michael Carter	ARI	4	35	131	3.7	81	2.3	50	1.4	1	2	-2	4	2	0	0	0	0	13	11	11	2	29
2024	84	Kendre Miller	NO	7	39	148	3.8	55	1.4	93	2.4	6	8	-20	8	6	0	0	0	0	17	5	8	0	5
2024	84	D'Ernest Johnson	JAC	12	32	143	4.5	79	2.5	64	2	0	3	-3	0	4	1	0	0	0	22	12	19	3	39
2024	84	Jaylen Wright	MIA	15	68	249	3.7	126	1.9	123	1.8	3	15	-40	0	8	1	0	0	0	20	3	6	1	2
2024	87	Zamir White	LV	8	65	183	2.8	93	1.4	90	1.4	4	4	-12	1	2	0	0	0	0	17	6	8	0	17
2024	88	Ty Chandler	MIN	15	56	182	3.3	128	2.3	54	1	0	6	-13	0	3	1	0	0	0	25	6	6	1	6
2024	88	Khalil Herbert	CIN	12	36	130	3.6	74	2.1	56	1.6	0	2	-2	2	2	0	0	0	0	14	10	11	3	15
2024	90	Pierre Strong Jr.	CLE	13	26	108	4.2	69	2.7	39	1.5	0	1	-5	0	2	0	0	0	0	19	14	22	1	22
2024	90	Sincere McCormick	LV	4	39	183	4.7	90	2.3	93	2.4	5	5	-9	0	6	1	0	0	0	29	6	7	1	6
2024	92	Kenny McIntosh	SEA	12	31	172	5.5	97	3.1	75	2.4	5	0	0	0	4	1	0	0	0	25	3	4	0	1
2024	92	Michael Burton	DEN	17	7	8	1.1	3	0.4	5	0.7	0	1	-1	1	0	0	0	0	0	3	10	10	2	13
2024	92	JaMycal Hasty	NE	12	20	69	3.5	38	1.9	31	1.6	0	2	-7	0	1	0	0	0	0	15	10	12	1	21
2024	95	DeeJay Dallas	ARI	16	9	49	5.4	32	3.6	17	1.9	0	0	0	0	1	1	0	0	0	22	3	3	1	3
2024	95	Craig Reynolds	DET	14	31	139	4.5	91	2.9	48	1.5	1	3	-4	0	3	0	0	0	0	19	3	5	0	26
2024	97	Carson Steele	KC	16	56	183	3.3	85	1.5	98	1.8	2	5	-17	0	0	0	0	0	0	9	7	11	1	9
2024	98	Alec Ingold	MIA	15	10	17	1.7	3	0.3	14	1.4	0	3	-4	3	0	0	0	0	0	6	11	12	1	12
2024	98	Hunter Luepke	DAL	16	12	38	3.2	13	1.1	25	2.1	1	0	0	0	1	0	0	0	0	10	12	16	0	17
2024	100	Jordan Mims	NO	8	20	70	3.5	50	2.5	20	1	0	2	-3	0	0	0	0	0	0	9	12	18	1	15
2024	101	Ronnie Rivers	LAR	7	22	99	4.5	71	3.2	28	1.3	0	2	-2	0	2	0	0	0	0	12	5	6	0	3
2024	102	Will Shipley	PHI	13	30	82	2.7	44	1.5	38	1.3	0	1	-4	0	0	0	0	0	0	9	4	4	1	16
2024	102	Tony Jones Jr.	ARI	1	4	55	13.8	9	2.3	46	11.5	0	0	0	46	1	1	1	1	0	46	0	0	0	0
2024	104	Julius Chestnut	TEN	14	22	102	4.6	55	2.5	47	2.1	2	2	-2	0	1	0	0	0	0	12	2	3	0	3
2024	105	Deuce Vaughn	DAL	6	17	70	4.1	38	2.2	32	1.9	0	0	0	0	1	0	0	0	0	12	3	5	0	6
2024	105	C.J. Ham	MIN	17	2	10	5	8	4	2	1	0	0	0	2	0	0	0	0	0	8	5	6	0	4
2024	107	Raheem Blackshear	CAR	16	15	80	5.3	35	2.3	45	3	2	2	-4	0	2	1	0	0	0	26	0	0	0	0
2024	107	Jeff Wilson Jr.	MIA	7	16	57	3.6	24	1.5	33	2.1	0	3	-5	0	2	0	0	0	0	14	3	3	0	4
2024	109	Eric Gray	NYG	16	14	31	2.2	17	1.2	14	1	0	1	-1	0	0	0	0	0	0	6	10	11	2	17
2024	109	Clyde Edwards-Helaire	NO	2	13	46	3.5	17	1.3	29	2.2	3	1	-1	0	1	0	0	0	0	12	3	5	0	9
2024	111	Tyler Badie	DEN	3	11	86	7.8	22	2	64	5.8	1	1	-3	0	2	1	1	1	0	43	3	3	1	0
2024	111	Keaton Mitchell	BAL	4	15	30	2	8	0.5	22	1.5	2	3	-8	0	0	0	0	0	0	7	1	1	0	5
2024	113	Sione Vaki	DET	12	6	14	2.3	8	1.3	6	1	0	2	-3	0	0	0	0	0	0	7	3	3	0	4
2024	113	Mike Boone	CAR	5	13	51	3.9	30	2.3	21	1.6	1	0	0	0	0	0	0	0	0	9	1	3	0	0
2024	113	Jonathon Brooks	CAR	3	9	22	2.4	8	0.9	14	1.6	1	1	-3	0	0	0	0	0	0	9	3	3	2	21
2024	116	J.J. Taylor	HOU	4	10	44	4.4	34	3.4	10	1	0	0	0	0	0	0	0	0	0	9	2	3	0	0
2024	116	Jacob Kibodi	CLE	1	5	24	4.8	10	2	14	2.8	0	1	-1	0	1	0	0	0	0	17	1	3	2	6
2024	118	Travis Homer	CHI	9	6	23	3.8	16	2.7	7	1.2	0	0	0	0	0	0	0	0	0	6	3	3	0	5
2024	118	Terrell Jennings	NE	2	13	33	2.5	19	1.5	14	1.1	0	1	-1	0	0	0	0	0	0	7	0	1	0	0
2024	118	Jase McClellan	ATL	3	13	32	2.5	13	1	19	1.5	0	2	-9	0	0	0	0	0	0	8	0	0	0	0
2024	118	Jermar Jefferson	DET	2	6	22	3.7	9	1.5	13	2.2	0	1	-2	0	0	0	0	0	0	8	1	1	0	2
2024	118	Rasheen Ali	BAL	5	10	31	3.1	16	1.6	15	1.5	0	1	-3	0	0	0	0	0	0	9	0	2	0	0
2024	118	Dalvin Cook	DAL	2	8	20	2.5	12	1.5	8	1	0	0	0	0	0	0	0	0	0	4	1	1	0	3
2024	124	Blake Watson	DEN	3	4	10	2.5	7	1.8	3	0.8	0	1	-1	0	0	0	0	0	0	7	1	2	1	4
2024	124	Jonathan Ward	PIT	4	5	22	4.4	12	2.4	10	2	1	0	0	0	0	0	0	0	0	7	0	0	0	0
2024	124	MarShawn Lloyd	GB	1	6	15	2.5	12	2	3	0.5	0	0	0	0	0	0	0	0	0	5	1	1	0	2
2024	124	Aaron Shampklin	PIT	3	6	17	2.8	8	1.3	9	1.5	0	1	-2	0	0	0	0	0	0	5	0	0	0	0
2024	128	Tyreik McAllister	LV	2	2	11	5.5	9	4.5	2	1	0	0	0	0	1	0	0	0	0	10	0	0	0	0
2024	128	Myles Gaskin	JAC	4	3	-1	-0.3	-2	-0.7	1	0.3	0	1	-3	0	0	0	0	0	0	2	1	1	0	0
2024	128	George Holani	SEA	3	3	10	3.3	7	2.3	3	1	0	1	-1	0	0	0	0	0	0	8	1	1	0	0
2024	128	Cody Schrader	LAR	1	1	3	3	0	0	0	0	0	0	0	0	0	0	0	0	0	3	1	1	0	0
2024	128	Chris Collier	LV	6	5	12	2.4	5	1	7	1.4	0	0	0	0	0	0	0	0	0	4	1	2	0	0
2024	128	Reggie Gilliam	BUF	14	3	7	2.3	2	0.7	5	1.7	1	1	-1	0	0	0	0	0	0	4	0	0	0	0
2024	128	Tyrion Davis-Price	PHI	1	3	7	2.3	3	1	4	1.3	0	0	0	0	0	0	0	0	0	5	0	0	0	0
2024	135	Ke'Shawn Vaughn	SF	1	2	4	2	2	1	2	1	0	0	0	0	0	0	0	0	0	3	0	0	0	0
2024	135	Darrynton Evans	CHI	2	3	3	1	2	0.7	1	0.3	0	1	-1	0	0	0	0	0	0	4	0	0	0	0
2024	135	British Brooks	HOU	3	1	2	2	1	1	1	1	0	0	0	0	0	0	0	0	0	2	0	0	0	0
2024	135	Joshua Kelley	TEN	1	1	2	2	0	0	0	0	0	0	0	0	0	0	0	0	0	2	0	0	0	0
2024	139	Dylan Laube	LV	6	1	0	0	0	0	0	0	0	0	0	0	0	0	0	0	0	0	0	0	0	0
2023	1	Christian McCaffrey	SF	16	272	1,459	5.4	852	3.1	607	2.2	15	25	-54	65	44	9	4	3	3	72	67	83	16	74
2023	2	Raheem Mostert	MIA	15	209	1,012	4.8	547	2.6	465	2.2	16	22	-59	43	30	7	3	2	0	49	25	32	6	61
2023	3	Travis Etienne Jr.	JAC	17	267	1,008	3.8	573	2.1	435	1.6	31	30	-61	62	22	6	3	1	1	62	58	73	2	145
2023	4	Kyren Williams	LAR	12	228	1,144	5	685	3	459	2	23	15	-23	28	26	7	2	1	1	56	32	48	12	47
2023	5	Derrick Henry	TEN	17	280	1,167	4.2	566	2	601	2.1	23	27	-62	29	23	5	2	2	2	69	28	36	2	57
2023	6	Joe Mixon	CIN	17	257	1,034	4	671	2.6	363	1.4	10	22	-47	14	27	3	1	1	0	44	52	64	13	133
2023	6	Breece Hall	NYJ	17	223	994	4.5	500	2.2	494	2.2	19	31	-72	72	20	7	5	4	3	83	76	95	5	209
2023	8	Rachaad White	TB	17	272	990	3.6	594	2.2	396	1.5	9	17	-40	4	21	3	2	0	0	38	64	70	8	119
2023	9	David Montgomery	DET	14	219	1,015	4.6	511	2.3	504	2.3	17	15	-30	75	22	4	2	2	1	75	16	24	0	30
2023	10	Jahmyr Gibbs	DET	15	182	945	5.2	487	2.7	458	2.5	21	17	-39	27	27	10	4	0	0	36	52	71	7	73
2023	11	James Cook III	BUF	17	237	1,122	4.7	640	2.7	482	2	8	22	-58	24	33	6	3	1	0	42	44	54	6	103
2023	12	Bijan Robinson	ATL	17	214	976	4.6	568	2.7	408	1.9	15	22	-49	13	30	7	2	0	0	38	58	86	10	100
2023	13	Saquon Barkley	NYG	14	247	962	3.9	480	1.9	482	2	12	38	-80	7	26	7	5	0	0	36	41	60	5	38
2023	14	Gus Edwards	BAL	17	198	810	4.1	447	2.3	363	1.8	12	13	-25	7	15	6	1	1	0	42	12	13	0	18
2023	14	James Conner	ARI	13	208	1,040	5	581	2.8	459	2.2	27	21	-28	29	31	11	2	1	0	44	27	33	5	79
2023	16	Kenneth Walker III	SEA	15	219	905	4.1	559	2.6	346	1.6	22	25	-63	23	24	7	3	1	0	45	29	37	3	146
2023	16	Isiah Pacheco	KC	14	205	935	4.6	550	2.7	385	1.9	15	14	-32	48	20	6	4	1	0	48	44	49	8	42
2023	18	Tony Pollard	DAL	17	252	1,005	4	498	2	512	2	19	28	-70	21	21	6	1	0	0	31	55	67	12	92
2023	19	Jerome Ford	CLE	17	204	813	4	446	2.2	367	1.8	26	34	-91	69	23	5	2	2	2	69	44	63	6	88
2023	19	Najee Harris	PIT	17	255	1,035	4.1	415	1.6	620	2.4	30	29	-66	10	24	8	0	0	0	25	29	38	3	49
2023	21	De'Von Achane	MIA	11	103	800	7.8	484	4.7	316	3.1	13	10	-27	76	22	8	5	5	3	76	27	37	6	83
2023	22	Brian Robinson Jr.	WAS	15	178	733	4.1	387	2.2	346	1.9	16	10	-19	15	19	4	0	0	0	29	36	43	5	112
2023	23	D'Andre Swift	PHI	16	229	1,049	4.6	642	2.8	407	1.8	21	23	-54	7	22	6	3	1	0	43	39	49	4	71
2023	24	Alvin Kamara	NO	13	180	694	3.9	407	2.3	287	1.6	7	15	-25	16	15	0	0	0	0	17	75	86	8	138
2023	25	Josh Jacobs	LV	13	233	805	3.5	451	1.9	354	1.5	10	26	-56	63	9	3	2	2	1	63	37	54	6	84
2023	26	Chuba Hubbard	CAR	17	238	902	3.8	467	2	435	1.8	17	23	-46	6	21	4	0	0	0	22	39	44	1	66
2023	26	Zack Moss	IND	14	183	794	4.3	449	2.5	345	1.9	4	14	-25	56	19	6	2	2	1	56	27	37	5	60
2023	28	Jonathan Taylor	IND	10	169	741	4.4	287	1.7	454	2.7	14	14	-24	49	23	4	2	2	0	49	19	23	4	29
2023	28	Devin Singletary	HOU	17	216	898	4.2	550	2.5	348	1.6	10	19	-40	11	23	3	0	0	0	34	30	38	4	39
2023	30	Jaylen Warren	PIT	17	149	784	5.3	427	2.9	357	2.4	27	16	-45	74	24	6	1	1	1	74	61	74	5	97
2023	31	Austin Ekeler	LAC	14	179	628	3.5	328	1.8	300	1.7	9	16	-40	3	7	3	2	1	1	55	51	74	9	140
2023	32	Javonte Williams	DEN	16	217	774	3.6	402	1.9	372	1.7	11	25	-55	3	21	2	0	0	0	31	47	58	3	59
2023	33	Ezekiel Elliott	NE	17	184	642	3.5	350	1.9	292	1.6	5	17	-29	6	8	0	0	0	0	17	51	65	4	109
2023	34	Tyler Allgeier	ATL	17	186	683	3.7	320	1.7	363	2	15	17	-38	31	13	2	1	0	0	31	18	23	2	35
2023	35	Rhamondre Stevenson	NE	12	156	619	4	296	1.9	323	2.1	11	12	-26	64	10	1	1	1	1	64	38	51	4	65
2023	36	Aaron Jones Sr.	GB	11	142	656	4.6	337	2.4	319	2.2	11	11	-18	3	15	3	1	0	0	39	30	43	10	48
2023	37	Kareem Hunt	CLE	15	135	411	3	236	1.7	175	1.3	2	13	-18	16	5	0	0	0	0	16	15	21	1	23
2023	37	Alexander Mattison	MIN	16	180	700	3.9	388	2.2	312	1.7	5	25	-53	0	17	1	0	0	0	21	30	44	11	31
2023	39	Tyjae Spears	TEN	17	100	453	4.5	237	2.4	216	2.2	5	12	-28	19	13	3	0	0	0	23	52	70	6	127
2023	40	AJ Dillon	GB	15	178	613	3.4	311	1.7	302	1.7	5	15	-39	5	8	1	1	1	0	40	22	28	1	106
2023	41	Khalil Herbert	CHI	12	132	611	4.6	329	2.5	282	2.1	13	9	-22	11	13	5	3	0	0	38	20	31	4	26
2023	42	Justice Hill	BAL	16	84	387	4.6	267	3.2	120	1.4	9	6	-11	14	9	2	1	1	0	41	28	39	1	51
2023	43	D'Onta Foreman	CHI	9	109	425	3.9	260	2.4	165	1.5	7	11	-35	4	12	1	0	0	0	22	11	16	2	18
2023	43	Ty Chandler	MIN	16	102	461	4.5	279	2.7	182	1.8	3	6	-12	2	9	3	2	0	0	31	21	25	3	41
2023	45	Antonio Gibson	WAS	16	65	265	4.1	123	1.9	142	2.2	5	2	-5	2	5	0	0	0	0	16	48	59	5	90
2023	46	Jaleel McLaughlin	DEN	17	76	410	5.4	240	3.2	170	2.2	4	7	-12	5	12	4	2	0	0	38	31	36	5	83
2023	46	Rico Dowdle	DAL	16	89	361	4.1	187	2.1	174	2	5	6	-12	1	7	2	0	0	0	21	17	22	4	30
2023	48	Zach Charbonnet	SEA	16	108	462	4.3	253	2.3	209	1.9	10	12	-34	1	16	4	0	0	0	23	33	40	1	57
2023	49	Samaje Perine	DEN	17	53	238	4.5	109	2.1	129	2.4	2	4	-15	3	6	1	0	0	0	24	50	56	2	165
2023	50	Dameon Pierce	HOU	14	145	416	2.9	180	1.2	236	1.6	12	20	-48	3	9	1	0	0	0	22	13	17	1	13
2023	51	Roschon Johnson	CHI	15	81	352	4.3	228	2.8	124	1.5	3	3	-5	2	8	2	0	0	0	29	34	40	4	67
2023	52	Kenny Gainwell	PHI	16	84	364	4.3	204	2.4	160	1.9	6	5	-12	12	10	3	1	0	0	32	30	37	0	42
2023	53	Latavius Murray	BUF	15	79	300	3.8	174	2.2	126	1.6	3	5	-10	4	6	2	0	0	0	29	17	22	3	39
2023	54	Keaton Mitchell	BAL	7	47	396	8.4	238	5.1	158	3.4	7	6	-18	40	12	7	3	2	1	60	9	11	1	12
2023	54	Miles Sanders	CAR	16	129	432	3.3	208	1.6	224	1.7	8	17	-49	1	11	1	1	1	0	48	27	41	2	51
2023	56	Jerick McKinnon	KC	12	21	60	2.9	46	2.2	14	0.7	0	4	-7	7	1	0	0	0	0	10	25	32	5	28
2023	56	Zamir White	LV	15	104	451	4.3	206	2	245	2.4	8	7	-15	1	8	2	1	1	0	43	15	19	1	47
2023	58	Joshua Kelley	LAC	17	107	405	3.8	216	2	189	1.8	6	10	-26	49	10	2	1	1	0	49	8	12	1	6
2023	59	Clyde Edwards-Helaire	KC	15	70	223	3.2	145	2.1	78	1.1	4	8	-17	1	4	1	0	0	0	20	17	22	5	103
2023	60	Emari Demercado	ARI	14	58	284	4.9	166	2.9	118	2	2	5	-8	49	5	1	1	1	0	49	21	30	1	14
2023	61	Royce Freeman	LAR	11	77	319	4.1	180	2.3	139	1.8	8	5	-15	23	7	1	0	0	0	23	1	2	0	2
2023	62	Jamaal Williams	NO	13	106	306	2.9	156	1.5	150	1.4	3	10	-16	1	5	0	0	0	0	17	18	20	1	17
2023	63	Jordan Mason	SF	16	40	206	5.2	110	2.8	96	2.4	3	3	-12	26	4	1	0	0	0	26	3	4	0	3
2023	63	Elijah Mitchell	SF	11	75	281	3.7	138	1.8	143	1.9	6	7	-13	2	7	0	0	0	0	18	6	8	1	5
2023	65	Chase Brown	CIN	12	44	179	4.1	52	1.2	127	2.9	2	9	-25	0	5	2	1	0	0	31	14	15	1	43
2023	66	Pierre Strong Jr.	CLE	17	63	291	4.6	133	2.1	158	2.5	5	8	-15	1	7	2	1	1	0	40	5	8	0	32
2023	67	Chris Rodriguez Jr.	WAS	11	51	247	4.8	123	2.4	124	2.4	5	3	-5	12	9	0	0	0	0	16	2	2	0	4
2023	67	Cam Akers	MIN	7	60	167	2.8	78	1.3	89	1.5	6	12	-34	6	4	0	0	0	0	19	11	12	2	34
2023	69	Michael Carter	ARI	15	30	187	6.2	128	4.3	59	2	1	2	-2	0	6	1	0	0	0	21	24	31	4	19
2023	70	Darrell Henderson Jr.	LAR	4	46	112	2.4	45	1	67	1.5	1	8	-18	1	1	0	0	0	0	16	10	14	3	33
2023	71	Kendre Miller	NO	8	41	156	3.8	72	1.8	84	2	3	1	-4	3	4	0	0	0	0	18	10	11	0	23
2023	72	Matt Breida	NYG	15	55	151	2.7	86	1.6	65	1.2	1	4	-15	8	0	0	0	0	0	9	17	21	0	10
2023	73	Cordarrelle Patterson	ATL	12	50	181	3.6	92	1.8	89	1.8	2	5	-12	0	5	0	0	0	0	18	9	12	2	10
2023	74	Jeff Wilson Jr.	MIA	9	41	188	4.6	104	2.5	84	2	1	0	0	0	5	0	0	0	0	15	14	17	1	10
2023	74	Salvon Ahmed	MIA	8	22	61	2.8	18	0.8	43	2	2	3	-9	9	1	0	0	0	0	10	16	23	5	23
2023	76	Chase Edmonds	TB	13	49	176	3.6	102	2.1	74	1.5	2	5	-22	0	5	1	0	0	0	21	14	17	0	8
2023	77	Ty Johnson	BUF	9	30	132	4.4	68	2.3	64	2.1	1	2	-11	0	2	0	0	0	0	13	7	7	2	11
2023	77	Dalvin Cook	BAL	14	67	214	3.2	125	1.9	89	1.3	6	5	-11	0	4	0	0	0	0	14	15	20	0	16
2023	77	Tony Jones Jr.	ARI	6	26	95	3.7	56	2.2	39	1.5	1	1	-3	2	3	0	0	0	0	19	7	10	1	8
2023	77	D'Ernest Johnson	JAC	16	41	108	2.6	76	1.9	32	0.8	1	6	-15	0	1	0	0	0	0	19	10	12	0	25
2023	77	Craig Reynolds	DET	15	41	179	4.4	104	2.5	75	1.8	1	2	-4	5	6	0	0	0	0	19	5	5	0	10
2023	77	Kyle Juszczyk	SF	17	5	6	1.2	4	0.8	2	0.4	0	1	-1	0	0	0	0	0	0	3	14	17	5	4
2023	83	Darrynton Evans	MIA	6	32	121	3.8	77	2.4	44	1.4	0	2	-6	11	5	0	0	0	0	13	7	12	2	12
2023	84	Ameer Abdullah	LV	16	15	89	5.9	49	3.3	40	2.7	1	0	0	0	2	0	0	0	0	12	19	24	3	21
2023	84	Tank Bigsby	JAC	16	50	132	2.6	67	1.3	65	1.3	7	7	-15	1	1	0	0	0	0	12	1	4	0	2
2023	86	Nick Chubb	CLE	2	28	170	6.1	100	3.6	70	2.5	2	1	-1	0	6	1	0	0	0	20	4	4	0	6
2023	86	Patrick Taylor Jr.	GB	11	32	141	4.4	71	2.2	70	2.2	4	1	-3	0	4	1	0	0	0	24	11	17	3	4
2023	88	Kevin Harris	NE	4	16	65	4.1	11	0.7	54	3.4	1	1	-2	18	2	0	0	0	0	18	3	3	1	9
2023	89	Trey Sermon	IND	8	35	160	4.6	61	1.7	99	2.8	4	3	-4	0	3	1	0	0	0	27	3	6	0	3
2023	89	Damien Harris	BUF	7	23	94	4.1	51	2.2	43	1.9	2	1	-1	1	1	0	0	0	0	11	2	2	0	3
2023	89	Melvin Gordon III	BAL	4	26	81	3.1	29	1.1	52	2	1	5	-10	7	2	1	0	0	0	22	3	3	0	5
2023	92	Ronnie Rivers	LAR	9	32	129	4	75	2.3	54	1.7	1	2	-2	0	2	0	0	0	0	10	5	5	0	4
2023	93	Isaiah Spiller	LAC	9	37	96	2.6	37	1	59	1.6	2	3	-5	0	0	0	0	0	0	8	6	6	1	10
2023	94	Tyler Goodson	IND	6	13	87	6.7	58	4.5	29	2.2	0	0	0	0	3	1	1	0	0	31	6	9	3	11
2023	94	Alec Ingold	MIA	17	2	0	0	0	0	0	0	0	0	0	0	0	0	0	0	0	0	13	16	2	12
2023	94	Boston Scott	PHI	12	20	86	4.3	53	2.7	33	1.7	3	1	-7	0	2	0	0	0	0	18	4	6	0	3
2023	97	Brandon Bolden	LV	5	4	31	7.8	28	7	3	0.8	0	1	-1	26	1	1	0	0	0	26	0	0	0	0
2023	97	Raheem Blackshear	CAR	11	14	46	3.3	28	2	18	1.3	1	1	-1	0	0	0	0	0	0	9	6	7	0	15
2023	97	La'Mical Perine	KC	2	22	77	3.5	34	1.5	43	2	1	1	-3	0	1	0	0	0	0	10	3	5	0	7
2023	97	Emanuel Wilson	GB	7	14	85	6.1	67	4.8	18	1.3	0	1	-5	0	2	1	1	0	0	31	4	5	0	8
2023	97	Chris Brooks	MIA	3	19	106	5.6	26	1.4	80	4.2	2	4	-9	0	2	2	1	1	1	52	0	0	0	0
2023	102	Keaontay Ingram	KC	7	35	74	2.1	33	0.9	41	1.2	3	11	-29	0	4	0	0	0	0	14	4	4	0	4
2023	102	Hunter Luepke	DAL	17	6	19	3.2	6	1	13	2.2	0	0	0	3	0	0	0	0	0	9	3	4	0	6
2023	102	J.K. Dobbins	BAL	1	8	22	2.8	18	2.3	4	0.5	0	0	0	4	0	0	0	0	0	4	2	3	1	13
2023	105	Israel Abanikanda	NYJ	7	22	70	3.2	46	2.1	24	1.1	1	3	-5	0	2	0	0	0	0	12	7	11	0	9
2023	105	Nick Bawden	NYJ	6	2	4	2	1	0.5	3	1.5	0	0	0	1	0	0	0	0	0	3	3	3	0	5
2023	107	Dare Ogunbowale	HOU	10	8	35	4.4	20	2.5	15	1.9	1	0	0	0	1	0	0	0	0	17	2	7	0	0
2023	107	Deuce Vaughn	DAL	7	23	40	1.7	20	0.9	20	0.9	0	5	-10	0	1	0	0	0	0	13	7	7	0	11
2023	107	Trayveon Williams	CIN	16	15	69	4.6	47	3.1	22	1.5	0	2	-3	0	2	0	0	0	0	15	7	9	1	2
2023	110	Eric Gray	NYG	14	17	48	2.8	26	1.5	22	1.3	1	3	-3	0	1	0	0	0	0	12	6	7	0	4
2023	110	Gary Brightwell	NYG	4	9	19	2.1	4	0.4	15	1.7	1	1	-1	0	0	0	0	0	0	5	5	7	0	21
2023	112	Mike Boone	CAR	9	5	23	4.6	16	3.2	7	1.4	0	0	0	0	1	0	0	0	0	11	7	9	0	7
2023	112	Damien Williams	ARI	3	11	43	3.9	15	1.4	28	2.5	1	2	-3	0	0	0	0	0	0	9	2	2	0	6
2023	114	Ty Montgomery I	INE	11	3	9	3	0	0	0	0	0	0	0	0	0	0	0	0	0	7	5	12	1	10
2023	115	Ke'Shawn Vaughn	NE	5	24	42	1.8	22	0.9	20	0.8	4	4	-13	0	0	0	0	0	0	9	2	5	1	0
2023	115	Leonard Fournette	BUF	2	12	40	3.3	20	1.7	20	1.7	0	1	-1	0	0	0	0	0	0	9	0	0	0	0
2023	115	Rashaad Penny	PHI	3	11	33	3	16	1.5	17	1.5	0	1	-2	0	0	0	0	0	0	7	1	1	0	2
2023	115	Michael Burton	DEN	17	7	9	1.3	1	0.1	8	1.1	0	2	-3	0	0	0	0	0	0	4	3	3	1	1
2023	119	C.J. Ham	MIN	17	1	7	7	5	5	2	2	0	0	0	0	0	0	0	0	0	7	7	9	0	2
2023	119	Sean Tucker	TB	5	15	23	1.5	11	0.7	12	0.8	1	3	-7	0	0	0	0	0	0	7	2	2	0	1
2023	119	Khari Blasingame	CHI	8	8	26	3.3	11	1.4	15	1.9	0	0	0	0	0	0	0	0	0	6	3	6	1	0
2023	119	Derrick Gore	WAS	3	3	26	8.7	22	7.3	4	1.3	0	0	0	0	1	1	0	0	0	23	0	0	0	0
2023	123	Jake Funk	BAL	1	2	10	5	0	0	0	0	0	0	0	0	0	0	0	0	0	7	1	1	0	0
2023	123	DeeJay Dallas	SEA	17	10	36	3.6	29	2.9	7	0.7	1	2	-2	0	0	0	0	0	0	8	6	9	0	7
2023	123	Bam Knight	DET	2	3	13	4.3	7	2.3	6	2	0	0	0	0	0	0	0	0	0	8	1	1	0	1
2023	123	Tyrion Davis-Price	SF	1	6	21	3.5	7	1.2	14	2.3	0	1	-4	0	1	0	0	0	0	15	0	0	0	0
2023	123	Zach Evans	LAR	4	9	19	2.1	5	0.6	14	1.6	1	0	0	0	0	0	0	0	0	5	0	0	0	0
2023	123	Elijah Dotson	LAC	1	4	6	1.5	3	0.8	3	0.8	0	0	0	0	0	0	0	0	0	2	2	2	0	2
2023	129	Devine Ozigbo	DET	1	3	5	1.7	2	0.7	3	1	1	1	-3	0	0	0	0	0	0	4	1	1	0	0
2023	129	Kene Nwangwu	MIN	8	5	13	2.6	8	1.6	5	1	0	1	-1	0	0	0	0	0	0	8	0	0	0	0
2023	129	Jashaun Corbin	NYG	3	1	1	1	0	0	0	0	0	0	0	0	0	0	0	0	0	1	3	3	0	5
2023	129	Chris Evans	CIN	3	2	12	6	7	3.5	5	2.5	0	0	0	0	0	0	0	0	0	7	1	1	0	0
2023	129	Jonathan Ward	TEN	2	3	11	3.7	5	1.7	6	2	0	0	0	0	0	0	0	0	0	8	0	0	0	0
2023	129	Kenyan Drake	GB	2	2	0	0	0	0	0	0	0	0	0	0	0	0	0	0	0	0	2	3	0	10
2023	129	Evan Hull	IND	1	1	1	1	0	0	0	0	0	0	0	0	0	0	0	0	0	1	1	1	0	0
2023	136	Adam Prentice	NO	6	2	12	6	10	5	2	1	0	0	0	0	0	0	0	0	0	7	2	3	0	0
2023	136	James Robinson	NO	1	1	2	2	0	0	2	2	0	0	0	0	0	0	0	0	0	2	1	1	0	0
2023	136	Jonathan Williams	WAS	1	1	-2	-2	0	0	0	0	0	1	-2	0	0	0	0	0	0	0	0	1	0	0
2023	139	Deon Jackson	NYG	2	14	16	1.1	3	0.2	13	0.9	0	2	-5	0	0	0	0	0	0	7	5	6	0	5
2022	1	Josh Jacobs	LV	17	340	1,653	4.9	832	2.4	821	2.4	31	26	-57	86	41	7	4	2	1	86	53	64	4	61
2022	2	Christian McCaffrey	SF	17	244	1,139	4.7	683	2.8	456	1.9	10	21	-33	38	28	9	4	1	0	49	85	108	9	221
2022	3	Derrick Henry	TEN	16	349	1,538	4.4	739	2.1	799	2.3	35	36	-77	48	37	10	4	4	2	56	33	41	6	46
2022	4	Austin Ekeler	LAC	17	204	915	4.5	529	2.6	386	1.9	5	20	-33	72	22	4	2	2	2	72	107	127	23	178
2022	5	Nick Chubb	CLE	17	302	1,525	5	830	2.7	695	2.3	28	28	-61	41	47	13	4	1	0	41	27	37	1	55
2022	6	Saquon Barkley	NYG	16	295	1,312	4.4	749	2.5	563	1.9	12	31	-77	36	32	9	4	2	1	68	57	76	2	86
2022	7	Jamaal Williams	DET	17	262	1,066	4.1	626	2.4	440	1.7	13	20	-43	51	22	4	2	2	2	58	12	16	2	25
2022	8	Tony Pollard	DAL	16	193	1,007	5.2	504	2.6	503	2.6	11	19	-60	57	31	9	4	3	2	57	39	55	8	38
2022	9	Dalvin Cook	MIN	17	264	1,173	4.4	685	2.6	481	1.8	12	34	-65	81	30	5	4	3	2	81	39	56	10	60
2022	10	Miles Sanders	PHI	17	259	1,269	4.9	837	3.2	432	1.7	13	22	-32	40	34	9	2	1	0	40	20	26	0	17
2022	11	Aaron Jones Sr.	GB	17	213	1,121	5.3	645	3	476	2.2	13	23	-57	15	31	6	4	0	0	36	59	72	9	69
2022	12	Najee Harris	PIT	17	272	1,034	3.8	577	2.1	457	1.7	21	22	-49	19	20	1	1	0	0	36	41	53	7	60
2022	13	Joe Mixon	CIN	15	212	826	3.9	516	2.4	310	1.5	8	15	-33	14	16	4	2	1	0	40	60	75	13	114
2022	14	Rhamondre Stevenson	NE	17	210	1,040	5	601	2.9	439	2.1	24	18	-43	34	30	7	4	1	0	49	69	88	6	114
2022	15	Kenneth Walker III	SEA	15	228	1,050	4.6	623	2.7	427	1.9	12	33	-83	74	29	10	5	3	3	74	27	35	1	32
2022	16	Travis Etienne Jr.	JAC	17	220	1,125	5.1	738	3.4	387	1.8	14	29	-57	62	26	8	5	4	1	62	35	45	5	30
2022	17	Ezekiel Elliott	DAL	15	231	876	3.8	520	2.3	356	1.5	9	16	-35	14	17	5	0	0	0	27	17	23	1	22
2022	18	Alvin Kamara	NO	15	223	897	4	450	2	447	2	7	16	-33	4	20	3	0	0	0	27	57	77	11	123
2022	19	James Conner	ARI	13	183	782	4.3	444	2.4	338	1.8	5	12	-17	22	15	3	0	0	0	23	46	58	4	83
2022	19	Leonard Fournette	TB	16	189	668	3.5	382	2	286	1.5	4	19	-30	1	14	1	0	0	0	23	73	83	9	197
2022	21	David Montgomery	CHI	16	201	801	4	405	2	396	2	20	13	-41	9	17	2	0	0	0	28	34	40	3	112
2022	22	Tyler Allgeier	ATL	16	210	1,035	4.9	609	2.9	426	2	5	15	-24	5	21	6	3	3	0	44	16	17	0	51
2022	22	D'Andre Swift	DET	14	99	542	5.5	385	3.8	173	1.7	5	12	-26	17	14	3	3	2	2	50	48	70	14	74
2022	24	Jerick McKinnon	KC	17	72	291	4	180	2.5	111	1.5	6	8	-12	26	5	2	1	0	0	30	56	71	15	70
2022	24	Devin Singletary	BUF	17	178	822	4.6	549	3.1	273	1.5	9	19	-43	33	21	5	2	0	0	33	38	52	7	47
2022	24	AJ Dillon	GB	17	186	770	4.1	453	2.4	317	1.7	6	9	-18	21	15	3	0	0	0	27	28	43	4	55
2022	27	Raheem Mostert	MIA	16	181	891	4.9	512	2.8	379	2.1	16	15	-28	24	27	6	1	1	1	67	31	42	7	82
2022	27	Jeff Wilson Jr.	MIA	16	176	860	4.9	582	3.3	278	1.6	9	16	-20	32	24	7	3	1	0	41	22	37	6	30
2022	29	Dameon Pierce	HOU	13	220	939	4.3	433	2	506	2.3	27	28	-61	75	22	7	3	2	1	75	30	39	2	51
2022	30	Cordarrelle Patterson	ATL	13	144	695	4.8	414	2.9	281	2	4	16	-33	17	18	4	1	1	0	40	21	31	3	6
2022	31	Cam Akers	LAR	15	188	786	4.2	379	2	407	2.2	13	22	-51	14	17	3	2	1	0	42	13	18	3	36
2022	32	Latavius Murray	DEN	14	171	760	4.4	478	2.8	282	1.6	5	10	-21	10	16	5	2	1	1	52	27	35	0	16
2022	33	D'Onta Foreman	CAR	16	203	914	4.5	505	2.5	409	2	10	17	-28	12	21	8	2	1	1	60	5	9	1	14
2022	34	Isiah Pacheco	KC	17	170	830	4.9	537	3.2	293	1.7	4	5	-9	8	15	3	1	0	0	31	13	14	1	30
2022	35	Antonio Gibson	WAS	15	149	546	3.7	326	2.2	220	1.5	5	9	-26	1	11	1	0	0	0	20	46	58	6	51
2022	36	Jonathan Taylor	IND	12	192	861	4.5	481	2.5	380	2	24	15	-30	66	21	5	1	1	1	66	28	40	3	44
2022	37	Khalil Herbert	CHI	13	129	731	5.7	404	3.1	327	2.5	9	8	-13	12	22	4	3	2	2	63	9	12	2	8
2022	38	Samaje Perine	CIN	16	95	394	4.1	232	2.4	162	1.7	5	6	-19	7	5	1	0	0	0	29	38	51	7	80
2022	38	Brian Robinson Jr.	WAS	12	205	797	3.9	457	2.2	340	1.7	8	12	-19	1	18	2	0	0	0	24	9	12	1	13
2022	40	Breece Hall	NYJ	7	80	463	5.8	332	4.2	131	1.6	3	9	-21	62	15	3	2	1	1	62	19	31	5	42
2022	41	Kareem Hunt	CLE	17	123	468	3.8	233	1.9	235	1.9	6	13	-33	24	14	2	0	0	0	24	35	44	7	58
2022	42	Rachaad White	TB	17	129	481	3.7	315	2.4	166	1.3	4	11	-25	1	8	2	1	0	0	35	50	58	8	65
2022	43	Kenyan Drake	BAL	12	109	482	4.4	355	3.3	127	1.2	0	15	-32	30	11	5	3	1	0	40	17	26	5	6
2022	44	James Cook III	BUF	17	91	525	5.8	347	3.8	178	2	3	5	-7	27	13	6	1	0	0	33	21	32	6	12
2022	45	Michael Carter	NYJ	16	114	402	3.5	270	2.4	132	1.2	7	9	-21	6	7	3	0	0	0	25	41	54	8	30
2022	46	Clyde Edwards-Helaire	KC	10	71	302	4.3	134	1.9	168	2.4	3	4	-12	16	5	2	1	1	1	52	17	23	6	52
2022	47	James Robinson	NYJ	11	110	425	3.9	288	2.6	137	1.2	6	12	-17	50	9	4	2	1	1	50	11	14	3	5
2022	48	J.K. Dobbins	BAL	8	92	520	5.7	319	3.5	201	2.2	9	8	-14	4	16	4	2	1	0	44	7	8	2	8
2022	48	Damien Harris	NE	11	106	462	4.4	304	2.9	158	1.5	5	7	-19	5	11	2	1	0	0	30	17	23	6	30
2022	48	Chuba Hubbard	CAR	14	95	466	4.9	295	3.1	171	1.8	4	6	-12	17	10	3	3	0	0	35	14	17	0	50
2022	51	Alexander Mattison	MIN	17	74	283	3.8	171	2.3	112	1.5	6	11	-23	14	9	0	0	0	0	15	15	18	5	24
2022	52	Jaylen Warren	PIT	16	77	379	4.9	242	3.1	137	1.8	5	4	-6	2	11	3	1	0	0	31	28	33	4	76
2022	52	Kenny Gainwell	PHI	17	53	240	4.5	169	3.2	71	1.3	2	1	-1	10	7	0	0	0	0	13	23	29	3	30
2022	52	Eno Benjamin	NO	13	77	313	4.1	160	2.1	153	2	7	9	-20	11	5	1	1	1	0	45	25	34	4	53
2022	55	Melvin Gordon II	IKC	10	90	318	3.5	168	1.9	150	1.7	5	9	-18	1	4	0	0	0	0	17	25	32	2	19
2022	56	Gus Edwards	BAL	9	87	433	5	248	2.9	185	2.1	6	6	-6	7	13	3	1	0	0	37	0	2	0	0
2022	57	Chase Edmonds	DEN	13	68	245	3.6	154	2.3	91	1.3	0	9	-20	3	5	3	0	0	0	28	16	24	4	25
2022	58	Darrell Henderson Jr.	JAC	10	70	283	4	185	2.6	98	1.4	2	1	-1	8	5	1	0	0	0	23	17	22	2	21
2022	58	Dontrell Hilliard	TEN	12	22	145	6.6	109	5	36	1.6	0	0	0	0	5	2	1	0	0	30	21	26	7	19
2022	60	Deon Jackson	IND	12	68	236	3.5	136	2	100	1.5	1	6	-12	3	6	0	0	0	0	17	30	34	3	65
2022	61	Zack Moss	IND	13	93	456	4.9	263	2.8	193	2.1	8	4	-13	15	11	2	2	1	0	43	11	13	0	15
2022	62	Nyheim Miller-Hines	BUF	16	24	33	1.4	24	1	9	0.4	0	5	-16	6	0	0	0	0	0	9	30	37	7	55
2022	62	Joshua Kelley	LAC	12	69	287	4.2	165	2.4	122	1.8	4	2	-4	5	6	1	0	0	0	22	14	25	1	10
2022	64	JaMycal Hasty	JAC	14	46	194	4.2	145	3.2	49	1.1	5	10	-22	61	6	1	1	1	1	61	21	27	1	34
2022	65	Rashaad Penny	SEA	5	57	346	6.1	169	3	177	3.1	2	4	-7	41	10	5	3	1	0	41	4	5	1	7
2022	66	Bam Knight	NYJ	7	85	300	3.5	214	2.5	86	1	2	13	-30	13	7	1	1	1	0	48	13	14	2	21
2022	67	Caleb Huntley	ATL	12	76	366	4.8	219	2.9	147	1.9	0	5	-5	5	8	2	1	0	0	30	2	2	0	1
2022	68	Boston Scott	PHI	15	54	217	4	170	3.1	47	0.9	2	8	-12	8	6	1	0	0	0	21	5	6	0	3
2022	68	Elijah Mitchell	SF	5	45	279	6.2	170	3.8	109	2.4	2	2	-2	6	8	1	1	0	0	37	3	4	1	2
2022	70	Matt Breida	NYG	17	54	220	4.1	151	2.8	69	1.3	2	6	-14	3	5	0	0	0	0	18	20	25	0	15
2022	71	Justin Jackson	DET	15	42	170	4	90	2.1	80	1.9	3	6	-14	15	6	1	0	0	0	27	12	19	4	25
2022	72	Kyle Juszczyk	SF	13	7	26	3.7	12	1.7	14	2	0	0	0	1	0	0	0	0	0	9	19	23	2	58
2022	73	Rex Burkhead	HOU	15	26	80	3.1	49	1.9	31	1.2	2	4	-8	0	0	0	0	0	0	9	37	51	9	12
2022	73	Mark Ingram I	INO	10	62	233	3.8	139	2.2	94	1.5	4	4	-8	5	4	0	0	0	0	14	16	18	5	15
2022	75	Raheem Blackshear	CAR	13	23	77	3.3	38	1.7	39	1.7	1	5	-11	8	2	0	0	0	0	16	10	12	1	28
2022	76	Jordan Mason	SF	12	43	258	6	123	2.9	135	3.1	3	4	-8	14	7	1	1	1	1	55	0	0	0	0
2022	77	Ty Johnson	NYJ	12	30	160	5.3	72	2.4	88	2.9	7	5	-13	32	6	2	1	0	0	32	12	24	0	5
2022	78	Marlon Mack	DEN	8	16	84	5.3	61	3.8	23	1.4	2	1	-1	3	1	0	0	0	0	17	8	10	0	38
2022	78	DeeJay Dallas	SEA	15	35	186	5.3	131	3.7	55	1.6	3	1	-1	0	4	1	0	0	0	27	17	19	1	13
2022	78	Justice Hill	BAL	15	49	262	5.3	176	3.6	86	1.8	7	2	-5	0	9	1	1	0	0	34	12	12	0	9
2022	81	Ameer Abdullah	LV	16	4	20	5	13	3.3	7	1.8	0	0	0	0	0	0	0	0	0	7	25	32	6	33
2022	81	J.D. McKissic	WAS	9	22	95	4.3	64	2.9	31	1.4	1	2	-3	0	2	1	1	0	0	33	27	40	4	17
2022	81	Dare Ogunbowale	HOU	15	42	123	2.9	87	2.1	36	0.9	0	4	-7	3	1	0	0	0	0	11	20	26	2	15
2022	84	Malik Davis	DAL	6	38	161	4.2	119	3.1	42	1.1	2	6	-9	23	4	2	0	0	0	23	6	7	2	10
2022	85	Travis Homer	SEA	12	19	74	3.9	42	2.2	32	1.7	1	1	-2	0	1	0	0	0	0	16	16	18	1	22
2022	86	Javonte Williams	DEN	4	47	204	4.3	94	2	110	2.3	6	5	-11	0	7	0	0	0	0	17	16	22	6	34
2022	87	Gary Brightwell	NYG	15	31	141	4.5	82	2.6	59	1.9	1	4	-6	2	6	1	0	0	0	25	5	8	3	10
2022	88	Alec Ingold	MIA	13	6	8	1.3	3	0.5	5	0.8	0	0	0	1	0	0	0	0	0	2	15	23	2	25
2022	89	Craig Reynolds	DET	7	23	102	4.4	68	3	34	1.5	0	3	-9	0	3	1	0	0	0	21	9	10	0	17
2022	90	Kyren Williams	LAR	8	35	139	4	80	2.3	59	1.7	0	5	-8	0	1	0	0	0	0	17	9	12	1	25
2022	90	C.J. Ham	MIN	12	4	7	1.8	5	1.3	2	0.5	0	0	0	3	0	0	0	0	0	3	10	12	2	10
2022	90	Avery Williams	ATL	17	22	109	5	83	3.8	26	1.2	0	4	-13	8	4	1	0	0	0	21	13	14	3	6
2022	93	Pierre Strong Jr.	NE	10	10	100	10	81	8.1	19	1.9	0	0	0	3	3	1	1	1	0	44	7	7	0	2
2022	93	Mike Boone	DEN	8	24	102	4.3	69	2.9	33	1.4	3	1	-1	0	4	0	0	0	0	18	9	15	2	12
2022	95	Jonathan Williams	WAS	9	37	152	4.1	62	1.7	90	2.4	1	4	-7	0	3	1	0	0	0	23	7	10	0	4
2022	95	Tevin Coleman	SF	3	12	26	2.2	13	1.1	13	1.1	0	4	-6	5	1	0	0	0	0	14	3	3	1	4
2022	95	Brandon Bolden	LV	13	17	66	3.9	50	2.9	16	0.9	0	0	0	0	2	0	0	0	0	12	10	10	1	11
2022	98	Malcolm Brown	LAR	7	18	81	4.5	62	3.4	19	1.1	2	2	-4	23	3	1	0	0	0	23	5	6	2	1
2022	99	Darrel Williams	ARI	5	21	102	4.9	78	3.7	24	1.1	0	1	-1	1	2	1	1	0	0	30	4	8	1	4
2022	99	Corey Clement	ARI	5	15	55	3.7	41	2.7	14	0.9	0	0	0	1	1	0	0	0	0	12	5	7	0	17
2022	99	Benny Snell Jr.	PIT	9	20	90	4.5	54	2.7	36	1.8	0	0	0	2	2	0	0	0	0	16	2	2	0	11
2022	102	Sony Michel	LAC	10	36	106	2.9	42	1.2	64	1.8	3	2	-6	0	1	0	0	0	0	12	9	13	0	11
2022	103	Ronald Jones I	IKC	5	17	70	4.1	47	2.8	23	1.4	1	1	-1	2	1	0	0	0	0	13	1	1	0	3
2022	103	Derek Watt	PIT	12	9	21	2.3	12	1.3	9	1	0	0	0	1	0	0	0	0	0	4	5	5	2	0
2022	103	Hassan Haskins	TEN	14	25	93	3.7	31	1.2	62	2.5	2	0	0	0	1	0	0	0	0	12	11	12	0	19
2022	106	Keaontay Ingram	ARI	11	27	60	2.2	24	0.9	36	1.3	0	3	-7	2	2	0	0	0	0	13	4	5	1	21
2022	106	Zander Horvath	LAC	8	4	8	2	6	1.5	2	0.5	0	0	0	0	0	0	0	0	0	3	5	8	2	0
2022	108	Salvon Ahmed	MIA	7	12	64	5.3	37	3.1	27	2.3	1	0	0	11	2	0	0	0	0	11	1	1	0	0
2022	108	Royce Freeman	HOU	5	41	117	2.9	92	2.2	25	0.6	2	4	-14	0	1	0	0	0	0	11	6	8	0	4
2022	110	Kevin Harris	NE	5	18	52	2.9	29	1.6	23	1.3	3	3	-7	14	2	0	0	0	0	14	0	0	0	0
2022	111	Snoop Conner	JAC	5	12	42	3.5	31	2.6	11	0.9	0	0	0	3	0	0	0	0	0	8	0	0	0	0
2022	111	Tyrion Davis-Price	SF	5	34	99	2.9	46	1.4	53	1.6	2	4	-12	0	2	1	0	0	0	20	0	2	0	0
2022	111	Darrynton Evans	CHI	3	14	64	4.6	37	2.6	27	1.9	0	0	0	0	1	1	0	0	0	21	1	1	0	12
2022	111	Kene Nwangwu	MIN	14	9	14	1.6	4	0.4	10	1.1	0	2	-5	0	0	0	0	0	0	8	2	2	0	3
2022	115	Patrick Ricard	BAL	13	7	16	2.3	7	1	9	1.3	0	0	0	0	0	0	0	0	0	5	11	13	1	27
2022	115	Phillip Lindsay	IND	3	15	49	3.3	30	2	19	1.3	0	1	-2	0	1	0	0	0	0	15	6	8	0	0
2022	115	Jordan Wilkins	IND	4	13	58	4.5	41	3.2	17	1.3	0	0	0	0	0	0	0	0	0	9	6	8	2	7
2022	118	Tyler Badie	DEN	1	1	0	0	0	0	0	0	0	0	0	0	0	0	0	0	0	0	1	1	0	9
2022	118	Jaret Patterson	WAS	2	17	78	4.6	40	2.4	38	2.2	0	0	0	0	2	0	0	0	0	14	0	1	0	0
2022	120	Ty Montgomery I	INE	1	2	-2	-1	0	0	0	0	0	1	-2	0	0	0	0	0	0	0	3	4	1	3
2022	120	Ke'Shawn Vaughn	TB	9	17	53	3.1	41	2.4	12	0.7	1	2	-6	0	1	0	0	0	0	12	3	4	0	0
2022	120	Zamir White	LV	11	17	70	4.1	39	2.3	31	1.8	0	3	-10	0	3	1	0	0	0	22	0	0	0	0
2022	123	Trayveon Williams	CIN	9	6	30	5	9	1.5	21	3.5	1	1	-1	0	1	0	0	0	0	16	2	3	0	3
2022	124	Tony Jones Jr.	SEA	3	10	24	2.4	12	1.2	12	1.2	1	2	-4	0	0	0	0	0	0	7	5	8	1	0
2022	124	Myles Gaskin	MIA	2	10	26	2.6	14	1.4	12	1.2	0	1	-2	0	1	0	0	0	0	10	4	6	3	10
2022	124	Isaiah Spiller	LAC	5	18	41	2.3	17	0.9	24	1.3	0	4	-9	0	1	0	0	0	0	11	3	3	0	0
2022	124	Julius Chestnut	TEN	6	9	12	1.3	5	0.6	7	0.8	1	3	-5	0	0	0	0	0	0	5	3	3	0	10
2022	124	Spencer Brown	CAR	2	9	43	4.8	32	3.6	11	1.2	0	0	0	0	0	0	0	0	0	7	2	4	0	1
2022	124	David Johnson	NO	4	12	24	2	6	0.5	18	1.5	0	1	-4	0	0	0	0	0	0	5	4	4	0	6
2022	124	Ronnie Rivers	LAR	2	9	21	2.3	16	1.8	5	0.6	0	0	0	0	0	0	0	0	0	5	5	5	1	11
2022	124	Patrick Taylor Jr.	GB	7	10	31	3.1	13	1.3	18	1.8	0	0	0	0	0	0	0	0	0	6	1	1	0	0
2022	124	Dwayne Washington	NO	7	11	38	3.5	17	1.5	21	1.9	1	1	-1	0	0	0	0	0	0	8	1	1	0	3
2022	133	Trestan Ebner	CHI	11	24	54	2.3	24	1	30	1.3	1	7	-17	0	1	0	0	0	0	11	2	8	0	0
2022	133	Anthony McFarland Jr.	PIT	1	6	30	5	16	2.7	14	2.3	1	1	-1	0	1	0	0	0	0	14	2	2	0	3
2022	135	Larry Rountree III	LAC	3	13	19	1.5	9	0.7	10	0.8	0	2	-5	0	0	0	0	0	0	5	2	2	0	3
2022	135	Jonathan Ward	TEN	4	5	25	5	16	3.2	9	1.8	0	2	-4	0	2	0	0	0	0	12	2	3	1	3
2022	135	Giovani Bernard	TB	4	8	28	3.5	26	3.3	2	0.3	0	0	0	0	0	0	0	0	0	8	2	2	0	0
2022	138	D'Ernest Johnson	CLE	10	4	17	4.3	5	1.3	12	3	0	0	0	0	0	0	0	0	0	7	3	3	0	0
2022	138	Mike Davis	BAL	5	8	18	2.3	13	1.6	5	0.6	1	0	0	0	1	0	0	0	0	10	2	2	0	2
2022	138	Ty Chandler	MIN	2	6	20	3.3	8	1.3	12	2	0	0	0	0	1	0	0	0	0	10	0	0	0	0
2022	138	Trey Sermon	PHI	1	2	19	9.5	10	5	9	4.5	0	0	0	0	1	0	0	0	0	14	0	0	0	0
2022	138	Adam Prentice	NO	6	4	9	2.3	3	0.8	6	1.5	0	0	0	0	0	0	0	0	0	3	3	3	0	5
2022	138	Michael Burton	KC	12	5	7	1.4	4	0.8	3	0.6	0	1	-1	0	0	0	0	0	0	6	2	3	0	2
2022	138	J.J. Taylor	NE	1	10	9	0.9	4	0.4	5	0.5	1	3	-6	0	0	0	0	0	0	5	1	1	0	3
2022	145	Jerome Ford	CLE	13	8	12	1.5	-1	-0.1	13	1.6	0	2	-5	0	0	0	0	0	0	9	0	0	0	0
2022	145	Keith Smith	ATL	10	1	2	2	0	0	2	2	0	0	0	0	0	0	0	0	0	2	1	2	1	5
2022	145	Reggie Bonnafon	WAS	1	3	8	2.7	5	1.7	3	1	0	1	-1	0	0	0	0	0	0	5	0	0	0	0
2022	145	Godwin Igwebuike	SEA	5	3	4	1.3	0	0	0	0	0	1	-3	0	0	0	0	0	0	4	1	1	0	0
2022	145	Devine Ozigbo	DEN	3	3	4	1.3	2	0.7	2	0.7	0	1	-2	0	0	0	0	0	0	4	1	1	0	0
2022	145	Kylin Hill	GB	1	1	7	7	2	2	5	5	0	0	0	0	0	0	0	0	0	7	0	0	0	0
2022	151	Demetric Felton Jr.	CLE	6	1	-4	-4	0	0	0	0	0	1	-4	0	0	0	0	0	0	0	2	4	0	1
2022	151	Duke Johnson Jr.	BUF	1	2	4	2	1	0.5	3	1.5	0	0	0	0	0	0	0	0	0	4	0	0	0	0
2022	151	Damien Williams	ATL	1	2	2	1	0	0	2	1	0	0	0	0	0	0	0	0	0	2	0	0	0	0
2022	151	Jordan Howard	NO	1	1	1	1	0	0	1	1	0	0	0	0	0	0	0	0	0	1	0	0	0	0