Player	Pos	Team	Bye Week	Depth Chart	2025 Projected Fantasy Points	VBD	Week 1	Week 2	Week 3	Week 4	Week 5	Week 6	Week 7	Week 8	Week 9	Week 10	Week 11	Week 12	Week 13	Week 14	Week 15	Week 16	Week 17	Week 18
Ja'Marr Chase	WR	CIN	10	WR1	353.13	149.65	21.92	22.54	24.02	19.82	23.34	18.65	19.95	18.77	18.03	0.00	19.95	20.32	22.05	20.50	22.05	18.83	20.19	21.92
Bijan Robinson	RB	ATL	5	RB1	322.17	142.27	15.67	15.67	23.89	19.38	0.00	19.86	20.41	17.17	19.70	19.15	23.89	19.46	16.22	17.88	15.67	19.54	17.41	19.46
Jahmyr Gibbs	RB	DET	8	RB1	315.72	135.82	19.25	21.99	16.60	16.85	19.25	14.89	16.94	0.00	16.94	20.96	14.46	21.64	19.25	19.93	18.82	18.65	16.94	21.99
Saquon Barkley	RB	PHI	9	RB1	311.47	131.57	19.01	14.19	17.95	16.15	17.86	20.64	16.15	20.64	0.00	18.35	16.31	19.01	20.96	15.66	17.95	19.99	20.48	19.99
De'Von Achane	RB	MIA	12	RB1	290.79	110.89	18.22	18.74	18.89	15.43	22.73	14.45	14.83	16.48	14.60	18.89	18.44	0.00	18.52	15.43	16.41	16.94	14.90	18.74
Christian McCaffrey	RB	SF	14	RB1	287.03	107.13	16.21	17.65	17.72	19.30	15.78	14.20	15.71	12.70	18.15	15.78	17.72	21.67	14.13	0.00	17.15	17.36	18.44	16.21
Justin Jefferson	WR	MIN	6	WR1	310.52	107.04	16.04	20.38	17.08	17.74	19.50	0.00	17.08	18.51	20.76	19.61	16.04	16.59	18.62	17.85	19.83	18.29	20.76	16.59
CeeDee Lamb	WR	DAL	10	WR1	307.70	104.22	17.14	18.36	16.10	16.65	16.76	19.13	17.92	17.70	18.03	0.00	17.47	17.14	18.52	20.84	21.44	18.58	17.92	18.36
Malik Nabers	WR	NYG	14	WR1	306.37	102.89	17.51	19.45	18.10	18.16	19.40	16.76	17.29	16.76	16.70	15.73	16.27	20.37	17.73	0.00	17.51	20.96	17.08	19.45
Derrick Henry	RB	BAL	7	RB1	279.11	99.21	19.12	15.00	15.23	13.25	13.48	16.75	0.00	19.57	16.53	15.08	15.00	15.61	17.14	16.60	17.14	18.96	17.14	16.60
Josh Jacobs	RB	GB	5	RB1	272.81	92.91	14.19	17.39	13.98	16.54	0.00	15.97	17.53	15.47	21.43	11.99	17.96	14.05	14.19	18.24	15.54	18.24	13.77	14.05
Puka Nacua	WR	LAR	8	WR1	293.16	89.68	16.70	15.27	15.83	17.15	15.78	18.17	18.58	0.00	18.32	15.78	17.26	18.83	17.66	16.64	19.24	17.26	18.88	16.64
Amon-Ra St. Brown	WR	DET	8	WR1	292.63	89.14	15.66	15.14	18.51	18.40	16.12	17.42	19.18	0.00	20.17	16.85	16.12	17.26	15.66	18.71	16.17	16.74	20.17	15.14
Ashton Jeanty	RB	LV	8	RB1	266.04	86.14	17.84	13.76	17.56	18.42	17.34	17.13	12.47	0.00	19.28	15.69	16.70	14.12	13.76	15.69	12.11	12.68	18.13	12.47
Brian Thomas Jr.	WR	JAC	8	WR1	286.90	83.42	18.07	16.19	17.08	16.14	17.49	17.65	16.24	0.00	16.50	17.08	17.55	17.02	15.62	17.55	15.83	16.71	17.55	15.62
Kyren Williams	RB	LAR	8	RB1	260.68	80.78	11.67	15.75	11.14	15.95	17.01	12.79	17.73	0.00	16.22	17.01	14.90	13.05	19.91	16.28	13.18	14.90	14.44	16.28
Brock Bowers	TE	LV	8	TE1	253.71	80.53	14.29	13.31	15.28	15.53	18.36	11.46	17.62	0.00	16.63	14.91	13.06	17.00	13.31	14.91	13.68	14.66	11.46	17.62
Alvin Kamara	RB	NO	11	RB1	258.41	78.51	15.63	16.32	14.30	15.88	16.01	15.75	16.26	12.53	13.92	19.11	0.00	13.86	13.73	12.53	19.11	12.97	15.12	13.86
Chase Brown	RB	CIN	10	RB1	258.14	78.24	13.44	18.36	13.51	14.94	13.65	15.35	14.88	13.99	17.54	0.00	14.88	16.99	13.24	17.13	13.24	14.81	16.86	13.44
Jonathan Taylor	RB	IND	11	RB1	257.01	77.11	14.42	14.55	15.88	14.62	14.62	16.41	12.76	15.88	14.49	14.55	0.00	11.56	11.76	17.88	15.02	17.14	17.88	11.76
Bucky Irving	RB	TB	9	RB1	256.10	76.20	14.12	11.41	13.21	10.89	14.57	16.63	12.89	15.86	0.00	16.05	16.18	14.18	15.92	15.86	14.12	19.47	13.99	19.47
Nico Collins	WR	HOU	6	WR1	278.48	74.99	15.31	18.15	17.91	14.72	17.51	0.00	16.63	15.21	15.75	17.91	14.72	16.29	16.53	16.48	16.04	15.55	16.53	16.53
Lamar Jackson	QB	BAL	7	QB1	453.02	70.04	28.14	27.66	29.26	27.98	26.86	28.30	0.00	21.90	22.54	24.30	27.66	26.06	31.34	25.58	31.34	25.74	24.14	25.58
Trey McBride	TE	ARI	8	TE1	242.72	69.55	12.50	16.52	12.16	12.94	10.38	16.63	14.28	0.00	11.83	12.94	12.16	15.06	15.51	17.18	13.28	13.84	18.52	17.18
Josh Allen	QB	BUF	7	QB1	450.01	67.03	28.23	25.28	21.87	24.97	24.97	31.17	0.00	32.10	27.14	21.87	31.02	26.05	24.81	30.40	24.97	26.83	22.95	25.28
Drake London	WR	ATL	5	WR1	265.59	62.10	16.90	17.77	15.85	14.85	0.00	15.16	14.16	13.93	15.03	15.39	15.85	16.44	13.89	15.48	16.90	14.94	14.25	16.44
Davante Adams	WR	LAR	8	WR2	265.58	62.09	15.03	13.74	14.25	15.44	14.20	16.35	16.72	0.00	16.49	14.20	15.53	16.95	15.90	14.98	17.32	15.53	17.00	14.98
George Kittle	TE	SF	14	TE1	234.60	61.42	12.94	12.49	10.60	15.06	17.18	15.50	13.83	13.27	10.37	17.18	10.60	16.51	15.39	0.00	10.37	16.62	14.05	12.94
Kenneth Walker III	RB	SEA	8	RB1	239.11	59.21	15.34	12.96	14.63	14.68	11.77	15.99	10.52	0.00	14.57	14.68	13.08	14.21	11.77	13.02	14.39	13.08	17.95	15.34
Breece Hall	RB	NYJ	9	RB1	238.86	58.96	13.37	15.39	12.14	13.31	14.29	13.43	18.52	13.80	0.00	12.08	15.27	11.90	13.43	13.31	16.50	15.09	15.27	15.39
Ladd McConkey	WR	LAC	12	WR1	261.83	58.34	15.74	14.85	15.03	15.60	15.22	14.28	15.78	18.22	14.05	15.13	17.09	0.00	14.85	14.56	15.74	16.91	15.36	15.03
A.J. Brown	WR	PHI	9	WR1	261.48	58.00	16.44	15.31	14.21	16.85	14.62	15.17	17.72	15.17	0.00	13.76	17.22	16.44	13.30	15.35	14.44	14.80	15.12	14.80
Tyreek Hill	WR	MIA	12	WR1	260.01	56.52	15.15	14.79	14.93	13.67	15.60	15.15	15.96	16.68	16.05	14.93	14.61	0.00	16.19	13.67	14.52	13.98	16.64	14.79
Tee Higgins	WR	CIN	10	WR2	258.23	54.74	16.03	16.48	17.57	14.50	17.07	13.64	14.59	13.73	13.19	0.00	14.59	14.86	16.12	14.99	16.12	13.77	14.77	16.03
James Cook	RB	BUF	7	RB1	232.26	52.36	12.23	12.92	13.68	15.51	15.70	13.80	0.00	19.04	10.97	13.68	12.48	11.16	13.74	14.18	15.70	12.42	10.65	12.92
Jaxon Smith-Njigba	WR	SEA	8	WR1	255.04	51.56	13.87	14.45	16.11	14.63	16.56	16.33	14.68	0.00	14.54	14.63	13.96	13.43	17.41	16.60	15.08	13.96	15.53	13.87
Joe Burrow	QB	CIN	10	QB1	434.15	51.18	26.66	30.66	23.42	25.12	28.20	23.27	24.65	25.12	21.11	0.00	24.65	24.81	28.04	27.12	28.04	21.73	25.73	26.66
James Conner	RB	ARI	8	RB1	229.93	50.03	14.19	17.42	14.89	13.04	13.79	13.96	12.98	0.00	13.44	13.04	14.89	15.52	11.42	12.69	10.21	12.64	12.98	12.69
Mike Evans	WR	TB	9	WR1	253.12	49.63	16.37	14.47	13.41	13.72	14.95	13.67	16.67	15.88	0.00	14.51	14.64	13.76	14.42	15.88	16.37	15.31	13.45	15.31
Terry McLaurin	WR	WAS	12	WR1	246.86	43.37	14.43	13.09	13.74	16.08	14.61	12.66	15.65	14.56	14.69	16.38	13.22	0.00	13.91	16.86	14.43	13.48	15.65	13.48
DJ Moore	WR	CHI	5	WR1	245.97	42.49	16.47	16.01	15.29	13.42	0.00	13.76	15.24	15.12	13.17	14.10	16.47	13.68	13.17	12.79	15.03	12.79	13.13	16.01
Chuba Hubbard	RB	CAR	14	RB1	220.95	41.05	14.94	13.72	12.16	13.83	12.05	12.94	11.38	13.94	12.50	13.66	12.16	14.33	12.22	0.00	13.66	11.00	12.55	11.00
D'Andre Swift	RB	CHI	5	RB1	216.55	36.65	11.58	11.70	13.63	12.87	0.00	14.33	14.39	11.35	13.16	14.80	11.58	12.75	9.89	13.16	11.52	13.16	15.09	11.70
Jayden Daniels	QB	WAS	12	QB1	417.75	34.78	25.13	21.94	25.57	29.20	23.97	19.90	30.94	25.42	23.68	26.58	20.48	0.00	23.68	22.08	25.13	21.50	30.94	21.50
Garrett Wilson	WR	NYJ	9	WR1	237.44	33.96	13.27	13.64	15.20	12.53	14.83	13.19	14.25	12.78	0.00	14.58	13.52	14.67	15.24	12.53	14.99	14.79	13.52	13.64
DK Metcalf	WR	PIT	5	WR1	236.64	33.15	12.54	13.98	13.57	16.05	0.00	14.64	12.83	12.46	13.90	13.90	12.83	12.05	13.70	14.73	12.58	15.59	14.64	14.73
Omarion Hampton	RB	LAC	12	RB1	212.52	32.62	9.97	12.60	12.55	14.49	14.03	12.43	13.86	11.34	13.69	12.49	15.41	0.00	12.60	9.68	9.97	13.35	10.14	12.55
Aaron Jones Sr.	RB	MIN	6	RB1	211.76	31.86	14.69	12.52	12.86	12.46	11.26	0.00	9.66	10.97	11.43	11.09	14.69	12.86	12.92	14.00	13.32	14.46	11.43	12.86
Marvin Harrison Jr.	WR	ARI	8	WR1	235.06	31.57	14.96	14.42	12.88	14.09	12.47	14.00	12.55	0.00	15.00	14.09	12.88	15.17	15.38	12.97	13.63	15.42	12.92	12.97
Jalen Hurts	QB	PHI	9	QB1	411.58	28.61	29.63	24.34	24.62	27.82	22.67	24.06	21.14	24.06	0.00	21.00	25.46	29.63	19.06	22.95	24.48	22.67	24.48	22.67
DeVonta Smith	WR	PHI	9	WR2	227.93	24.45	14.35	13.36	12.40	14.71	12.76	13.24	15.47	13.24	0.00	12.01	15.03	14.35	11.61	13.40	12.60	12.92	13.20	12.92
David Montgomery	RB	DET	8	RB2	203.65	23.75	12.37	14.13	10.67	10.83	12.37	9.57	10.89	0.00	10.89	13.47	9.29	13.91	12.37	12.81	12.10	11.99	10.89	14.13
Tony Pollard	RB	TEN	10	RB1	203.58	23.68	11.53	11.58	12.74	9.32	13.00	11.58	13.11	12.74	10.11	0.00	9.32	11.90	14.16	10.37	13.58	9.16	12.95	14.16
Courtland Sutton	WR	DEN	12	WR1	225.94	22.45	12.19	13.70	13.70	12.64	12.64	12.36	13.54	14.67	13.33	12.89	13.66	0.00	13.21	12.89	12.28	14.84	13.66	13.70
Xavier Worthy	WR	KC	10	WR2	224.88	21.39	13.24	12.22	13.08	14.02	14.34	14.85	12.45	12.77	13.04	0.00	12.61	13.24	14.18	12.88	13.24	11.78	12.61	12.45
TreVeyon Henderson	RB	NE	14	RB1	198.67	18.77	11.14	10.99	11.04	15.29	12.71	12.46	12.10	9.97	11.09	10.03	10.38	11.39	12.81	0.00	12.71	9.82	10.38	10.99
Zay Flowers	WR	BAL	7	WR1	218.69	15.21	12.97	13.87	14.77	13.13	12.82	12.19	0.00	11.41	11.92	15.20	13.87	11.88	12.15	12.62	12.15	12.85	11.80	12.62
Sam LaPorta	TE	DET	8	TE1	188.33	15.15	11.01	10.84	10.33	11.88	14.28	12.31	11.96	0.00	10.41	10.67	9.55	8.00	11.01	9.12	13.25	12.31	10.41	10.84
Travis Kelce	TE	KC	10	TE1	186.75	13.58	9.98	10.26	8.59	11.09	12.48	8.69	14.42	11.46	10.17	0.00	11.18	13.77	9.80	11.00	9.98	8.59	11.18	14.42
Jerry Jeudy	WR	CLE	9	WR1	215.36	11.87	12.07	13.86	11.72	14.67	15.10	12.54	11.84	12.77	0.00	11.80	13.86	12.31	12.03	11.65	11.34	12.89	12.54	12.07
T.J. Hockenson	TE	MIN	6	TE1	184.72	11.55	11.44	11.26	15.07	12.98	12.53	0.00	10.08	9.80	8.53	10.89	11.44	11.62	10.53	11.26	9.62	8.44	8.53	11.62
Jakobi Meyers	WR	LV	8	WR1	214.85	11.36	12.54	12.84	12.38	11.13	12.84	11.43	12.80	0.00	13.91	12.23	13.75	13.53	12.84	12.23	11.85	12.50	12.69	12.80
George Pickens	WR	DAL	10	WR2	213.73	10.24	11.77	12.60	11.05	11.43	11.51	13.13	12.30	12.15	12.38	0.00	12.00	11.77	12.72	14.31	14.72	12.76	12.30	12.60
Calvin Ridley	WR	TEN	10	WR1	213.55	10.07	11.99	11.65	12.58	12.25	12.21	11.84	12.29	12.58	12.58	0.00	12.25	12.66	13.63	13.26	11.58	12.55	13.44	13.63
Jameson Williams	WR	DET	8	WR2	213.43	9.94	11.33	10.96	13.40	13.32	11.67	12.61	13.89	0.00	14.60	12.20	11.67	12.50	11.33	13.55	11.71	12.12	14.60	10.96
Joe Mixon	RB	HOU	6	RB1	188.91	9.01	11.10	9.99	13.58	12.06	9.79	0.00	11.41	13.02	11.05	13.58	12.06	12.67	12.22	8.78	12.47	11.10	9.69	12.22
David Njoku	TE	CLE	9	TE1	180.16	6.98	13.94	10.07	10.75	7.89	10.16	12.00	11.00	9.74	0.00	9.15	10.07	13.10	9.15	7.81	10.58	9.23	12.00	13.94
Mark Andrews	TE	BAL	7	TE1	177.49	4.32	8.78	11.01	7.50	11.41	9.49	12.29	0.00	10.05	10.45	9.65	11.01	8.70	13.24	11.41	13.24	9.25	10.21	11.41
Baker Mayfield	QB	TB	9	QB1	385.32	2.34	26.39	22.05	21.40	19.43	21.40	21.00	24.02	21.14	0.00	21.14	23.10	23.24	21.92	21.14	26.39	27.17	18.51	27.17
Patrick Mahomes II	QB	KC	10	QB1	383.56	0.58	21.28	19.08	22.31	23.47	25.66	23.60	22.70	21.02	22.70	0.00	21.02	23.08	27.47	21.66	21.28	22.18	21.02	22.70
Tetairoa McMillan	WR	CAR	14	WR1	203.49	0.00	12.51	11.21	12.72	11.28	10.45	12.37	10.42	11.38	10.35	12.34	12.72	10.63	10.69	0.00	12.34	12.68	11.62	12.68
RJ Harvey	RB	DEN	12	RB1	179.90	0.00	11.54	11.69	9.27	10.87	8.16	9.90	12.22	11.25	8.55	10.62	8.40	0.00	11.83	10.62	10.87	12.99	8.40	9.27
Deebo Samuel Sr.	WR	WAS	12	WR2	202.17	-1.31	11.80	10.70	11.24	13.15	11.94	10.35	12.80	11.91	12.02	13.40	10.81	0.00	11.38	13.79	11.80	11.02	12.80	11.02
Kaleb Johnson	RB	PIT	5	RB1	177.92	-1.98	10.08	11.11	12.24	9.74	0.00	9.69	11.06	11.06	11.90	9.44	11.06	12.64	12.34	9.54	10.67	9.83	9.69	9.54
Rashee Rice	WR	KC	10	WR1	198.28	-5.21	11.79	10.88	11.65	12.49	12.77	13.22	11.09	11.37	11.61	0.00	11.23	11.79	12.63	11.47	11.79	10.49	11.23	11.09
Michael Pittman Jr.	WR	IND	11	WR2	198.13	-5.36	10.62	11.18	10.45	10.86	11.04	11.39	11.73	10.45	11.25	12.92	0.00	11.70	11.42	12.71	11.80	10.79	12.71	11.42
Evan Engram	TE	DEN	12	TE1	167.18	-6.00	7.23	11.58	8.39	12.90	8.62	8.47	7.23	8.24	9.25	12.12	11.11	0.00	9.63	12.12	9.95	10.49	11.11	8.39
Jaylen Waddle	WR	MIA	12	WR2	197.39	-6.10	11.60	11.32	11.43	10.46	11.94	11.60	12.22	12.77	12.29	11.43	11.19	0.00	12.39	10.46	11.12	10.70	12.74	11.32
Stefon Diggs	WR	NE	14	WR1	194.77	-8.72	10.92	10.51	11.13	11.95	11.44	12.40	10.34	12.23	12.78	12.75	10.47	10.71	11.47	0.00	11.44	12.30	10.47	10.51
Kyler Murray	QB	ARI	8	QB1	373.35	-9.63	19.78	25.43	19.66	20.02	21.13	21.99	18.55	0.00	26.17	20.02	19.66	24.45	24.57	21.74	20.64	24.69	24.08	21.74
Travis Hunter	WR	JAC	8	WR2	193.03	-10.46	12.18	10.92	11.51	10.88	11.79	11.90	10.95	0.00	11.13	11.51	11.83	11.48	10.53	11.83	10.67	11.27	11.83	10.53
Tyler Warren	TE	IND	11	TE1	162.56	-10.62	10.03	9.27	7.12	11.80	11.95	7.28	8.27	7.12	10.95	9.50	0.00	10.95	9.12	10.34	8.89	8.35	10.34	9.12
Chris Olave	WR	NO	11	WR1	191.98	-11.51	11.00	10.43	11.40	11.17	11.20	11.07	9.82	12.44	10.49	11.67	0.00	12.48	10.26	12.44	11.67	10.22	10.09	12.48
Khalil Shakir	WR	BUF	7	WR1	191.87	-11.62	12.12	10.32	10.36	12.23	11.17	12.60	0.00	11.78	11.41	10.36	12.57	11.14	10.97	10.56	11.17	12.06	10.56	10.32
Cooper Kupp	WR	SEA	8	WR2	191.64	-11.85	10.43	10.87	12.12	11.01	12.45	12.29	11.04	0.00	10.94	11.01	10.50	10.10	13.09	12.49	11.34	10.50	11.68	10.43
Brock Purdy	QB	SF	14	QB1	370.98	-12.00	20.24	19.99	20.73	24.71	21.98	24.83	24.95	20.86	21.48	21.98	20.73	25.70	21.48	0.00	21.35	22.22	17.01	20.24
Ricky Pearsall	WR	SF	14	WR2	191.40	-12.09	11.30	12.00	10.90	12.17	10.40	12.34	12.37	10.94	11.10	10.40	10.90	11.57	11.84	0.00	10.00	11.24	9.74	11.30
Rome Odunze	WR	CHI	5	WR2	190.98	-12.50	12.79	12.43	11.87	10.42	0.00	10.69	11.84	11.74	10.23	10.95	12.79	10.62	10.23	9.93	11.67	9.93	10.19	12.43
Chris Godwin	WR	TB	9	WR2	190.82	-12.67	12.74	11.27	10.44	10.68	11.64	10.65	12.98	12.36	0.00	11.30	11.40	10.72	11.23	12.36	12.74	11.92	10.48	11.92
Jauan Jennings	WR	SF	14	WR1	190.55	-12.93	11.50	12.21	11.09	12.38	10.58	12.55	12.58	11.12	11.29	10.58	11.09	11.77	12.04	0.00	10.17	11.43	9.90	11.50
Bo Nix	QB	DEN	12	QB1	369.82	-13.16	21.51	22.39	20.64	24.51	18.51	20.39	21.64	26.64	21.01	22.01	21.89	0.00	20.39	22.01	18.89	24.89	21.89	20.64
Dallas Goedert	TE	PHI	9	TE1	159.49	-13.69	8.27	11.15	12.01	10.84	9.44	7.25	9.44	7.25	0.00	9.98	7.33	8.27	9.83	8.42	12.16	9.67	8.58	9.67
Tyrone Tracy Jr.	RB	NYG	14	RB1	166.13	-13.77	10.87	10.34	7.72	8.52	10.91	7.50	9.72	7.50	11.45	11.40	9.98	8.87	11.05	0.00	10.87	8.78	9.76	10.34
Zach Ertz	TE	WAS	12	TE1	158.21	-14.97	7.37	10.15	12.37	9.83	8.56	9.99	8.40	11.34	9.20	7.45	10.39	0.00	9.59	9.59	7.37	8.80	8.40	8.80
Jaylen Warren	RB	PIT	5	RB2	164.09	-15.81	8.92	9.84	10.84	8.62	0.00	8.57	9.79	9.79	10.53	8.36	9.79	11.19	10.92	8.44	9.45	8.71	8.57	8.44
Isiah Pacheco	RB	KC	10	RB1	163.17	-16.73	8.38	7.38	11.05	8.47	11.75	8.73	9.61	10.70	10.96	0.00	9.56	10.57	10.17	7.73	8.38	10.44	9.56	9.61
Josh Downs	WR	IND	11	WR1	186.56	-16.92	10.02	10.55	9.86	10.25	10.42	10.75	11.07	9.86	10.61	12.19	0.00	11.04	10.78	11.99	11.14	10.19	11.99	10.78
Jordan Addison	WR	MIN	6	WR2	186.18	-17.31	9.65	12.26	10.28	10.68	11.74	0.00	10.28	11.14	12.50	11.80	9.65	9.98	11.21	10.74	11.93	11.01	12.50	9.98
Matthew Golden	WR	GB	5	WR2	184.39	-19.09	11.82	10.17	11.11	11.29	0.00	9.73	10.23	10.10	10.85	9.73	10.42	12.17	11.82	9.13	10.04	9.13	11.17	12.17
Tucker Kraft	TE	GB	5	TE1	153.82	-19.35	7.05	9.30	10.36	7.95	0.00	12.46	7.13	10.73	11.11	8.33	6.98	9.08	7.05	9.45	9.08	9.45	9.00	9.08
Dak Prescott	QB	DAL	10	QB1	363.57	-19.41	19.13	22.36	17.71	19.52	21.07	26.76	21.07	21.07	21.59	0.00	22.75	19.13	22.62	23.66	19.65	21.33	21.07	22.36
Jayden Reed	WR	GB	5	WR1	183.28	-20.20	12.22	10.51	11.48	11.67	0.00	10.06	10.57	10.44	11.22	10.06	10.77	12.58	12.22	9.44	10.38	9.44	11.54	12.58
Darnell Mooney	WR	ATL	5	WR2	182.61	-20.87	11.81	12.42	11.08	10.37	0.00	10.60	9.90	9.74	10.50	10.76	11.08	11.49	9.70	10.82	11.81	10.44	9.96	11.49
Jake Ferguson	TE	DAL	10	TE1	152.13	-21.05	8.49	7.11	9.64	9.79	8.34	11.32	9.49	9.26	7.27	0.00	11.93	8.49	10.94	7.19	9.26	8.26	9.49	7.11
Jared Goff	QB	DET	8	QB1	360.48	-22.50	19.32	17.53	23.29	22.14	25.08	22.39	25.59	0.00	19.45	20.86	18.94	22.14	19.32	27.26	22.65	20.47	19.45	17.53
Javonte Williams	RB	DAL	10	RB1	155.47	-24.43	7.13	10.68	10.85	9.50	8.65	12.75	10.34	9.24	10.42	0.00	9.29	7.13	7.34	8.44	8.36	8.10	10.34	10.68
Austin Ekeler	RB	WAS	12	RB2	154.82	-25.08	10.72	9.53	9.32	9.28	8.14	10.89	9.87	7.37	9.58	8.47	9.20	0.00	9.28	8.39	10.72	7.16	9.87	7.16
Hunter Henry	TE	NE	14	TE1	146.98	-26.20	10.72	9.01	9.83	10.17	7.56	7.70	6.39	9.49	8.52	9.56	7.49	11.41	6.39	0.00	7.56	8.25	7.49	9.01
Buffalo Bills	DST	BUF	7	DST	124.30	-30.70	3.64	7.44	6.61	6.45	8.26	7.60	0.00	6.94	5.79	6.61	7.44	8.10	7.11	6.94	8.26	13.88	5.79	7.44
Emeka Egbuka	WR	TB	9	WR3	172.78	-30.71	10.69	9.45	8.76	8.96	9.77	8.94	10.90	10.38	0.00	9.48	9.57	8.99	9.43	10.38	10.69	10.00	8.79	10.00
Travis Etienne Jr.	RB	JAC	8	RB1	148.39	-31.51	11.52	8.58	6.75	9.84	6.64	8.62	8.39	0.00	8.39	6.75	7.32	9.42	9.12	9.23	7.82	8.35	9.23	9.12
Dalton Kincaid	TE	BUF	7	TE1	141.51	-31.67	7.81	7.09	8.52	7.29	7.55	8.07	0.00	9.63	9.30	8.52	9.04	7.74	9.30	10.80	7.55	8.98	7.22	7.09
Justin Fields	QB	NYJ	9	QB1	349.86	-33.11	18.58	20.43	23.22	16.37	24.73	18.92	24.03	22.76	0.00	20.09	18.69	21.13	23.34	16.37	23.10	18.69	18.69	20.43
Darren Waller	TE	MIA	12	TE1	139.46	-33.72	9.84	7.66	7.26	7.20	9.77	7.13	9.11	8.19	7.92	7.26	8.19	0.00	7.40	7.20	9.44	10.96	9.18	7.66
Rashid Shaheed	WR	NO	11	WR2	168.87	-34.62	9.67	9.17	10.02	9.82	9.85	9.73	8.63	10.94	9.22	10.26	0.00	10.97	9.02	10.94	10.26	8.99	8.87	10.97
Jordan Love	QB	GB	5	QB1	348.28	-34.70	22.08	19.67	20.87	25.70	0.00	23.65	20.15	19.31	24.98	17.86	20.87	18.34	22.08	16.53	19.67	16.53	21.96	18.34
Denver Broncos	DST	DEN	12	DST	120.20	-34.80	11.47	7.54	5.97	6.60	5.50	7.07	9.58	6.60	7.70	8.17	5.50	0.00	6.76	8.17	6.13	5.97	5.50	5.97
Colston Loveland	TE	CHI	5	TE1	138.14	-35.03	8.07	6.27	7.07	10.40	0.00	8.27	7.47	8.00	11.07	6.20	8.07	9.53	7.40	8.53	9.20	8.53	7.27	6.27
Brian Robinson Jr.	RB	WAS	12	RB1	144.79	-35.11	11.66	10.37	10.14	10.10	8.85	11.85	10.74	8.02	10.42	9.22	10.00	0.00	10.10	9.13	11.66	7.79	10.74	7.79
Zach Charbonnet	RB	SEA	8	RB2	144.67	-35.23	9.28	7.84	8.84	8.88	7.12	9.67	6.36	0.00	8.81	8.88	7.91	8.59	7.12	7.87	8.70	7.91	10.86	9.28
Rhamondre Stevenson	RB	NE	14	RB2	144.46	-35.44	8.23	8.12	8.15	11.30	9.39	9.20	8.94	7.37	8.19	7.41	7.67	8.42	9.46	0.00	9.39	7.26	7.67	8.12
Caleb Williams	QB	CHI	5	QB1	346.69	-36.29	18.30	22.03	25.64	21.19	0.00	19.62	19.38	21.91	23.60	20.83	18.30	19.26	17.82	18.18	20.83	18.18	19.26	22.03
Rachaad White	RB	TB	9	RB2	143.17	-36.73	8.03	6.49	7.52	6.20	8.29	9.46	7.33	9.02	0.00	9.13	9.20	8.07	9.06	9.02	8.03	11.07	7.96	11.07
Philadelphia Eagles	DST	PHI	9	DST	118.17	-36.83	6.95	5.79	4.80	7.45	4.63	10.10	7.94	10.10	0.00	6.45	6.95	6.95	7.94	6.29	8.61	7.12	2.98	7.12
J.J. McCarthy	QB	MIN	6	QB1	345.23	-37.74	16.36	24.01	23.41	19.11	20.66	0.00	17.68	19.71	21.86	21.74	16.36	18.04	19.47	19.47	25.44	20.66	21.86	18.04
Cam Skattebo	RB	NYG	14	RB2	142.08	-37.82	9.46	9.00	6.72	7.42	9.50	6.53	8.46	6.53	9.97	9.93	8.69	7.73	9.62	0.00	9.46	7.65	8.50	9.00
Justin Herbert	QB	LAC	12	QB1	344.79	-38.19	20.80	20.92	19.37	20.56	19.37	16.76	21.27	18.07	20.44	19.02	23.65	0.00	20.92	17.59	20.80	25.31	19.97	19.37
Dallas Cowboys	DST	DAL	10	DST	116.60	-38.40	5.60	9.76	7.68	6.24	7.20	6.72	6.88	4.48	5.44	0.00	8.32	5.60	5.60	6.72	7.68	6.08	6.88	9.76
Keon Coleman	WR	BUF	7	WR3	164.88	-38.60	10.42	8.87	8.90	10.51	9.60	10.83	0.00	10.13	9.81	8.90	10.80	9.57	9.43	9.08	9.60	10.36	9.08	8.87
Green Bay Packers	DST	GB	5	DST	116.30	-38.70	6.50	6.65	12.99	6.50	0.00	6.50	5.26	6.65	6.50	5.41	9.43	7.42	6.50	7.42	4.33	7.42	3.40	7.42
Christian Kirk	WR	HOU	6	WR2	164.18	-39.31	9.02	10.70	10.56	8.68	10.32	0.00	9.80	8.97	9.28	10.56	8.68	9.60	9.75	9.72	9.46	9.17	9.75	9.75
Marvin Mims Jr.	WR	DEN	12	WR2	164.15	-39.33	8.82	9.90	9.90	9.14	9.14	8.93	9.79	10.61	9.64	9.32	9.87	0.00	9.55	9.32	8.88	10.73	9.87	9.90
Kyle Pitts Sr.	TE	ATL	5	TE1	132.86	-40.32	8.45	7.35	9.00	7.54	0.00	6.69	6.63	7.96	7.05	9.06	9.00	6.81	6.63	7.05	8.45	5.77	9.36	6.81
Mike Gesicki	TE	CIN	10	TE1	132.56	-40.62	8.91	8.71	7.81	7.81	6.07	8.26	9.23	7.03	8.13	0.00	9.23	7.49	7.74	7.10	7.74	8.45	6.13	8.91
Jordan Mason	RB	MIN	6	RB2	138.67	-41.23	9.39	8.00	8.22	7.96	7.20	0.00	6.17	7.01	7.31	7.09	9.39	8.22	8.26	8.95	8.51	9.24	7.31	8.22
Keenan Allen	WR	LAC	12	WR2	160.82	-42.67	9.66	9.12	9.23	9.58	9.35	8.77	9.69	11.19	8.63	9.29	10.50	0.00	9.12	8.95	9.66	10.38	9.43	9.23
Houston Texans	DST	HOU	6	DST	112.27	-42.73	4.52	7.02	5.93	11.38	3.43	0.00	9.20	6.55	4.37	5.93	11.38	2.81	7.48	5.46	5.30	8.11	5.93	7.48
Quinshon Judkins	RB	CLE	9	RB2	136.80	-43.10	7.75	6.68	7.75	6.89	6.82	7.51	7.47	8.57	0.00	7.06	6.68	7.57	8.88	8.23	8.85	8.64	7.51	7.75
Brenton Strange	TE	JAC	8	TE1	130.05	-43.12	8.97	10.06	7.21	6.61	8.67	7.03	9.33	0.00	9.45	7.21	6.55	5.76	5.64	9.03	6.61	7.33	9.03	5.64
Cade Otton	TE	TB	9	TE1	129.94	-43.24	8.06	7.73	7.08	7.21	7.54	7.08	6.11	7.28	0.00	7.54	7.15	10.01	6.17	7.28	8.06	9.62	8.51	9.62
Jerome Ford	RB	CLE	9	RB1	136.61	-43.29	7.94	6.84	7.94	7.06	6.99	7.69	7.66	8.78	0.00	7.23	6.84	7.76	9.10	8.43	9.07	8.86	7.69	7.94
J.K. Dobbins	RB	DEN	12	RB2	136.31	-43.59	9.11	9.22	7.32	8.58	6.44	7.81	9.64	8.88	6.75	8.39	6.63	0.00	9.34	8.39	8.58	10.25	6.63	7.32
Baltimore Ravens	DST	BAL	7	DST	111.33	-43.67	2.57	11.97	5.99	4.99	6.99	4.13	0.00	6.84	5.70	6.84	11.97	6.41	5.99	6.13	5.99	7.13	5.56	6.13
Pittsburgh Steelers	DST	PIT	5	DST	111.23	-43.77	6.49	8.51	7.21	6.93	0.00	12.12	6.06	5.63	6.93	5.48	6.06	6.93	2.60	3.17	5.77	6.06	12.12	3.17
Jonnu Smith	TE	PIT	5	TE2	129.09	-44.08	6.58	7.00	7.00	7.30	0.00	8.33	10.02	7.73	9.00	6.52	10.02	7.61	6.64	7.24	7.91	5.67	8.33	7.24
Najee Harris	RB	LAC	12	RB2	135.73	-44.17	6.76	8.54	8.50	9.82	9.51	8.42	9.40	7.69	9.28	8.46	10.44	0.00	8.54	6.56	6.76	9.05	6.87	8.50
Wan'Dale Robinson	WR	NYG	14	WR2	159.00	-44.49	9.05	10.05	9.36	9.38	10.02	8.66	8.94	8.66	8.63	8.13	8.41	10.52	9.16	0.00	9.05	10.83	8.83	10.05
Isaiah Likely	TE	BAL	7	TE2	128.35	-44.83	6.32	7.93	5.40	8.22	6.84	8.85	0.00	7.24	7.53	6.95	7.93	6.26	9.54	8.22	9.54	6.66	7.35	8.22
Pat Freiermuth	TE	PIT	5	TE1	128.08	-45.09	6.47	6.89	6.89	7.19	0.00	8.20	9.86	7.60	8.85	6.41	9.86	7.48	6.53	7.13	7.78	5.58	8.20	7.13
New York Giants	DST	NYG	14	DST	109.60	-45.40	6.72	6.57	5.47	5.94	6.10	5.47	4.38	5.47	6.57	7.50	6.10	6.57	7.82	0.00	6.72	7.50	8.13	6.57
Los Angeles Rams	DST	LAR	8	DST	108.87	-46.13	7.12	10.61	5.09	6.98	6.10	3.20	5.52	0.00	5.67	6.10	8.58	6.54	6.10	4.94	6.10	8.58	6.69	4.94
Minnesota Vikings	DST	MIN	6	DST	108.53	-46.47	6.74	6.46	5.90	6.04	11.79	0.00	4.91	5.34	5.90	3.09	6.74	5.48	8.28	6.04	5.90	8.56	5.90	5.48
Los Angeles Chargers	DST	LAC	12	DST	108.20	-46.80	5.05	7.50	4.04	8.80	6.20	5.77	6.92	6.92	10.53	6.20	5.48	0.00	7.50	5.05	5.05	6.06	7.07	4.04
San Francisco 49ers	DST	SF	14	DST	107.63	-47.37	7.77	5.14	4.48	5.01	3.82	5.93	6.06	6.46	8.04	3.82	4.48	5.53	11.07	0.00	9.62	6.32	6.32	7.77
Dalton Schultz	TE	HOU	6	TE1	125.67	-47.50	9.13	8.24	8.00	5.51	7.11	0.00	6.88	6.46	7.17	8.00	5.51	6.52	8.83	8.48	5.63	9.25	6.40	8.83
Adam Thielen	WR	CAR	14	WR3	155.68	-47.81	9.76	8.74	9.92	8.80	8.16	9.65	8.13	8.88	8.08	9.63	9.92	8.29	8.34	0.00	9.63	9.89	9.06	9.89
Tampa Bay Buccaneers	DST	TB	9	DST	107.17	-47.83	7.07	7.53	6.92	5.38	9.07	6.46	6.46	6.00	0.00	7.69	2.77	4.46	5.23	6.00	7.07	6.46	6.15	6.46
Xavier Legette	WR	CAR	14	WR2	155.30	-48.19	9.76	8.74	9.92	8.80	8.15	9.65	8.13	8.88	8.07	9.62	9.92	8.29	8.34	0.00	9.62	9.89	9.06	9.89
Chicago Bears	DST	CHI	5	DST	105.93	-49.07	6.66	5.83	5.83	7.22	0.00	5.97	5.41	3.05	5.83	8.47	6.66	5.97	4.86	5.41	11.66	5.41	5.83	5.83
Cleveland Browns	DST	CLE	9	DST	105.93	-49.07	6.26	3.28	5.81	6.26	7.15	6.41	5.96	7.45	0.00	6.70	3.28	7.75	6.26	10.88	7.15	2.68	6.41	6.26
Arizona Cardinals	DST	ARI	8	DST	105.50	-49.50	5.39	5.81	5.81	8.16	10.09	6.64	5.39	0.00	5.81	8.16	5.81	5.25	6.22	4.01	6.78	6.36	5.81	4.01
Drake Maye	QB	NE	14	QB1	333.29	-49.68	19.66	15.75	17.88	23.13	19.66	17.99	19.22	19.33	22.46	22.34	18.21	21.90	19.33	0.00	19.66	20.33	18.21	15.75
Washington Commanders	DST	WAS	12	DST	105.17	-49.83	8.54	5.46	7.28	6.44	5.32	6.72	5.88	4.90	8.26	5.88	5.60	0.00	3.92	6.72	8.54	4.90	5.88	4.90
Rashod Bateman	WR	BAL	7	WR2	153.63	-49.85	9.12	9.75	10.38	9.23	9.01	8.57	0.00	8.02	8.38	10.68	9.75	8.35	8.54	8.87	8.54	9.03	8.29	8.87
C.J. Stroud	QB	HOU	6	QB1	332.80	-50.18	19.56	22.11	22.00	19.01	20.12	0.00	18.02	17.69	18.02	22.00	19.01	19.45	19.79	19.34	18.46	19.45	18.24	19.79
Kansas City Chiefs	DST	KC	10	DST	104.43	-50.57	5.61	5.17	9.01	3.25	5.61	6.20	7.68	6.35	2.66	0.00	4.14	7.09	6.20	7.24	5.61	10.78	4.14	7.68
Detroit Lions	DST	DET	8	DST	104.03	-50.97	5.40	6.65	3.05	11.64	5.82	4.85	6.23	0.00	6.65	5.96	4.85	8.45	5.40	5.82	4.02	5.96	6.65	6.65
Indianapolis Colts	DST	IND	11	DST	103.63	-51.37	5.41	3.79	9.88	3.92	7.04	4.60	5.14	9.88	5.82	6.22	0.00	4.74	6.63	5.14	7.98	5.68	5.14	6.63
New York Jets	DST	NYJ	9	DST	103.03	-51.97	6.45	2.70	6.75	6.00	6.30	4.20	6.30	6.30	0.00	12.60	7.50	3.30	6.90	6.00	5.70	5.85	7.50	2.70
Tyjae Spears	RB	TEN	10	RB2	127.14	-52.76	7.33	7.36	8.10	5.92	8.27	7.36	8.33	8.10	6.43	0.00	5.92	7.56	9.00	6.59	8.63	5.82	8.23	9.00
Juwan Johnson	TE	NO	11	TE1	120.12	-53.06	5.54	6.35	6.76	6.41	5.42	6.76	7.34	8.10	8.97	8.62	0.00	7.22	7.63	8.10	8.62	6.35	5.42	7.22
Marquise Brown	WR	KC	10	WR3	150.27	-53.21	8.86	8.18	8.76	9.39	9.60	9.94	8.34	8.55	8.73	0.00	8.44	8.86	9.50	8.63	8.86	7.89	8.44	8.34
Mason Taylor	TE	NYJ	9	TE1	119.90	-53.27	7.55	5.81	7.34	6.92	5.60	6.39	7.82	8.77	0.00	7.29	6.13	6.34	6.55	6.92	7.13	5.91	6.13	5.81
Cincinnati Bengals	DST	CIN	10	DST	101.57	-53.43	11.72	5.30	6.70	3.91	5.86	5.44	6.00	6.28	6.70	0.00	6.00	6.98	3.07	2.51	3.07	5.58	4.74	11.72
Tua Tagovailoa	QB	MIA	12	QB1	329.52	-53.46	19.70	17.72	19.37	17.94	22.78	18.16	19.04	22.12	20.03	19.37	17.94	0.00	17.72	17.94	17.61	21.57	22.01	17.72
Chig Okonkwo	TE	TEN	10	TE1	119.54	-53.64	6.61	8.41	8.14	6.50	5.19	8.52	6.34	8.14	5.90	0.00	6.50	6.34	7.37	7.54	5.95	7.81	6.12	7.37
Tyler Higbee	TE	LAR	8	TE1	118.53	-54.65	7.03	5.49	6.55	8.80	6.44	7.09	7.97	0.00	6.61	6.44	6.85	8.21	8.74	5.61	5.55	6.85	7.32	5.61
Seattle Seahawks	DST	SEA	8	DST	99.13	-55.87	5.75	5.89	5.34	4.66	6.16	5.20	6.71	0.00	5.89	4.66	3.97	10.00	6.57	6.30	6.57	3.97	5.75	5.75
Bhayshul Tuten	RB	JAC	8	RB3	123.27	-56.63	9.75	7.26	5.71	8.33	5.62	7.30	7.10	0.00	7.10	5.71	6.20	7.97	7.72	7.81	6.62	7.07	7.81	7.72
Brandon Aiyuk	WR	SF	14	WR3	146.81	-56.67	9.38	9.96	9.05	10.10	8.63	10.24	10.26	9.07	9.21	8.63	9.05	9.60	9.82	0.00	8.30	9.32	8.08	9.38
DeMario Douglas	WR	NE	14	WR2	146.19	-57.30	8.11	7.81	8.27	8.88	8.50	9.21	7.68	9.09	9.50	9.47	7.78	7.96	8.52	0.00	8.50	9.14	7.78	7.81
New Orleans Saints	DST	NO	11	DST	97.57	-57.43	4.34	5.36	7.52	2.30	7.78	6.38	6.12	5.74	3.70	5.36	0.00	5.87	5.10	5.74	5.36	5.74	9.31	5.87
Geno Smith	QB	LV	8	QB1	325.39	-57.59	18.09	18.54	18.32	15.40	20.12	19.33	19.67	0.00	22.36	18.32	23.94	19.44	18.54	18.32	16.63	18.88	19.44	19.67
Trevor Lawrence	QB	JAC	8	QB1	324.93	-58.05	22.72	21.51	18.44	17.56	19.21	17.89	19.43	0.00	19.32	18.44	18.11	18.33	18.88	19.65	17.89	17.89	19.65	18.88
Jaydon Blue	RB	DAL	10	RB2	121.82	-58.08	5.36	8.02	8.15	7.13	6.50	9.57	7.77	6.94	7.83	0.00	6.97	5.36	5.52	6.34	6.28	6.09	7.77	8.02
New England Patriots	DST	NE	14	DST	96.73	-58.27	6.66	5.12	5.51	5.38	2.31	5.00	9.35	10.76	5.89	5.77	5.77	5.38	7.82	0.00	2.31	2.82	5.77	5.12
Cedric Tillman	WR	CLE	9	WR2	145.12	-58.37	8.08	9.27	7.84	9.82	10.10	8.39	7.92	8.54	0.00	7.90	9.27	8.23	8.05	7.79	7.58	8.62	8.39	8.08
Brandon Aubrey	K	DAL	10		141.6	-58.4	6.68	8.72	9.74	7.48	9.74	10.76	8.38	7.82	8.95	0.00	10.31	6.68	6.68	7.82	6.91	7.82	8.38	8.72
Tank Bigsby	RB	JAC	8	RB2	121.38	-58.52	9.57	7.13	5.61	8.17	5.51	7.16	6.97	0.00	6.97	5.61	6.08	7.82	7.57	7.67	6.49	6.94	7.67	7.57
Miami Dolphins	DST	MIA	12	DST	95.73	-59.27	6.40	6.67	2.40	6.00	5.60	5.07	11.20	6.13	2.93	2.40	5.73	0.00	5.20	6.00	5.73	5.60	6.00	6.67
Joshua Palmer	WR	BUF	7	WR2	143.92	-59.57	9.08	7.73	7.75	9.15	8.36	9.43	0.00	8.82	8.54	7.75	9.41	8.34	8.21	7.91	8.36	9.03	7.91	7.73
Tennessee Titans	DST	TEN	10	DST	95.23	-59.77	3.51	3.63	6.01	6.14	4.26	6.52	6.27	6.01	4.76	0.00	6.14	7.39	4.76	10.53	5.26	4.39	4.89	4.76
Nick Chubb	RB	HOU	6	RB2	118.35	-61.55	6.55	5.90	8.01	7.12	5.78	0.00	6.73	7.68	6.52	8.01	7.12	7.47	7.21	5.18	7.36	6.55	5.72	7.21
Matt Gay	K	WAS	12		137.1	-62.9	8.57	7.34	10.13	8.68	7.68	9.57	8.90	6.57	7.90	7.68	9.01	0.00	7.68	6.79	8.57	6.57	8.90	6.57
Las Vegas Raiders	DST	LV	8	DST	91.90	-63.10	5.94	4.52	5.11	5.71	5.71	8.68	4.16	0.00	4.52	3.33	4.99	9.99	4.52	3.33	4.16	5.83	7.25	4.16
Jacksonville Jaguars	DST	JAC	8	DST	91.57	-63.43	4.89	4.89	5.71	4.89	4.08	6.87	3.38	0.00	6.06	5.71	4.43	3.96	8.50	5.59	5.24	3.26	5.59	8.50
Chase McLaughlin	K	TB	9		136.4	-63.6	8.15	7.21	8.98	6.16	7.42	8.15	7.21	8.25	0.00	8.04	6.27	7.62	8.25	8.25	8.15	9.92	8.46	9.92
Atlanta Falcons	DST	ATL	5	DST	90.60	-64.40	5.76	6.14	5.37	5.50	0.00	2.30	5.37	5.12	6.40	6.14	5.37	4.99	5.76	7.55	5.76	4.35	3.71	4.99
Quentin Johnston	WR	LAC	12	WR4	138.61	-64.88	8.83	8.33	8.44	8.76	8.55	8.02	8.86	10.23	7.89	8.49	9.60	0.00	8.33	8.18	8.83	9.49	8.62	8.44
Matthew Stafford	QB	LAR	8	QB1	317.74	-65.24	17.98	18.41	15.84	19.16	17.13	19.48	21.30	0.00	17.23	17.13	17.45	21.41	22.16	17.88	19.59	17.45	21.52	17.88
Jake Elliott	K	PHI	9		134.1	-65.9	8.60	6.34	7.85	8.82	7.42	8.28	6.56	8.28	0.00	7.10	7.42	8.60	9.25	7.42	9.79	7.96	6.45	7.96
Jason Sanders	K	MIA	12		133.9	-66.1	8.22	8.11	6.32	9.06	10.01	7.27	7.27	8.22	7.59	6.32	7.80	0.00	8.32	9.06	6.64	6.95	8.64	8.11
Carolina Panthers	DST	CAR	14	DST	88.30	-66.70	4.82	4.31	5.84	6.34	5.07	5.33	5.71	2.28	4.95	4.95	5.84	5.33	3.68	0.00	4.95	5.71	7.49	5.71
Romeo Doubs	WR	GB	5	WR3	136.32	-67.17	8.87	7.63	8.33	8.47	0.00	7.30	7.67	7.58	8.14	7.30	7.81	9.13	8.87	6.85	7.53	6.85	8.38	9.13
Tyler Bass	K	BUF	7		132.2	-67.8	7.44	8.89	8.37	8.17	7.96	8.06	0.00	9.82	6.10	8.37	8.48	7.13	6.51	6.82	7.96	7.13	6.10	8.89
Dylan Sampson	RB	CLE	9	RB3	111.73	-68.17	6.69	5.77	6.69	5.94	5.89	6.48	6.45	7.40	0.00	6.09	5.77	6.54	7.67	7.10	7.64	7.46	6.48	6.69
Luther Burden III	WR	CHI	5	WR3	134.75	-68.74	9.14	8.88	8.48	7.45	0.00	7.64	8.46	8.39	7.31	7.82	9.14	7.59	7.31	7.10	8.34	7.10	7.28	8.88
Cameron Dicker	K	LAC	12		131.2	-68.8	6.25	9.64	7.31	8.15	7.84	8.58	8.26	6.46	7.94	6.67	8.89	0.00	9.64	6.25	6.25	8.47	7.31	7.31
Theo Johnson	TE	NYG	14	TE1	104.21	-68.97	6.40	5.47	7.39	5.58	5.78	5.73	6.25	5.73	5.63	6.51	6.61	4.85	5.99	0.00	6.40	6.25	8.06	5.47
Jayden Higgins	WR	HOU	6	WR3	134.06	-69.43	7.27	8.62	8.51	6.99	8.32	0.00	7.90	7.22	7.48	8.51	6.99	7.74	7.85	7.83	7.62	7.39	7.85	7.85
Tyler Loop	K	BAL	7		129.6	-70.4	6.57	7.56	7.56	6.46	7.56	8.00	0.00	9.42	8.87	6.68	7.56	9.42	7.23	6.90	7.23	8.44	7.23	6.90
Roschon Johnson	RB	CHI	5	RB2	109.40	-70.50	6.03	6.10	7.10	6.70	0.00	7.47	7.50	5.91	6.86	7.71	6.03	6.64	5.15	6.86	6.00	6.86	7.86	6.10
Evan McPherson	K	CIN	10		129.5	-70.5	7.29	8.87	6.44	7.29	7.29	6.97	6.65	9.08	9.08	0.00	6.65	8.13	7.61	6.34	7.61	8.56	8.34	7.29
Calvin Austin III	WR	PIT	5	WR2	132.60	-70.89	7.12	7.94	7.70	9.11	0.00	8.31	7.28	7.07	7.89	7.89	7.28	6.84	7.77	8.36	7.14	8.85	8.31	8.36
Jake Bates	K	DET	8		129	-71	7.10	9.25	7.74	7.42	7.10	6.34	8.82	0.00	6.56	7.96	6.34	8.28	7.10	8.60	7.85	6.77	6.56	9.25
Ka'imi Fairbairn	K	HOU	6		128.4	-71.6	7.34	8.24	8.45	7.54	7.24	0.00	7.14	7.84	6.94	8.45	7.54	6.03	7.84	5.93	7.94	9.15	6.94	7.84
Harrison Butker	K	KC	10		128.3	-71.7	7.05	6.03	7.87	7.36	8.59	7.05	9.30	7.57	6.13	0.00	7.05	7.97	8.18	7.05	7.05	7.67	7.05	9.30
Michael Wilson	WR	ARI	8	WR2	131.44	-72.04	8.34	8.04	7.18	7.85	6.95	7.81	7.00	0.00	8.36	7.85	7.18	8.46	8.57	7.23	7.60	8.60	7.21	7.23
Ray Davis	RB	BUF	7	RB2	107.83	-72.07	5.77	6.10	6.45	7.32	7.41	6.51	0.00	8.98	5.18	6.45	5.89	5.27	6.48	6.69	7.41	5.86	5.03	6.10
Will Dissly	TE	LAC	12	TE1	100.73	-72.44	6.64	7.25	5.62	4.32	5.76	6.09	6.92	5.62	4.32	6.64	6.27	0.00	7.25	5.16	6.64	4.93	5.53	5.62
Brandon McManus	K	GB	5		126.8	-73.2	7.08	7.60	7.08	8.21	0.00	6.78	8.11	6.47	9.75	6.06	7.91	6.26	7.08	8.83	7.08	8.83	7.39	6.26
Younghoe Koo	K	ATL	5		126.2	-73.8	7.78	5.79	9.01	7.02	0.00	5.69	7.40	7.69	7.31	7.40	9.01	7.50	8.16	6.74	7.78	7.50	6.93	7.50
Jack Bech	WR	LV	8	WR4	129.60	-73.89	7.98	8.18	7.89	7.09	8.18	7.28	8.15	0.00	8.86	7.79	8.76	8.62	8.18	7.79	7.55	7.96	8.08	8.15
Chris Boswell	K	PIT	5		126	-74	8.90	7.34	7.97	6.31	0.00	7.14	6.83	6.83	8.07	7.14	6.83	8.90	6.21	7.45	8.38	7.14	7.14	7.45
Tre' Harris	WR	LAC	12	WR3	128.90	-74.58	8.01	7.55	7.65	7.93	7.74	7.27	8.03	9.27	7.15	7.70	8.70	0.00	7.55	7.41	8.01	8.60	7.81	7.65
Wil Lutz	K	DEN	12		124.7	-75.3	7.47	7.77	6.87	6.57	5.88	8.57	7.67	7.97	6.87	9.06	5.88	0.00	7.37	9.06	6.57	8.37	5.88	6.87
Joshua Karty	K	LAR	8		124.6	-75.4	6.63	7.21	5.67	7.50	7.50	6.92	8.08	0.00	7.60	7.50	6.83	7.88	9.13	7.60	6.63	6.83	7.50	7.60
Kareem Hunt	RB	KC	10	RB2	104.33	-75.57	5.20	4.58	6.85	5.25	7.28	5.42	5.96	6.63	6.80	0.00	5.93	6.55	6.31	4.79	5.20	6.47	5.93	5.96
Tyler Conklin	TE	LAC	12	TE2	97.49	-75.69	6.60	7.20	5.58	4.29	5.72	6.04	6.87	5.58	4.29	6.60	6.23	0.00	7.20	5.12	6.60	4.89	5.49	5.58
Bryce Young	QB	CAR	14	QB1	307.04	-75.93	20.22	16.97	20.43	16.36	14.33	21.65	16.56	17.89	15.34	16.36	20.43	16.26	17.99	0.00	16.36	20.32	16.56	20.32
Will Reichard	K	MIN	6		124	-76	8.74	7.93	6.71	6.40	7.01	0.00	6.00	7.01	7.01	7.32	8.74	6.71	7.22	7.52	8.13	7.83	7.01	6.71
Jacory Croskey-Merritt	RB	WAS	12	RB3	103.60	-76.30	5.34	4.75	4.64	4.62	4.05	5.42	4.92	3.67	4.77	4.22	4.58	0.00	4.62	4.18	5.34	3.57	4.92	3.57
Tyler Allgeier	RB	ATL	5	RB2	103.59	-76.31	5.04	5.04	7.69	6.24	0.00	6.39	6.57	5.52	6.34	6.16	7.69	6.26	5.22	5.75	5.04	6.29	5.60	6.26
Jake Moody	K	SF	14		123.5	-76.5	6.65	7.40	7.40	7.87	6.84	7.68	7.31	6.47	7.22	6.84	7.40	8.90	6.47	0.00	7.03	7.31	8.06	6.65
Tyler Lockett	WR	TEN	10	WR2	126.45	-77.04	7.09	6.89	7.44	7.24	7.22	7.00	7.26	7.44	7.44	0.00	7.24	7.49	8.06	7.84	6.85	7.42	7.95	8.06
Alec Pierce	WR	IND	11	WR3	126.44	-77.04	6.94	7.30	6.83	7.10	7.21	7.44	7.67	6.83	7.35	8.44	0.00	7.65	7.46	8.30	7.71	7.05	8.30	7.46
Chad Ryland	K	ARI	8		122.6	-77.4	7.47	8.99	7.38	6.72	7.09	7.38	6.24	0.00	7.57	6.72	7.38	7.95	7.76	6.91	6.53	7.38	6.24	6.91
Isaac Guerendo	RB	SF	14	RB2	101.63	-78.27	5.84	6.36	6.39	6.96	5.69	5.12	5.66	4.58	6.54	5.69	6.39	7.81	5.09	0.00	6.18	6.26	6.65	5.84
Spencer Shrader	K	IND	11		120.9	-79.1	7.73	6.58	7.16	6.97	8.68	7.54	6.58	7.16	6.01	7.44	0.00	5.63	6.58	8.02	6.77	7.44	8.02	6.58
Michael Penix Jr.	QB	ATL	5	QB1	303.31	-79.67	20.64	15.69	21.36	16.82	0.00	18.17	16.51	14.55	16.62	18.47	21.36	16.62	16.82	16.82	20.64	17.24	18.27	16.62
Daniel Carlson	K	LV	8		120.3	-79.7	7.58	6.79	7.28	8.47	7.68	7.38	5.81	0.00	8.27	6.79	7.88	6.79	6.79	6.79	5.81	6.79	7.58	5.81
Trey Benson	RB	ARI	8	RB2	100.01	-79.89	6.21	7.62	6.51	5.70	6.03	6.11	5.68	0.00	5.88	5.70	6.51	6.79	5.00	5.55	4.47	5.53	5.68	5.55
Braelon Allen	RB	NYJ	9	RB2	99.65	-80.25	5.38	6.19	4.88	5.35	5.75	5.40	7.45	5.55	0.00	4.86	6.14	4.79	5.40	5.35	6.64	6.07	6.14	6.19
Sam Darnold	QB	SEA	8	QB1	302.49	-80.49	16.40	16.40	16.50	17.11	20.50	20.39	17.22	0.00	16.70	17.11	18.14	17.63	15.58	20.60	18.34	18.14	21.21	16.40
Noah Fant	TE	CIN	10	TE2	92.53	-80.64	6.07	5.94	5.32	5.32	4.14	5.63	6.29	4.80	5.54	0.00	6.29	5.10	5.28	4.84	5.28	5.76	4.18	6.07
Cam Little	K	JAC	8		118.4	-81.6	8.79	6.11	6.38	7.22	5.46	6.57	6.75	0.00	8.42	6.38	6.38	7.31	6.94	7.22	7.96	6.38	7.22	6.94
Ray-Ray McCloud III	WR	ATL	5	WR3	121.74	-81.74	7.54	7.93	7.07	6.62	0.00	6.76	6.32	6.21	6.70	6.87	7.07	7.33	6.19	6.91	7.54	6.66	6.36	7.33
Justice Hill	RB	BAL	7	RB2	97.06	-82.84	6.71	5.27	5.35	4.65	4.73	5.88	0.00	6.87	5.80	5.29	5.27	5.48	6.02	5.83	6.02	6.66	6.02	5.83
Robbie Ouzts	TE	SEA	8	TE4	90.29	-82.89	4.64	6.08	4.76	4.04	5.91	5.74	5.06	0.00	5.27	4.04	6.55	3.96	5.15	5.27	6.34	6.55	6.30	4.64
Kyle Williams	WR	NE	14	WR3	120.53	-82.96	7.14	6.87	7.27	7.81	7.48	8.11	6.76	7.99	8.35	8.33	6.85	7.00	7.50	0.00	7.48	8.04	6.85	6.87
Elijah Arroyo	TE	SEA	8	TE2	89.92	-83.26	4.69	6.15	4.82	4.09	5.98	5.81	5.12	0.00	5.34	4.09	6.63	4.00	5.21	5.34	6.41	6.63	6.37	4.69
Aaron Rodgers	QB	PIT	5	QB1	299.69	-83.28	16.99	16.99	16.79	15.85	0.00	18.04	20.44	15.74	18.66	17.20	20.44	14.28	18.35	18.98	14.70	19.08	18.04	18.98
Rico Dowdle	RB	CAR	14	RB2	96.16	-83.74	6.72	6.17	5.47	6.22	5.42	5.82	5.12	6.27	5.62	6.15	5.47	6.45	5.50	0.00	6.15	4.95	5.65	4.95
Jason Myers	K	SEA	8		116.2	-83.8	6.98	5.64	7.07	7.07	7.34	7.52	6.18	0.00	6.62	7.07	6.54	6.71	5.46	6.98	6.98	6.54	8.50	6.98
Cairo Santos	K	CHI	5		116	-84	5.90	6.67	7.73	8.80	0.00	7.15	7.64	6.96	6.38	7.44	5.90	6.09	5.70	6.38	6.67	6.38	7.54	6.67
Ryan Fitzgerald	K	CAR	14		115.5	-84.5	7.39	6.95	6.86	6.77	7.13	7.04	7.57	5.28	5.81	6.95	6.86	6.86	6.42	0.00	6.95	7.21	6.25	7.21
Ja'Tavion Sanders	TE	CAR	14	TE2	88.52	-84.66	5.78	4.07	5.31	4.97	5.61	4.54	4.67	4.71	5.48	4.80	5.31	4.67	6.59	0.00	4.80	5.95	4.97	5.95
Noah Gray	TE	KC	10	TE2	86.75	-86.43	4.56	4.69	3.93	5.07	5.70	3.97	6.59	5.24	4.65	0.00	5.11	6.29	4.48	5.03	4.56	3.93	5.11	6.59
Cole Kmet	TE	CHI	5	TE2	86.40	-86.78	5.06	3.93	4.43	6.52	0.00	5.18	4.68	5.02	6.94	3.89	5.06	5.98	4.64	5.35	5.77	5.35	4.56	3.93
Raheem Mostert	RB	LV	8	RB2	92.87	-87.03	6.28	4.84	6.18	6.48	6.10	6.02	4.39	0.00	6.78	5.52	5.87	4.97	4.84	5.52	4.26	4.46	6.38	4.39
Brandin Cooks	WR	NO	11	WR3	116.24	-87.25	6.82	6.46	7.07	6.92	6.94	6.86	6.09	7.71	6.50	7.23	0.00	7.73	6.36	7.71	7.23	6.34	6.25	7.73
Jalen Tolbert	WR	DAL	10	WR3	116.24	-87.25	6.47	6.93	6.08	6.29	6.33	7.22	6.76	6.68	6.81	0.00	6.60	6.47	6.99	7.87	8.10	7.01	6.76	6.93
MarShawn Lloyd	RB	GB	5	RB2	91.82	-88.08	4.96	6.07	4.88	5.77	0.00	5.58	6.12	5.40	7.48	4.19	6.27	4.91	4.96	6.37	5.43	6.37	4.81	4.91
Nick Folk	K	NYJ	9		111.8	-88.2	5.53	5.27	7.20	7.11	7.03	6.06	8.34	5.80	0.00	6.06	6.76	6.32	6.85	7.11	7.38	6.94	6.76	5.27
Blake Grupe	K	NO	11		111	-89	6.48	6.40	5.82	4.92	6.32	6.32	7.06	6.73	5.99	7.79	0.00	6.40	6.65	6.73	7.79	7.06	6.15	6.40
Robbie Ouzts	RB	SEA	8	TE4	90.29	-89.61	4.64	6.08	4.76	4.04	5.91	5.74	5.06	0.00	5.27	4.04	6.55	3.96	5.15	5.27	6.34	6.55	6.30	4.64
Jalen Nailor	WR	MIN	6	WR3	113.77	-89.71	5.75	7.30	6.12	6.36	6.98	0.00	6.12	6.63	7.44	7.02	5.75	5.94	6.67	6.39	7.10	6.55	7.44	5.94
Tory Horton	WR	SEA	8	WR3	113.65	-89.83	5.90	6.15	6.85	6.22	7.04	6.94	6.24	0.00	6.18	6.22	5.94	5.71	7.40	7.06	6.41	5.94	6.60	5.90
Tutu Atwell	WR	LAR	8	WR3	112.65	-90.84	6.37	5.83	6.04	6.55	6.02	6.93	7.09	0.00	6.99	6.02	6.58	7.19	6.74	6.35	7.34	6.58	7.21	6.35
Joey Slye	K	TEN	10		108.8	-91.2	5.88	6.22	6.65	5.88	6.74	7.76	6.57	6.65	5.88	0.00	5.88	6.05	7.16	5.88	6.65	5.03	6.74	7.16
Jaylen Wright	RB	MIA	12	RB2	87.70	-92.20	5.16	5.31	5.36	4.38	6.45	4.10	4.20	4.67	4.14	5.36	5.23	0.00	5.25	4.38	4.65	4.80	4.23	5.31
DeAndre Hopkins	WR	BAL	7	WR3	111.20	-92.28	6.61	7.07	7.52	6.69	6.53	6.21	0.00	5.81	6.07	7.74	7.07	6.05	6.19	6.43	6.19	6.55	6.01	6.43
Cameron Ward	QB	TEN	10	QB1	290.29	-92.69	16.14	17.52	17.72	16.63	16.53	17.42	15.94	17.72	16.34	0.00	16.63	16.14	19.70	17.13	15.84	17.33	15.94	19.70
Andrei Iosivas	WR	CIN	10	WR3	110.35	-93.13	6.76	6.95	7.41	6.11	7.20	5.75	6.15	5.79	5.56	0.00	6.15	6.27	6.80	6.32	6.80	5.81	6.23	6.76
Andy Borregales	K	NE	14		106.6	-93.4	7.46	6.64	5.16	7.78	4.92	6.47	6.15	5.65	6.39	6.72	7.05	5.41	6.31	0.00	4.92	5.90	7.05	6.64
Dont'e Thornton Jr.	WR	LV	8	WR2	109.37	-94.12	6.45	6.60	6.37	5.72	6.60	5.88	6.58	0.00	7.15	6.29	7.07	6.96	6.60	6.29	6.10	6.43	6.53	6.58
Graham Gano	K	NYG	14		105.5	-94.5	6.35	6.86	5.06	5.92	6.78	5.06	5.92	5.06	6.69	7.38	5.66	5.92	6.60	0.00	6.35	5.23	7.81	6.86
AJ Barner	TE	SEA	8	TE1	78.20	-94.98	4.01	5.26	4.12	3.49	5.11	4.96	4.37	0.00	4.56	3.49	5.66	3.42	4.45	4.56	5.48	5.66	5.44	4.01
Darius Slayton	WR	NYG	14	WR3	108.09	-95.40	6.16	6.84	6.36	6.38	6.82	5.89	6.08	5.89	5.87	5.53	5.72	7.16	6.23	0.00	6.16	7.37	6.00	6.84
Tre Tucker	WR	LV	8	WR3	106.49	-97.00	6.36	6.52	6.29	5.65	6.52	5.80	6.50	0.00	7.06	6.21	6.98	6.87	6.52	6.21	6.02	6.34	6.44	6.50
Kendre Miller	RB	NO	11	RB3	81.45	-98.45	4.97	5.19	4.55	5.05	5.09	5.01	5.17	3.98	4.43	6.08	0.00	4.41	4.37	3.98	6.08	4.12	4.81	4.41
Miles Sanders	RB	DAL	10	RB3	81.14	-98.76	3.64	5.44	5.53	4.84	4.41	6.50	5.27	4.71	5.32	0.00	4.73	3.64	3.74	4.30	4.26	4.13	5.27	5.44
Austin Hooper	TE	NE	14	TE2	73.29	-99.89	5.22	4.39	4.79	4.96	3.68	3.75	3.11	4.62	4.15	4.65	3.65	5.56	3.11	0.00	3.68	4.02	3.65	4.39
Diontae Johnson	WR	CLE	9	WR3	102.33	-101.16	6.22	7.14	6.04	7.56	7.78	6.46	6.10	6.58	0.00	6.08	7.14	6.34	6.20	6.00	5.84	6.64	6.46	6.22
Dyami Brown	WR	JAC	8	WR3	102.16	-101.33	6.46	5.79	6.11	5.77	6.26	6.32	5.81	0.00	5.91	6.11	6.28	6.09	5.59	6.28	5.66	5.98	6.28	5.59
Jalen Coker	WR	CAR	14	WR4	101.40	-102.09	6.42	5.75	6.53	5.79	5.37	6.35	5.35	5.84	5.31	6.34	6.53	5.46	5.49	0.00	6.34	6.51	5.97	6.51
Woody Marks	RB	HOU	6	RB4	77.65	-102.25	3.78	3.40	4.62	4.11	3.33	0.00	3.88	4.43	3.76	4.62	4.11	4.31	4.16	2.99	4.24	3.78	3.30	4.16
Nick Westbrook-Ikhine	WR	MIA	12	WR3	100.79	-102.69	5.90	5.76	5.81	5.32	6.07	5.90	6.21	6.49	6.25	5.81	5.69	0.00	6.30	5.32	5.65	5.44	6.47	5.76
Noah Brown	WR	WAS	12	WR3	99.05	-104.44	5.77	5.23	5.49	6.43	5.84	5.06	6.25	5.82	5.87	6.55	5.28	0.00	5.56	6.74	5.77	5.39	6.25	5.39
Pat Bryant	WR	DEN	12	WR4	98.97	-104.52	5.45	6.12	6.12	5.65	5.65	5.52	6.05	6.56	5.96	5.76	6.11	0.00	5.91	5.76	5.49	6.63	6.11	6.12
Terrance Ferguson	TE	LAR	8	TE2	68.57	-104.60	4.15	3.25	3.87	5.20	3.80	4.19	4.71	0.00	3.91	3.80	4.05	4.85	5.17	3.32	3.28	4.05	4.33	3.32
Tommy Tremble	TE	CAR	14	TE1	68.34	-104.84	4.51	3.17	4.14	3.88	4.38	3.54	3.64	3.68	4.28	3.74	4.14	3.64	5.15	0.00	3.74	4.64	3.88	4.64
Josh Oliver	TE	MIN	6	TE2	66.40	-106.78	3.86	3.80	5.08	4.38	4.23	0.00	3.40	3.31	2.88	3.68	3.86	3.92	3.55	3.80	3.25	2.85	2.88	3.92
Dustin Hopkins	K	CLE	9		93.2	-106.8	4.99	5.45	4.99	5.22	4.61	4.77	6.13	5.83	0.00	6.51	5.45	6.88	5.90	5.67	6.51	4.54	4.77	4.99
Tahj Brooks	RB	CIN	10	RB2	73.07	-106.83	3.59	4.90	3.61	3.99	3.64	4.10	3.97	3.73	4.68	0.00	3.97	4.53	3.53	4.57	3.53	3.95	4.50	3.59
Taysom Hill	TE	NO	11	TE2	66.04	-107.13	3.45	3.95	4.21	3.99	3.37	4.21	4.57	5.04	5.59	5.37	0.00	4.50	4.75	5.04	5.37	3.95	3.37	4.50
Josh Reynolds	WR	NYJ	9	WR3	95.98	-107.51	5.10	5.24	5.84	4.81	5.70	5.07	5.48	4.91	0.00	5.60	5.19	5.63	5.86	4.81	5.76	5.68	5.19	5.24
Foster Moreau	TE	NO	11	TE3	65.66	-107.51	3.02	3.47	3.69	3.50	2.96	3.69	4.01	4.42	4.90	4.71	0.00	3.94	4.17	4.42	4.71	3.47	2.96	3.94
Harold Fannin Jr.	TE	CLE	9	TE2	65.46	-107.72	4.92	3.56	3.80	2.79	3.59	4.24	3.89	3.44	0.00	3.23	3.56	4.63	3.23	2.76	3.74	3.26	4.24	4.92
Allen Lazard	WR	NYJ	9	WR2	95.23	-108.26	5.81	5.97	6.65	5.48	6.49	5.77	6.24	5.59	0.00	6.38	5.91	6.42	6.67	5.48	6.56	6.47	5.91	5.97
Christian Watson	WR	GB	5	WR5	95.15	-108.33	6.34	5.45	5.96	6.06	0.00	5.22	5.49	5.42	5.82	5.22	5.59	6.53	6.34	4.90	5.39	4.90	5.99	6.53
Dontayvion Wicks	WR	GB	5	WR4	94.62	-108.87	6.32	5.43	5.93	6.03	0.00	5.20	5.46	5.40	5.80	5.20	5.57	6.50	6.32	4.88	5.36	4.88	5.97	6.50
Oronde Gadsden II	TE	LAC	12	TE3	63.66	-109.52	4.00	4.36	3.39	2.60	3.47	3.66	4.17	3.39	2.60	4.00	3.78	0.00	4.36	3.11	4.00	2.97	3.33	3.39
Jarquez Hunter	RB	LAR	8	RB2	69.65	-110.25	3.18	4.30	3.04	4.35	4.64	3.49	4.84	0.00	4.42	4.64	4.06	3.56	5.43	4.44	3.60	4.06	3.94	4.44
Antonio Gibson	RB	NE	14	RB3	68.79	-111.11	3.98	3.92	3.94	5.46	4.54	4.45	4.32	3.56	3.96	3.58	3.71	4.07	4.58	0.00	4.54	3.51	3.71	3.92
Ty Johnson	RB	BUF	7	RB3	66.89	-113.01	3.57	3.77	3.99	4.52	4.58	4.03	0.00	5.55	3.20	3.99	3.64	3.26	4.01	4.14	4.58	3.62	3.11	3.77
Michael Mayer	TE	LV	8	TE2	60.10	-113.07	3.41	3.17	3.65	3.70	4.38	2.73	4.20	0.00	3.97	3.56	3.12	4.06	3.17	3.56	3.26	3.50	2.73	4.20
Marquez Valdes-Scantling	WR	SEA	8	WR4	89.75	-113.74	5.13	5.34	5.95	5.41	6.12	6.04	5.43	0.00	5.38	5.41	5.16	4.96	6.43	6.14	5.57	5.16	5.74	5.13
Elic Ayomanor	WR	TEN	10	WR3	89.19	-114.30	5.02	4.88	5.27	5.13	5.11	4.96	5.15	5.27	5.27	0.00	5.13	5.30	5.71	5.55	4.85	5.25	5.63	5.71
Devaughn Vele	WR	DEN	12	WR3	88.76	-114.72	4.82	5.42	5.42	5.00	5.00	4.89	5.35	5.80	5.27	5.10	5.40	0.00	5.23	5.10	4.86	5.87	5.40	5.42
Trevor Etienne	RB	CAR	14	RB3	65.13	-114.77	4.44	4.08	3.62	4.11	3.58	3.85	3.38	4.14	3.72	4.06	3.62	4.26	3.63	0.00	4.06	3.27	3.73	3.27
Greg Dortch	WR	ARI	8	WR3	88.03	-115.46	5.53	5.33	4.77	5.21	4.61	5.18	4.64	0.00	5.55	5.21	4.77	5.61	5.69	4.80	5.04	5.70	4.78	4.80
Dawson Knox	TE	BUF	7	TE2	56.86	-116.32	3.14	2.85	3.42	2.93	3.03	3.24	0.00	3.87	3.74	3.42	3.63	3.11	3.74	4.34	3.03	3.61	2.90	2.85
Russell Wilson	QB	NYG	14	QB1	266.56	-116.41	15.37	20.08	16.50	15.56	15.18	13.95	15.37	13.95	15.08	12.92	14.24	17.25	15.18	0.00	15.37	14.33	16.59	20.08
Curtis Samuel	WR	BUF	7	WR5	86.62	-116.86	5.47	4.66	4.68	5.52	5.05	5.69	0.00	5.32	5.15	4.68	5.67	5.03	4.95	4.77	5.05	5.44	4.77	4.66
Samaje Perine	RB	CIN	10	RB3	62.91	-116.99	3.53	4.82	3.55	3.93	3.59	4.03	3.91	3.68	4.61	0.00	3.91	4.47	3.48	4.50	3.48	3.89	4.43	3.53
Elijah Mitchell	RB	KC	10	RB4	62.18	-117.72	3.24	2.85	4.27	3.27	4.54	3.37	3.71	4.13	4.23	0.00	3.69	4.08	3.93	2.99	3.24	4.03	3.69	3.71
Keaton Mitchell	RB	BAL	7	RB3	60.06	-119.84	3.97	3.11	3.16	2.75	2.80	3.48	0.00	4.06	3.43	3.13	3.11	3.24	3.56	3.45	3.56	3.94	3.56	3.45
Tai Felton	WR	MIN	6	WR4	82.03	-121.46	4.44	5.64	4.73	4.91	5.40	0.00	4.73	5.13	5.75	5.43	4.44	4.59	5.16	4.94	5.49	5.06	5.75	4.59
Demarcus Robinson	WR	SF	14	WR4	81.55	-121.93	4.99	5.30	4.81	5.37	4.59	5.45	5.46	4.83	4.90	4.59	4.81	5.11	5.23	0.00	4.42	4.96	4.30	4.99
Brock Wright	TE	DET	8	TE2	51.09	-122.08	2.99	2.94	2.80	3.22	3.88	3.34	3.25	0.00	2.83	2.90	2.59	2.17	2.99	2.48	3.60	3.34	2.83	2.94
Jalen McMillan	WR	TB	9	WR4	80.76	-122.73	7.12	6.29	5.83	5.97	6.50	5.95	7.25	6.91	0.00	6.31	6.37	5.99	6.27	6.91	7.12	6.66	5.85	6.66
Cade Stover	TE	HOU	6	TE2	49.58	-123.59	3.45	3.11	3.02	2.08	2.69	0.00	2.60	2.44	2.71	3.02	2.08	2.46	3.33	3.20	2.13	3.49	2.42	3.33
KaVontae Turpin	WR	DAL	10	WR4	79.13	-124.36	4.45	4.76	4.17	4.32	4.35	4.96	4.65	4.59	4.67	0.00	4.53	4.45	4.80	5.40	5.56	4.82	4.65	4.76
Roman Wilson	WR	PIT	5	WR4	79.07	-124.42	4.14	4.62	4.48	5.30	0.00	4.84	4.24	4.11	4.59	4.59	4.24	3.98	4.52	4.86	4.16	5.15	4.84	4.86
Jordan Whittington	WR	LAR	8	WR4	78.33	-125.16	4.43	4.05	4.20	4.55	4.18	4.82	4.92	0.00	4.86	4.18	4.57	4.99	4.68	4.41	5.10	4.57	5.01	4.41
Jaylin Noel	WR	HOU	6	WR4	78.17	-125.32	4.55	5.40	5.32	4.38	5.21	0.00	4.95	4.52	4.68	5.32	4.38	4.84	4.92	4.90	4.77	4.62	4.92	4.92
Brashard Smith	RB	KC	10	RB3	54.47	-125.44	3.03	2.67	4.00	3.07	4.25	3.16	3.48	3.87	3.97	0.00	3.46	3.82	3.68	2.80	3.03	3.78	3.46	3.48
Ollie Gordon II	RB	MIA	12	RB3	53.10	-126.80	2.71	2.79	2.81	2.30	3.39	2.15	2.21	2.45	2.17	2.81	2.75	0.00	2.76	2.30	2.44	2.52	2.22	2.79
Blake Corum	RB	LAR	8	RB3	52.56	-127.34	2.49	3.36	2.38	3.40	3.63	2.73	3.78	0.00	3.46	3.63	3.18	2.79	4.25	3.47	2.81	3.18	3.08	3.47
Josh Whyle	TE	TEN	10	TE3	45.46	-127.72	2.77	3.52	3.41	2.72	2.17	3.57	2.65	3.41	2.47	0.00	2.72	2.65	3.09	3.16	2.49	3.27	2.56	3.09
Luke Musgrave	TE	GB	5	TE2	45.14	-128.03	2.07	2.73	3.04	2.34	0.00	3.66	2.10	3.15	3.26	2.45	2.05	2.67	2.07	2.78	2.67	2.78	2.65	2.67
Adonai Mitchell	WR	IND	11	WR4	75.01	-128.48	4.04	4.25	3.97	4.13	4.20	4.33	4.46	3.97	4.28	4.91	0.00	4.45	4.34	4.83	4.49	4.11	4.83	4.34
Daniel Bellinger	TE	NYG	14	TE2	44.49	-128.69	2.76	2.36	3.18	2.41	2.49	2.47	2.69	2.47	2.43	2.81	2.85	2.09	2.58	0.00	2.76	2.69	3.47	2.36
Kenneth Gainwell	RB	PIT	5	RB3	51.14	-128.76	2.68	2.95	3.26	2.59	0.00	2.58	2.94	2.94	3.16	2.51	2.94	3.36	3.28	2.54	2.84	2.61	2.58	2.54
Darnell Washington	TE	PIT	5	TE3	44.38	-128.80	2.25	2.40	2.40	2.50	0.00	2.85	3.43	2.64	3.08	2.23	3.43	2.60	2.27	2.48	2.71	1.94	2.85	2.48
Jaleel McLaughlin	RB	DEN	12	RB3	50.85	-129.06	3.33	3.37	2.67	3.13	2.35	2.85	3.52	3.24	2.46	3.06	2.42	0.00	3.41	3.06	3.13	3.74	2.42	2.67
Kayshon Boutte	WR	NE	14	WR4	74.06	-129.43	3.88	3.73	3.95	4.24	4.06	4.40	3.67	4.34	4.54	4.52	3.72	3.80	4.07	0.00	4.06	4.37	3.72	3.73
Khalil Herbert	RB	IND	11	RB3	50.27	-129.63	3.28	3.31	3.61	3.32	3.32	3.73	2.90	3.61	3.29	3.31	0.00	2.63	2.67	4.06	3.41	3.90	4.06	2.67
K.J. Osborn	WR	WAS	12	WR7	73.63	-129.86	4.40	3.99	4.19	4.90	4.45	3.86	4.77	4.44	4.48	5.00	4.03	0.00	4.24	5.14	4.40	4.11	4.77	4.11
Connor Heyward	TE	PIT	5	TE4	43.24	-129.94	2.19	2.33	2.33	2.43	0.00	2.77	3.33	2.57	2.99	2.17	3.33	2.53	2.21	2.41	2.63	1.88	2.77	2.41
Jeremy Ruckert	TE	NYJ	9	TE2	42.74	-130.43	2.91	2.24	2.82	2.66	2.15	2.46	3.01	3.37	0.00	2.80	2.36	2.44	2.52	2.66	2.74	2.28	2.36	2.24
Devin Singletary	RB	NYG	14	RB3	49.33	-130.57	3.18	3.02	2.26	2.49	3.19	2.19	2.84	2.19	3.35	3.33	2.92	2.60	3.23	0.00	3.18	2.57	2.85	3.02
Gunnar Helm	TE	TEN	10	TE2	41.73	-131.45	2.13	2.71	2.62	2.09	1.67	2.74	2.04	2.62	1.90	0.00	2.09	2.04	2.37	2.43	1.92	2.52	1.97	2.37
Isaac TeSlaa	WR	DET	8	WR3	72.01	-131.48	3.98	3.85	4.71	4.68	4.10	4.43	4.88	0.00	5.13	4.28	4.10	4.39	3.98	4.76	4.11	4.26	5.13	3.85
Jelani Woods	TE	IND	11	TE4	41.55	-131.63	2.51	2.31	1.78	2.95	2.98	1.82	2.07	1.78	2.74	2.37	0.00	2.74	2.28	2.58	2.22	2.08	2.58	2.28
Luke Schoonmaker	TE	DAL	10	TE2	41.16	-132.02	2.36	1.98	2.68	2.72	2.32	3.15	2.64	2.58	2.02	0.00	3.32	2.36	3.04	2.00	2.58	2.30	2.64	1.98
Dameon Pierce	RB	HOU	6	RB3	47.64	-132.27	2.69	2.42	3.29	2.92	2.37	0.00	2.76	3.15	2.68	3.29	2.92	3.07	2.96	2.13	3.02	2.69	2.35	2.96
Tip Reiman	TE	ARI	8	TE3	40.47	-132.71	1.93	2.56	1.88	2.00	1.61	2.57	2.21	0.00	1.83	2.00	1.88	2.33	2.40	2.66	2.06	2.14	2.87	2.66
Julian Hill	TE	MIA	12	TE2	40.31	-132.86	2.82	2.20	2.08	2.06	2.80	2.04	2.61	2.35	2.27	2.08	2.35	0.00	2.12	2.06	2.71	3.14	2.63	2.20
Devin Neal	RB	NO	11	RB2	47.00	-132.90	2.81	2.94	2.58	2.86	2.88	2.84	2.93	2.26	2.51	3.44	0.00	2.50	2.47	2.26	3.44	2.34	2.72	2.50
Robert Woods	WR	PIT	5	WR3	70.34	-133.15	3.96	4.41	4.28	5.06	0.00	4.62	4.05	3.93	4.39	4.39	4.05	3.80	4.32	4.65	3.97	4.92	4.62	4.65
Will Shipley	RB	PHI	9	RB2	46.48	-133.42	2.81	2.10	2.65	2.39	2.64	3.05	2.39	3.05	0.00	2.71	2.41	2.81	3.10	2.32	2.65	2.96	3.03	2.96
Adam Trautman	TE	DEN	12	TE2	39.73	-133.44	1.72	2.76	2.00	3.07	2.05	2.02	1.72	1.96	2.20	2.89	2.65	0.00	2.29	2.89	2.37	2.50	2.65	2.00
DJ Giddens	RB	IND	11	RB2	45.69	-134.21	2.54	2.57	2.80	2.58	2.58	2.90	2.25	2.80	2.56	2.57	0.00	2.04	2.07	3.15	2.65	3.02	3.15	2.07
Matthew Wright	K	CAR	14		65.5	-134.5	4.19	3.94	3.89	3.84	4.04	3.99	4.29	2.99	3.29	3.94	3.89	3.89	3.64	0.00	3.94	4.09	3.54	4.09
Tyler Johnson	WR	NYJ	9	WR4	68.90	-134.59	3.83	3.93	4.38	3.61	4.28	3.80	4.11	3.68	0.00	4.20	3.90	4.23	4.39	3.61	4.32	4.26	3.90	3.93
Tim Patrick	WR	DET	8	WR4	68.78	-134.71	3.67	3.55	4.34	4.32	3.78	4.09	4.50	0.00	4.73	3.95	3.78	4.05	3.67	4.39	3.80	3.93	4.73	3.55
Johnny Mundt	TE	JAC	8	TE2	37.94	-135.24	2.62	2.94	2.11	1.93	2.53	2.06	2.73	0.00	2.76	2.11	1.91	1.68	1.65	2.64	1.93	2.14	2.64	1.65
Parker Washington	WR	JAC	8	WR4	67.86	-135.63	4.18	3.74	3.95	3.73	4.05	4.08	3.76	0.00	3.82	3.95	4.06	3.94	3.61	4.06	3.66	3.86	4.06	3.61
Sean Tucker	RB	TB	9	RB3	42.38	-137.52	2.46	1.99	2.31	1.90	2.54	2.90	2.25	2.77	0.00	2.80	2.82	2.48	2.78	2.77	2.46	3.40	2.44	3.40
Zamir White	RB	LV	8	RB5	42.28	-137.62	2.84	2.19	2.79	2.93	2.76	2.73	1.98	0.00	3.07	2.50	2.66	2.25	2.19	2.50	1.93	2.02	2.88	1.98
Ben Sinnott	TE	WAS	12	TE2	35.49	-137.69	1.64	2.25	2.74	2.18	1.90	2.22	1.86	2.52	2.04	1.65	2.30	0.00	2.13	2.13	1.64	1.95	1.86	1.95
Hunter Long	TE	JAC	8	TE3	34.85	-138.33	2.50	2.80	2.01	1.84	2.41	1.96	2.60	0.00	2.63	2.01	1.82	1.60	1.57	2.52	1.84	2.04	2.52	1.57
Malik Washington	WR	MIA	12	WR4	65.14	-138.35	3.85	3.76	3.79	3.47	3.96	3.85	4.05	4.24	4.08	3.79	3.71	0.00	4.11	3.47	3.69	3.55	4.23	3.76
Troy Franklin	WR	DEN	12	WR5	65.04	-138.45	3.34	3.75	3.75	3.46	3.46	3.39	3.71	4.02	3.65	3.53	3.74	0.00	3.62	3.53	3.36	4.06	3.74	3.75
Tyler Goodson	RB	IND	11	RB4	40.55	-139.35	2.32	2.34	2.55	2.35	2.35	2.64	2.05	2.55	2.33	2.34	0.00	1.86	1.89	2.87	2.41	2.75	2.87	1.89
Isaiah Davis	RB	NYJ	9	RB3	40.43	-139.47	2.33	2.68	2.12	2.32	2.49	2.34	3.23	2.41	0.00	2.11	2.66	2.07	2.34	2.32	2.88	2.63	2.66	2.68
Drew Sample	TE	CIN	10	TE3	33.66	-139.51	2.17	2.12	1.90	1.90	1.48	2.01	2.25	1.71	1.98	0.00	2.25	1.82	1.89	1.73	1.89	2.06	1.49	2.17
Payne Durham	TE	TB	9	TE2	33.38	-139.80	2.03	1.95	1.79	1.82	1.90	1.79	1.54	1.84	0.00	1.90	1.80	2.52	1.56	1.84	2.03	2.43	2.15	2.43
Emari Demercado	RB	ARI	8	RB3	39.61	-140.29	2.45	3.00	2.57	2.25	2.38	2.41	2.24	0.00	2.32	2.25	2.57	2.68	1.97	2.19	1.76	2.18	2.24	2.19
Kyle Monangai	RB	CHI	5	RB3	39.54	-140.36	1.86	1.87	2.18	2.06	0.00	2.30	2.31	1.82	2.11	2.37	1.86	2.04	1.58	2.11	1.85	2.11	2.42	1.87
Colby Parkinson	TE	LAR	8	TE3	32.48	-140.70	1.99	1.56	1.86	2.49	1.82	2.01	2.26	0.00	1.87	1.82	1.94	2.33	2.48	1.59	1.57	1.94	2.08	1.59
Pharaoh Brown	TE	MIA	12	TE3	32.42	-140.76	2.22	1.73	1.64	1.62	2.20	1.61	2.06	1.85	1.79	1.64	1.85	0.00	1.67	1.62	2.13	2.47	2.07	1.73
Chris Rodriguez Jr.	RB	WAS	12	RB5	38.49	-141.41	1.66	1.48	1.44	1.44	1.26	1.68	1.53	1.14	1.48	1.31	1.42	0.00	1.44	1.30	1.66	1.11	1.53	1.11
Van Jefferson	WR	TEN	10	WR4	61.82	-141.67	3.52	3.42	3.70	3.60	3.59	3.48	3.61	3.70	3.70	0.00	3.60	3.72	4.00	3.89	3.40	3.69	3.95	4.00
Elijah Higgins	TE	ARI	8	TE2	31.22	-141.96	1.61	2.12	1.56	1.66	1.33	2.14	1.84	0.00	1.52	1.66	1.56	1.94	1.99	2.21	1.71	1.78	2.38	2.21
Brevyn Spann-Ford	TE	DAL	10	TE3	31.09	-142.09	1.72	1.44	1.96	1.99	1.69	2.30	1.93	1.88	1.48	0.00	2.42	1.72	2.22	1.46	1.88	1.68	1.93	1.44
Jaylin Lane	WR	WAS	12	WR4	61.33	-142.16	3.58	3.25	3.41	3.99	3.63	3.14	3.89	3.62	3.65	4.07	3.28	0.00	3.46	4.19	3.58	3.35	3.89	3.35
Jake Briningstool	TE	KC	10		30.10	-143.08	1.61	1.65	1.38	1.78	2.01	1.40	2.32	1.84	1.64	0.00	1.80	2.22	1.58	1.77	1.61	1.38	1.80	2.32
Grant Calcaterra	TE	PHI	9	TE2	29.10	-144.08	1.46	1.96	2.12	1.91	1.66	1.28	1.66	1.28	0.00	1.76	1.29	1.46	1.73	1.48	2.14	1.70	1.51	1.70
A.J. Dillon	RB	PHI	9	RB3	34.86	-145.04	2.22	1.66	2.10	1.89	2.09	2.41	1.89	2.41	0.00	2.15	1.91	2.22	2.45	1.83	2.10	2.34	2.39	2.34
Daniel Jones	QB	IND	11	QB2	237.24	-145.74	9.26	10.71	11.30	11.62	11.56	10.97	10.84	11.30	10.51	13.20	0.00	11.49	11.03	13.07	10.71	10.51	13.07	11.03
Robert Tonyan	TE	KC	10	TE3	26.57	-146.61	1.23	1.26	1.06	1.36	1.53	1.07	1.77	1.41	1.25	0.00	1.37	1.69	1.20	1.35	1.23	1.06	1.37	1.77
Giovanni Ricci	TE	MIN	6		26.40	-146.78	1.63	1.60	2.14	1.85	1.78	0.00	1.43	1.39	1.21	1.55	1.63	1.65	1.50	1.60	1.37	1.20	1.21	1.65
Teagan Quitoriano	TE	ATL	5	TE4	26.10	-147.08	1.70	1.48	1.81	1.52	0.00	1.35	1.34	1.61	1.42	1.83	1.81	1.37	1.34	1.42	1.70	1.16	1.89	1.37
Nate Adkins	TE	DEN	12	TE4	26.09	-147.09	1.26	2.02	1.46	2.25	1.50	1.48	1.26	1.44	1.61	2.11	1.94	0.00	1.68	2.11	1.73	1.83	1.94	1.46
Lawrence Cager	TE	WAS	12		25.80	-147.38	1.21	1.66	2.02	1.61	1.40	1.64	1.38	1.86	1.51	1.22	1.70	0.00	1.57	1.57	1.21	1.44	1.38	1.44
Tanner McLachlan	TE	CIN	10		25.33	-147.85	1.67	1.64	1.47	1.47	1.14	1.55	1.73	1.32	1.53	0.00	1.73	1.41	1.46	1.33	1.46	1.59	1.15	1.67
Luke Farrell	TE	SF	14	TE2	25.03	-148.15	1.31	1.27	1.07	1.53	1.74	1.57	1.40	1.35	1.05	1.74	1.07	1.67	1.56	0.00	1.05	1.68	1.42	1.31
Jermaine Burton	WR	CIN	10	WR4	55.30	-148.19	3.61	3.71	3.96	3.27	3.85	3.07	3.29	3.09	2.97	0.00	3.29	3.35	3.63	3.38	3.63	3.10	3.33	3.61
Gavin Bartholomew	TE	MIN	6		24.60	-148.58	1.52	1.49	2.00	1.72	1.66	0.00	1.34	1.30	1.13	1.44	1.52	1.54	1.40	1.49	1.28	1.12	1.13	1.54
Devin Culp	TE	TB	9	TE3	24.39	-148.79	1.56	1.50	1.37	1.40	1.46	1.37	1.18	1.41	0.00	1.46	1.39	1.94	1.20	1.41	1.56	1.87	1.65	1.87
Charlie Woerner	TE	ATL	5	TE2	24.30	-148.88	1.51	1.31	1.61	1.35	0.00	1.19	1.18	1.42	1.26	1.62	1.61	1.22	1.18	1.26	1.51	1.03	1.67	1.22
Audric Estime	RB	DEN	12	RB4	31.01	-148.89	2.03	2.05	1.63	1.91	1.43	1.74	2.14	1.98	1.50	1.86	1.47	0.00	2.08	1.86	1.91	2.28	1.47	1.63
Emanuel Wilson	RB	GB	5	RB3	30.06	-149.85	1.62	1.98	1.59	1.88	0.00	1.82	2.00	1.76	2.44	1.37	2.04	1.60	1.62	2.08	1.77	2.08	1.57	1.60
Jalen Royals	WR	KC	10	WR4	53.59	-149.90	3.77	3.48	3.73	4.00	4.09	4.23	3.55	3.64	3.72	0.00	3.59	3.77	4.04	3.67	3.77	3.36	3.59	3.55
Cam Grandy	TE	CIN	10		23.07	-150.11	1.52	1.49	1.34	1.34	1.04	1.41	1.58	1.20	1.39	0.00	1.58	1.28	1.32	1.21	1.32	1.45	1.05	1.52
Kimani Vidal	RB	LAC	12	RB3	29.54	-150.37	1.11	1.41	1.40	1.62	1.57	1.39	1.55	1.27	1.53	1.39	1.72	0.00	1.41	1.08	1.11	1.49	1.13	1.40
Tanner Conner	TE	MIA	12		22.77	-150.41	1.57	1.22	1.16	1.15	1.56	1.14	1.45	1.30	1.26	1.16	1.30	0.00	1.18	1.15	1.50	1.75	1.46	1.22
Stone Smartt	TE	NYJ	9	TE3	22.64	-150.54	1.86	1.43	1.81	1.71	1.38	1.58	1.93	2.16	0.00	1.80	1.51	1.56	1.62	1.71	1.76	1.46	1.51	1.43
Charlie Kolar	TE	BAL	7	TE3	22.59	-150.59	1.11	1.39	0.95	1.44	1.20	1.55	0.00	1.27	1.32	1.22	1.39	1.10	1.67	1.44	1.67	1.17	1.29	1.44
Damien Martinez	RB	SEA	8	RB3	28.87	-151.03	1.88	1.59	1.79	1.80	1.44	1.96	1.29	0.00	1.78	1.80	1.60	1.74	1.44	1.59	1.76	1.60	2.20	1.88
Drew Ogletree	TE	IND	11		22.10	-151.08	1.90	1.75	1.35	2.23	2.26	1.38	1.57	1.35	2.07	1.80	0.00	2.07	1.72	1.96	1.68	1.58	1.96	1.72
Ty Chandler	RB	MIN	6	RB3	28.25	-151.65	1.98	1.68	1.73	1.68	1.51	0.00	1.30	1.48	1.54	1.49	1.98	1.73	1.74	1.88	1.79	1.95	1.54	1.73
Jared Wiley	TE	KC	10		21.51	-151.67	1.27	1.30	1.09	1.41	1.58	1.10	1.83	1.46	1.29	0.00	1.42	1.75	1.24	1.40	1.27	1.09	1.42	1.83
Luke Lachey	TE	HOU	6		21.15	-152.03	1.53	1.39	1.35	0.93	1.20	0.00	1.16	1.09	1.21	1.35	0.93	1.10	1.48	1.42	0.95	1.55	1.08	1.48
Ian Thomas	TE	LV	8	TE3	21.13	-152.05	1.19	1.11	1.28	1.30	1.53	0.96	1.47	0.00	1.39	1.25	1.09	1.42	1.11	1.25	1.14	1.23	0.96	1.47
Thomas Fidone II	TE	NYG	14		20.48	-152.70	1.26	1.07	1.45	1.09	1.13	1.12	1.23	1.12	1.10	1.28	1.30	0.95	1.18	0.00	1.26	1.23	1.58	1.07
Amar Johnson	RB	GB	5		27.00	-152.90	1.42	1.74	1.40	1.65	0.00	1.60	1.75	1.55	2.14	1.20	1.80	1.41	1.42	1.82	1.55	1.82	1.38	1.41
Jackson Hawes	TE	BUF	7		20.24	-152.94	1.12	1.01	1.22	1.04	1.08	1.15	0.00	1.38	1.33	1.22	1.29	1.11	1.33	1.54	1.08	1.28	1.03	1.01
Luke McCaffrey	WR	WAS	12	WR5	50.29	-153.20	2.97	2.69	2.82	3.30	3.00	2.60	3.21	2.99	3.02	3.37	2.72	0.00	2.86	3.46	2.97	2.77	3.21	2.77
Clyde Edwards-Helaire	RB	NO	11	RB5	26.47	-153.43	1.36	1.42	1.24	1.38	1.39	1.37	1.41	1.09	1.21	1.66	0.00	1.21	1.19	1.09	1.66	1.13	1.32	1.21
Moliki Matavao	TE	NO	11		19.65	-153.53	0.90	1.03	1.10	1.04	0.88	1.10	1.19	1.32	1.46	1.40	0.00	1.17	1.24	1.32	1.40	1.03	0.88	1.17
JuJu Smith-Schuster	WR	KC	10	WR5	49.18	-154.31	2.65	2.44	2.62	2.80	2.87	2.97	2.49	2.55	2.61	0.00	2.52	2.65	2.84	2.58	2.65	2.36	2.52	2.49
Craig Reynolds	RB	DET	8	RB3	25.41	-154.50	1.58	1.81	1.37	1.39	1.58	1.23	1.39	0.00	1.39	1.73	1.19	1.78	1.58	1.64	1.55	1.54	1.39	1.81
Lucas Krull	TE	DEN	12	TE3	18.68	-154.50	0.81	1.30	0.94	1.44	0.97	0.95	0.81	0.92	1.04	1.36	1.24	0.00	1.08	1.36	1.11	1.17	1.24	0.94
Jordan James	RB	SF	14	RB3	25.35	-154.55	1.49	1.62	1.63	1.77	1.45	1.31	1.44	1.17	1.67	1.45	1.63	1.99	1.30	0.00	1.58	1.60	1.70	1.49
Jahan Dotson	WR	PHI	9	WR3	48.81	-154.68	3.26	3.04	2.82	3.35	2.90	3.01	3.52	3.01	0.00	2.73	3.42	3.26	2.64	3.05	2.87	2.94	3.00	2.94
Carson Steele	RB	KC	10	RB5	25.15	-154.75	1.40	1.23	1.84	1.41	1.96	1.45	1.60	1.78	1.83	0.00	1.59	1.76	1.69	1.29	1.40	1.74	1.59	1.60
Anthony Miller	WR	BAL	7	WR5	48.45	-155.04	2.85	3.05	3.24	2.88	2.82	2.68	0.00	2.51	2.62	3.34	3.05	2.61	2.67	2.77	2.67	2.82	2.59	2.77
Michael Burton	RB	DEN	12	RB6	24.81	-155.09	1.62	1.64	1.30	1.53	1.15	1.39	1.72	1.58	1.20	1.49	1.18	0.00	1.66	1.49	1.53	1.83	1.18	1.30
Will Mallory	TE	IND	11	TE3	17.59	-155.59	1.13	1.04	0.80	1.32	1.34	0.82	0.93	0.80	1.23	1.07	0.00	1.23	1.02	1.16	1.00	0.94	1.16	1.02
Jalin Hyatt	WR	NYG	14	WR4	47.75	-155.74	2.70	3.00	2.79	2.80	2.99	2.58	2.66	2.58	2.57	2.42	2.51	3.14	2.73	0.00	2.70	3.23	2.63	3.00
Jeremy McNichols	RB	WAS	12	RB4	23.85	-156.06	1.61	1.43	1.40	1.39	1.22	1.63	1.48	1.10	1.43	1.27	1.38	0.00	1.39	1.26	1.61	1.07	1.48	1.07
Sincere McCormick	RB	LV	8	RB3	23.29	-156.61	1.27	0.98	1.25	1.31	1.23	1.22	0.88	0.00	1.37	1.11	1.18	1.00	0.98	1.11	0.86	0.90	1.29	0.88
Elijah Moore	WR	BUF	7	WR4	46.38	-157.11	2.93	2.49	2.50	2.95	2.70	3.04	0.00	2.85	2.76	2.50	3.03	2.69	2.65	2.55	2.70	2.91	2.55	2.49
Blake Whiteheart	TE	CLE	9	TE3	16.03	-157.15	1.23	0.89	0.95	0.70	0.90	1.06	0.97	0.86	0.00	0.81	0.89	1.16	0.81	0.69	0.93	0.82	1.06	1.23
Jaheim Bell	TE	NE	14	TE3	15.80	-157.38	1.26	1.06	1.16	1.20	0.89	0.90	0.75	1.11	1.00	1.12	0.88	1.34	0.75	0.00	0.89	0.97	0.88	1.06
Eric Saubert	TE	SEA	8	TE3	15.78	-157.40	0.82	1.08	0.84	0.72	1.05	1.02	0.90	0.00	0.93	0.72	1.16	0.70	0.91	0.93	1.12	1.16	1.11	0.82
Quintin Morris	TE	JAC	8	TE4	15.74	-157.44	1.68	1.89	1.35	1.24	1.63	1.32	1.75	0.00	1.77	1.35	1.23	1.08	1.06	1.69	1.24	1.38	1.69	1.06
Brenden Bates	TE	CLE	9		15.66	-157.52	1.21	0.87	0.93	0.68	0.88	1.04	0.95	0.84	0.00	0.79	0.87	1.13	0.79	0.68	0.92	0.80	1.04	1.21
Kenny Yeboah	TE	DET	8		15.05	-158.13	0.73	0.72	0.69	0.79	0.95	0.82	0.80	0.00	0.69	0.71	0.64	0.53	0.73	0.61	0.88	0.82	0.69	0.72
John Bates	TE	WAS	12	TE3	14.99	-158.19	0.70	0.97	1.18	0.93	0.81	0.95	0.80	1.08	0.87	0.71	0.99	0.00	0.91	0.91	0.70	0.84	0.80	0.84
Mitchell Evans	TE	CAR	14		14.64	-158.54	0.56	0.40	0.52	0.48	0.55	0.44	0.45	0.46	0.53	0.47	0.52	0.45	0.64	0.00	0.47	0.58	0.48	0.58
Alec Ingold	RB	MIA	12	RB4	21.28	-158.62	1.43	1.47	1.49	1.21	1.79	1.14	1.17	1.30	1.15	1.49	1.45	0.00	1.46	1.21	1.29	1.33	1.17	1.47
C.J. Ham	RB	MIN	6	RB4	20.42	-159.48	1.41	1.20	1.23	1.19	1.08	0.00	0.92	1.05	1.09	1.06	1.41	1.23	1.24	1.34	1.27	1.38	1.09	1.23
Kylen Granson	TE	PHI	9	TE3	13.67	-159.51	0.73	0.99	1.06	0.96	0.83	0.64	0.83	0.64	0.00	0.88	0.65	0.73	0.87	0.74	1.08	0.85	0.76	0.85
DeeJay Dallas	RB	ARI	8	RB4	20.28	-159.62	1.25	1.54	1.31	1.15	1.22	1.23	1.15	0.00	1.19	1.15	1.31	1.37	1.01	1.12	0.90	1.12	1.15	1.12
Ben Sims	TE	GB	5	TE3	13.05	-160.13	0.60	0.79	0.88	0.68	0.00	1.06	0.61	0.92	0.95	0.71	0.60	0.77	0.60	0.81	0.77	0.81	0.77	0.77
Pierre Strong Jr.	RB	CLE	9	RB4	19.54	-160.37	0.81	0.70	0.81	0.72	0.71	0.79	0.78	0.90	0.00	0.74	0.70	0.79	0.93	0.86	0.93	0.91	0.79	0.81
Durham Smythe	TE	CHI	5	TE3	12.37	-160.81	0.69	0.54	0.60	0.89	0.00	0.71	0.64	0.68	0.95	0.53	0.69	0.81	0.63	0.73	0.79	0.73	0.62	0.54
Kyle Juszczyk	RB	SF	14	RB5	18.97	-160.94	1.12	1.22	1.23	1.34	1.09	0.98	1.09	0.88	1.26	1.09	1.23	1.50	0.98	0.00	1.19	1.20	1.28	1.12
Greg Dulcich	TE	NYG	14		12.10	-161.08	0.74	0.63	0.85	0.64	0.67	0.66	0.72	0.66	0.65	0.75	0.76	0.56	0.69	0.00	0.74	0.72	0.93	0.63
Skyy Moore	WR	KC	10	WR6	42.39	-161.10	3.39	3.13	3.35	3.59	3.67	3.80	3.19	3.27	3.34	0.00	3.23	3.39	3.63	3.30	3.39	3.02	3.23	3.19
Kalif Raymond	WR	DET	8	WR5	42.21	-161.28	2.25	2.17	2.66	2.64	2.31	2.50	2.75	0.00	2.89	2.42	2.31	2.48	2.25	2.69	2.32	2.40	2.89	2.17
Kalel Mullings	RB	TEN	10		18.43	-161.47	1.10	1.11	1.22	0.89	1.25	1.11	1.26	1.22	0.97	0.00	0.89	1.14	1.36	0.99	1.30	0.88	1.24	1.36
Kendrick Bourne	WR	NE	14	WR5	41.44	-162.05	2.81	2.70	2.86	3.07	2.94	3.19	2.66	3.15	3.29	3.28	2.69	2.76	2.95	0.00	2.94	3.16	2.69	2.70
Michael Carter	RB	ARI	8	RB5	17.56	-162.34	1.08	1.33	1.14	1.00	1.05	1.07	0.99	0.00	1.03	1.00	1.14	1.19	0.87	0.97	0.78	0.97	0.99	0.97
A.T. Perry	WR	DEN	12	WR7	40.75	-162.74	2.20	2.47	2.47	2.28	2.28	2.23	2.44	2.65	2.41	2.33	2.47	0.00	2.39	2.33	2.22	2.68	2.47	2.47
Cam Akers	RB	NO	11	RB4	17.12	-162.78	1.25	1.31	1.15	1.28	1.29	1.26	1.31	1.01	1.12	1.53	0.00	1.11	1.10	1.01	1.53	1.04	1.21	1.11
Darrynton Evans	RB	BUF	7	RB4	16.65	-163.25	1.06	1.12	1.19	1.35	1.36	1.20	0.00	1.65	0.95	1.19	1.08	0.97	1.19	1.23	1.36	1.08	0.92	1.12
Zay Jones	WR	ARI	8	WR4	39.70	-163.79	2.52	2.43	2.17	2.37	2.10	2.36	2.11	0.00	2.52	2.37	2.17	2.55	2.59	2.18	2.29	2.59	2.18	2.18
Irv Smith Jr.	TE	HOU	6		9.18	-164.00	0.66	0.60	0.58	0.40	0.52	0.00	0.50	0.47	0.52	0.58	0.40	0.47	0.64	0.62	0.41	0.67	0.47	0.64
Davis Allen	TE	LAR	8		9.14	-164.04	0.63	0.49	0.58	0.78	0.57	0.63	0.71	0.00	0.59	0.57	0.61	0.73	0.78	0.50	0.49	0.61	0.65	0.50
Chris Brooks	RB	GB	5	RB4	15.51	-164.39	0.72	0.88	0.70	0.83	0.00	0.80	0.88	0.78	1.08	0.60	0.90	0.71	0.72	0.92	0.78	0.92	0.69	0.71
Travis Homer	RB	CHI	5	RB4	15.35	-164.55	0.82	0.83	0.97	0.91	0.00	1.02	1.02	0.80	0.93	1.05	0.82	0.90	0.70	0.93	0.82	0.93	1.07	0.83
Julius Chestnut	RB	TEN	10	RB3	15.12	-164.78	0.90	0.91	1.00	0.73	1.02	0.91	1.03	1.00	0.79	0.00	0.73	0.93	1.11	0.81	1.06	0.72	1.02	1.11
Dominique Dafney	TE	CAR	14		8.34	-164.84	0.54	0.38	0.50	0.47	0.53	0.43	0.44	0.44	0.51	0.45	0.50	0.44	0.62	0.00	0.45	0.56	0.47	0.56
Mo Alie-Cox	TE	IND	11		8.32	-164.86	2.45	2.27	1.74	2.88	2.92	1.78	2.02	1.74	2.68	2.32	0.00	2.68	2.23	2.53	2.17	2.04	2.53	2.23
Tyler Shough	QB	NO	11	QB1	217.73	-165.25	12.19	11.67	11.89	12.84	12.62	11.75	10.00	14.59	12.91	15.10	0.00	14.67	10.29	14.59	15.10	11.89	12.55	14.67
Tucker Fisk	TE	LAC	12	TE4	7.68	-165.50	0.58	0.63	0.49	0.38	0.50	0.53	0.60	0.49	0.38	0.58	0.55	0.00	0.63	0.45	0.58	0.43	0.48	0.49
Zach Pascal	WR	NYG	14	WR5	37.64	-165.85	2.16	2.40	2.23	2.24	2.39	2.07	2.13	2.07	2.06	1.94	2.01	2.51	2.19	0.00	2.16	2.58	2.11	2.40
Raheem Blackshear	RB	CAR	14	RB4	13.60	-166.30	1.11	1.02	0.90	1.02	0.89	0.96	0.84	1.03	0.92	1.01	0.90	1.06	0.90	0.00	1.01	0.81	0.93	0.81
Tanner Hudson	TE	CIN	10	TE4	6.87	-166.31	0.46	0.45	0.40	0.40	0.31	0.43	0.48	0.36	0.42	0.00	0.48	0.39	0.40	0.37	0.40	0.44	0.32	0.46
Dare Ogunbowale	RB	HOU	6	RB5	13.34	-166.56	1.19	1.07	1.46	1.30	1.05	0.00	1.23	1.40	1.19	1.46	1.30	1.36	1.31	0.94	1.34	1.19	1.04	1.31
Chimere Dike	WR	TEN	10	WR5	36.55	-166.94	2.14	2.08	2.25	2.19	2.18	2.11	2.19	2.25	2.25	0.00	2.19	2.26	2.43	2.37	2.07	2.24	2.40	2.43
Jordan Mims	RB	TEN	10		12.79	-167.11	0.69	0.69	0.76	0.56	0.78	0.69	0.78	0.76	0.60	0.00	0.56	0.71	0.85	0.62	0.81	0.55	0.77	0.85
Olamide Zaccheaus	WR	CHI	5	WR4	36.33	-167.16	2.31	2.25	2.14	1.88	0.00	1.93	2.14	2.12	1.85	1.98	2.31	1.92	1.85	1.79	2.11	1.79	1.84	2.25
Ronnie Rivers	RB	LAR	8		12.56	-167.34	0.60	0.80	0.57	0.81	0.87	0.65	0.90	0.00	0.83	0.87	0.76	0.67	1.02	0.83	0.67	0.76	0.74	0.83
Erick All Jr.	TE	CIN	10		5.68	-167.50	0.37	0.36	0.33	0.33	0.25	0.35	0.39	0.29	0.34	0.00	0.39	0.31	0.32	0.30	0.32	0.35	0.26	0.37
KhaDarel Hodge	WR	ATL	5	WR4	35.63	-167.86	1.86	1.95	1.74	1.63	0.00	1.67	1.56	1.53	1.65	1.69	1.74	1.81	1.53	1.70	1.86	1.64	1.57	1.81
Jordan Watkins	WR	SF	14	WR5	35.53	-167.96	2.10	2.23	2.03	2.26	1.93	2.29	2.30	2.03	2.07	1.93	2.03	2.15	2.20	0.00	1.86	2.09	1.81	2.10
Michael Gallup	WR	WAS	12	WR6	35.47	-168.02	2.08	1.89	1.98	2.32	2.11	1.83	2.26	2.10	2.12	2.37	1.91	0.00	2.01	2.43	2.08	1.95	2.26	1.95
Zach Davidson	TE	BUF	7		5.01	-168.17	0.28	0.25	0.30	0.26	0.27	0.29	0.00	0.34	0.33	0.30	0.32	0.27	0.33	0.38	0.27	0.32	0.26	0.25
Jack Stoll	TE	NO	11		4.87	-168.31	0.19	0.22	0.24	0.23	0.19	0.24	0.26	0.28	0.32	0.30	0.00	0.25	0.27	0.28	0.30	0.22	0.19	0.25
KeAndre Lambert-Smith	WR	LAC	12	WR5	34.69	-168.80	2.12	2.00	2.03	2.10	2.05	1.93	2.13	2.46	1.89	2.04	2.31	0.00	2.00	1.96	2.12	2.28	2.07	2.03
David Martin-Robinson	TE	TEN	10		4.36	-168.82	0.24	0.31	0.30	0.24	0.19	0.31	0.23	0.30	0.22	0.00	0.24	0.23	0.27	0.28	0.22	0.29	0.22	0.27
Chris Manhertz	TE	NYG	14	TE3	4.34	-168.84	0.72	0.61	0.82	0.62	0.65	0.64	0.70	0.64	0.63	0.73	0.74	0.54	0.67	0.00	0.72	0.70	0.90	0.61
Patrick Ricard	RB	BAL	7	RB5	10.91	-168.99	0.75	0.59	0.60	0.52	0.53	0.66	0.00	0.77	0.65	0.59	0.59	0.61	0.67	0.65	0.67	0.74	0.67	0.65
James Mitchell	TE	CAR	14		4.18	-169.00	0.27	0.19	0.25	0.23	0.26	0.21	0.22	0.22	0.26	0.23	0.25	0.22	0.31	0.00	0.23	0.28	0.23	0.28
Feleipe Franks	TE	ATL	5	TE3	4.17	-169.01	0.27	0.24	0.29	0.24	0.00	0.22	0.21	0.26	0.23	0.29	0.29	0.22	0.21	0.23	0.27	0.19	0.30	0.22
Israel Abanikanda	RB	GB	5		10.83	-169.07	0.57	0.70	0.56	0.67	0.00	0.64	0.71	0.62	0.86	0.48	0.72	0.57	0.57	0.73	0.63	0.73	0.55	0.57
Hassan Haskins	RB	LAC	12	RB4	10.58	-169.32	0.49	0.62	0.62	0.72	0.69	0.61	0.68	0.56	0.68	0.62	0.76	0.00	0.62	0.48	0.49	0.66	0.50	0.62
Deuce Vaughn	RB	DAL	10	RB6	10.05	-169.85	0.45	0.67	0.68	0.59	0.54	0.80	0.65	0.58	0.65	0.00	0.58	0.45	0.46	0.53	0.52	0.51	0.65	0.67
Russell Gage Jr.	WR	SF	14	WR7	33.52	-169.97	4.89	5.20	4.72	5.27	4.50	5.34	5.36	4.74	4.81	4.50	4.72	5.01	5.12	0.00	4.33	4.87	4.22	4.89
Frank Gore Jr.	RB	BUF	7		9.58	-170.32	0.50	0.53	0.56	0.64	0.64	0.57	0.00	0.78	0.45	0.56	0.51	0.46	0.56	0.58	0.64	0.51	0.44	0.53
Hunter Luepke	RB	DAL	10	RB4	9.22	-170.68	0.42	0.63	0.64	0.56	0.51	0.75	0.61	0.54	0.61	0.00	0.55	0.42	0.43	0.50	0.49	0.48	0.61	0.63
LeQuint Allen Jr.	RB	JAC	8	RB4	9.14	-170.76	1.10	0.82	0.65	0.94	0.64	0.83	0.80	0.00	0.80	0.65	0.70	0.90	0.87	0.88	0.75	0.80	0.88	0.87
Nick Vannett	TE	MIN	6		2.00	-171.18	0.18	0.18	0.24	0.21	0.20	0.00	0.16	0.16	0.14	0.17	0.18	0.18	0.17	0.18	0.15	0.13	0.14	0.18
Eric Gray	RB	NYG	14	RB4	8.41	-171.49	0.59	0.56	0.42	0.47	0.60	0.41	0.53	0.41	0.62	0.62	0.55	0.48	0.60	0.00	0.59	0.48	0.53	0.56
Kene Nwangwu	RB	NYJ	9	RB4	8.05	-171.85	0.44	0.51	0.40	0.44	0.47	0.45	0.61	0.46	0.00	0.40	0.51	0.39	0.45	0.44	0.55	0.50	0.51	0.51
Harrison Bryant	TE	PHI	9		1.05	-172.13	0.14	0.19	0.20	0.18	0.16	0.12	0.16	0.12	0.00	0.17	0.12	0.14	0.17	0.14	0.21	0.16	0.15	0.16
Jashaun Corbin	RB	ATL	5		7.27	-172.63	0.36	0.36	0.54	0.44	0.00	0.45	0.46	0.39	0.45	0.43	0.54	0.44	0.37	0.41	0.36	0.44	0.39	0.44
Gary Brightwell	RB	CIN	10	RB4	7.14	-172.76	0.37	0.51	0.38	0.42	0.38	0.43	0.41	0.39	0.49	0.00	0.41	0.47	0.37	0.48	0.37	0.41	0.47	0.37
Jake Bobo	WR	SEA	8	WR5	30.63	-172.86	1.98	2.07	2.30	2.09	2.37	2.34	2.10	0.00	2.08	2.09	2.00	1.92	2.49	2.37	2.16	2.00	2.22	1.98
Rasheen Ali	RB	BAL	7	RB4	6.95	-172.95	1.13	0.89	0.90	0.78	0.80	0.99	0.00	1.16	0.98	0.89	0.89	0.92	1.01	0.98	1.01	1.12	1.01	0.98
Malachi Corley	WR	NYJ	9	WR5	30.38	-173.11	2.24	2.30	2.56	2.11	2.50	2.22	2.40	2.15	0.00	2.46	2.28	2.47	2.57	2.11	2.53	2.49	2.28	2.30
Brevin Jordan	TE	HOU	6		0.00	-173.18	2.39	2.16	2.10	1.44	1.86	0.00	1.80	1.69	1.88	2.10	1.44	1.71	2.31	2.22	1.47	2.42	1.68	2.31
Travis Vokolek	TE	ARI	8		0.00	-173.18	0.72	0.96	0.70	0.75	0.60	0.96	0.83	0.00	0.68	0.75	0.70	0.87	0.90	0.99	0.77	0.80	1.07	0.99
Ross Dwelley	TE	SF	14		0.00	-173.18	0.63	0.61	0.52	0.74	0.84	0.76	0.68	0.65	0.51	0.84	0.52	0.81	0.75	0.00	0.51	0.81	0.69	0.63
Ben Yurosek	TE	MIN	6		0.00	-173.18	0.25	0.25	0.33	0.29	0.28	0.00	0.22	0.22	0.19	0.24	0.25	0.26	0.23	0.25	0.21	0.19	0.19	0.26
Brayden Willis	TE	SF	14	TE3	0.00	-173.18	0.00	0.00	0.00	0.00	0.00	0.00	0.00	0.00	0.00	0.00	0.00	0.00	0.00	0.00	0.00	0.00	0.00	0.00
Tyree Jackson	TE	WAS	12		0.00	-173.18	0.00	0.00	0.00	0.00	0.00	0.00	0.00	0.00	0.00	0.00	0.00	0.00	0.00	0.00	0.00	0.00	0.00	0.00
Stephen Carlson	TE	CHI	5		0.00	-173.18	0.00	0.00	0.00	0.00	0.00	0.00	0.00	0.00	0.00	0.00	0.00	0.00	0.00	0.00	0.00	0.00	0.00	0.00
Donald Parham Jr.	TE	PIT	5		0.00	-173.18	0.00	0.00	0.00	0.00	0.00	0.00	0.00	0.00	0.00	0.00	0.00	0.00	0.00	0.00	0.00	0.00	0.00	0.00
Josiah Deguara	TE	ARI	8		0.00	-173.18	0.00	0.00	0.00	0.00	0.00	0.00	0.00	0.00	0.00	0.00	0.00	0.00	0.00	0.00	0.00	0.00	0.00	0.00
Albert Okwuegbunam Jr.	TE	LV	8		0.00	-173.18	0.00	0.00	0.00	0.00	0.00	0.00	0.00	0.00	0.00	0.00	0.00	0.00	0.00	0.00	0.00	0.00	0.00	0.00
Sean McKeon	TE	IND	11		0.00	-173.18	0.00	0.00	0.00	0.00	0.00	0.00	0.00	0.00	0.00	0.00	0.00	0.00	0.00	0.00	0.00	0.00	0.00	0.00
Matt Sokol	TE	BUF	7		0.00	-173.18	0.00	0.00	0.00	0.00	0.00	0.00	0.00	0.00	0.00	0.00	0.00	0.00	0.00	0.00	0.00	0.00	0.00	0.00
Shane Zylstra	TE	DET	8	TE3	0.00	-173.18	0.00	0.00	0.00	0.00	0.00	0.00	0.00	0.00	0.00	0.00	0.00	0.00	0.00	0.00	0.00	0.00	0.00	0.00
Tyler Mabry	TE	CAR	14		0.00	-173.18	0.00	0.00	0.00	0.00	0.00	0.00	0.00	0.00	0.00	0.00	0.00	0.00	0.00	0.00	0.00	0.00	0.00	0.00
Ko Kieft	TE	TB	9		0.00	-173.18	0.00	0.00	0.00	0.00	0.00	0.00	0.00	0.00	0.00	0.00	0.00	0.00	0.00	0.00	0.00	0.00	0.00	0.00
Cole Turner	TE	WAS	12		0.00	-173.18	0.00	0.00	0.00	0.00	0.00	0.00	0.00	0.00	0.00	0.00	0.00	0.00	0.00	0.00	0.00	0.00	0.00	0.00
John FitzPatrick	TE	GB	5		0.00	-173.18	0.00	0.00	0.00	0.00	0.00	0.00	0.00	0.00	0.00	0.00	0.00	0.00	0.00	0.00	0.00	0.00	0.00	0.00
Nick Muse	TE	PHI	9		0.00	-173.18	0.00	0.00	0.00	0.00	0.00	0.00	0.00	0.00	0.00	0.00	0.00	0.00	0.00	0.00	0.00	0.00	0.00	0.00
Jake Tonges	TE	SF	14		0.00	-173.18	0.00	0.00	0.00	0.00	0.00	0.00	0.00	0.00	0.00	0.00	0.00	0.00	0.00	0.00	0.00	0.00	0.00	0.00
Nikola Kalinic	TE	ATL	5		0.00	-173.18	0.00	0.00	0.00	0.00	0.00	0.00	0.00	0.00	0.00	0.00	0.00	0.00	0.00	0.00	0.00	0.00	0.00	0.00
Cameron Latu	TE	PHI	9		0.00	-173.18	0.00	0.00	0.00	0.00	0.00	0.00	0.00	0.00	0.00	0.00	0.00	0.00	0.00	0.00	0.00	0.00	0.00	0.00
Justin Shorter	TE	LV	8		0.00	-173.18	0.00	0.00	0.00	0.00	0.00	0.00	0.00	0.00	0.00	0.00	0.00	0.00	0.00	0.00	0.00	0.00	0.00	0.00
Zack Kuntz	TE	NYJ	9		0.00	-173.18	0.00	0.00	0.00	0.00	0.00	0.00	0.00	0.00	0.00	0.00	0.00	0.00	0.00	0.00	0.00	0.00	0.00	0.00
Princeton Fant	TE	DAL	10		0.00	-173.18	0.00	0.00	0.00	0.00	0.00	0.00	0.00	0.00	0.00	0.00	0.00	0.00	0.00	0.00	0.00	0.00	0.00	0.00
Cole Fotheringham	TE	NE	14		0.00	-173.18	0.00	0.00	0.00	0.00	0.00	0.00	0.00	0.00	0.00	0.00	0.00	0.00	0.00	0.00	0.00	0.00	0.00	0.00
John Stephens Jr.	TE	DAL	10		0.00	-173.18	0.00	0.00	0.00	0.00	0.00	0.00	0.00	0.00	0.00	0.00	0.00	0.00	0.00	0.00	0.00	0.00	0.00	0.00
Colson Yankoff	TE	WAS	12		0.00	-173.18	0.00	0.00	0.00	0.00	0.00	0.00	0.00	0.00	0.00	0.00	0.00	0.00	0.00	0.00	0.00	0.00	0.00	0.00
Thomas Odukoya	TE	TEN	10		0.00	-173.18	0.00	0.00	0.00	0.00	0.00	0.00	0.00	0.00	0.00	0.00	0.00	0.00	0.00	0.00	0.00	0.00	0.00	0.00
E.J. Jenkins	TE	PHI	9		0.00	-173.18	0.00	0.00	0.00	0.00	0.00	0.00	0.00	0.00	0.00	0.00	0.00	0.00	0.00	0.00	0.00	0.00	0.00	0.00
Baylor Cupp	TE	BAL	7		0.00	-173.18	0.00	0.00	0.00	0.00	0.00	0.00	0.00	0.00	0.00	0.00	0.00	0.00	0.00	0.00	0.00	0.00	0.00	0.00
Jack Westover	TE	NE	14		0.00	-173.18	0.00	0.00	0.00	0.00	0.00	0.00	0.00	0.00	0.00	0.00	0.00	0.00	0.00	0.00	0.00	0.00	0.00	0.00
Caleb Lohner	TE	DEN	12		0.00	-173.18	0.00	0.00	0.00	0.00	0.00	0.00	0.00	0.00	0.00	0.00	0.00	0.00	0.00	0.00	0.00	0.00	0.00	0.00
Dalton Keene	TE	HOU	6		0.00	-173.18	0.00	0.00	0.00	0.00	0.00	0.00	0.00	0.00	0.00	0.00	0.00	0.00	0.00	0.00	0.00	0.00	0.00	0.00
Mitchell Wilcox	TE	MIA	12		0.00	-173.18	0.00	0.00	0.00	0.00	0.00	0.00	0.00	0.00	0.00	0.00	0.00	0.00	0.00	0.00	0.00	0.00	0.00	0.00
Mack Hollins	WR	NE	14	WR7	30.04	-173.45	2.01	1.93	2.05	2.20	2.10	2.28	1.90	2.25	2.35	2.34	1.93	1.97	2.11	0.00	2.10	2.26	1.93	1.93
Trey Sermon	RB	PIT	5		6.03	-173.87	0.33	0.37	0.41	0.32	0.00	0.32	0.37	0.37	0.40	0.31	0.37	0.42	0.41	0.32	0.35	0.33	0.32	0.32
Zonovan Knight	RB	ARI	8		5.84	-174.06	0.36	0.44	0.38	0.33	0.35	0.35	0.33	0.00	0.34	0.33	0.38	0.39	0.29	0.32	0.26	0.32	0.33	0.32
Jamari Thrash	WR	CLE	9	WR4	29.37	-174.12	0.46	0.53	0.44	0.56	0.57	0.48	0.45	0.48	0.00	0.45	0.53	0.47	0.46	0.44	0.43	0.49	0.48	0.46
Elijah Dotson	RB	ATL	5		5.70	-174.20	0.27	0.27	0.41	0.34	0.00	0.34	0.35	0.30	0.34	0.33	0.41	0.34	0.28	0.31	0.27	0.34	0.30	0.34
Jha'Quan Jackson	WR	TEN	10		29.20	-174.29	1.64	1.60	1.72	1.68	1.67	1.62	1.68	1.72	1.72	0.00	1.68	1.74	1.87	1.82	1.59	1.72	1.84	1.87
Arian Smith	WR	NYJ	9	WR7	29.18	-174.31	2.27	2.33	2.60	2.14	2.53	2.25	2.44	2.18	0.00	2.49	2.31	2.51	2.60	2.14	2.56	2.53	2.31	2.33
Terrell Jennings	RB	NE	14		5.56	-174.34	0.32	0.31	0.31	0.44	0.36	0.36	0.35	0.28	0.32	0.29	0.30	0.32	0.37	0.00	0.36	0.28	0.30	0.31
Velus Jones Jr.	RB	NO	11		5.49	-174.41	0.33	0.35	0.31	0.34	0.34	0.34	0.35	0.27	0.30	0.41	0.00	0.30	0.29	0.27	0.41	0.28	0.32	0.30
Scott Matlock	RB	LAC	12		4.27	-175.63	0.20	0.25	0.25	0.29	0.28	0.24	0.27	0.22	0.27	0.25	0.30	0.00	0.25	0.19	0.20	0.26	0.20	0.25
Erik Ezukanma	WR	MIA	12	WR7	27.68	-175.81	1.66	1.62	1.63	1.50	1.71	1.66	1.75	1.83	1.76	1.63	1.60	0.00	1.77	1.50	1.59	1.53	1.82	1.62
Dylan Laube	RB	LV	8	RB4	3.60	-176.30	0.26	0.20	0.25	0.27	0.25	0.25	0.18	0.00	0.28	0.23	0.24	0.20	0.20	0.23	0.18	0.18	0.26	0.18
Xavier Restrepo	WR	TEN	10		26.70	-176.79	1.77	1.72	1.86	1.81	1.80	1.75	1.81	1.86	1.86	0.00	1.81	1.87	2.01	1.95	1.71	1.85	1.98	2.01
Savion Williams	WR	GB	5	WR6	26.62	-176.87	2.59	2.22	2.43	2.47	0.00	2.13	2.24	2.21	2.38	2.13	2.28	2.66	2.59	2.00	2.20	2.00	2.44	2.66
Avery Williams	RB	PHI	9		2.86	-177.04	0.23	0.17	0.22	0.20	0.22	0.25	0.20	0.25	0.00	0.22	0.20	0.23	0.26	0.19	0.22	0.24	0.25	0.24
Raheim Sanders	RB	LAC	12		2.80	-177.10	0.09	0.11	0.11	0.13	0.13	0.11	0.12	0.10	0.12	0.11	0.14	0.00	0.11	0.09	0.09	0.12	0.09	0.11
Carlos Washington Jr.	RB	ATL	5		2.35	-177.55	0.11	0.11	0.18	0.14	0.00	0.15	0.15	0.13	0.14	0.14	0.18	0.14	0.12	0.13	0.11	0.14	0.13	0.14
Trayveon Williams	RB	CLE	9		2.21	-177.69	0.13	0.11	0.13	0.12	0.12	0.13	0.13	0.15	0.00	0.12	0.11	0.13	0.15	0.14	0.15	0.15	0.13	0.13
Keilan Robinson	RB	PHI	9		1.90	-178.00	0.16	0.12	0.15	0.13	0.15	0.17	0.13	0.17	0.00	0.15	0.13	0.16	0.17	0.13	0.15	0.16	0.17	0.16
Tyler Badie	RB	DEN	12	RB5	1.90	-178.00	0.12	0.13	0.10	0.12	0.09	0.11	0.13	0.12	0.09	0.11	0.09	0.00	0.13	0.11	0.12	0.14	0.09	0.10
Phil Mafah	RB	DAL	10	RB5	1.90	-178.00	0.09	0.13	0.13	0.11	0.10	0.15	0.12	0.11	0.12	0.00	0.11	0.09	0.09	0.10	0.10	0.10	0.12	0.13
George Holani	RB	SEA	8	RB4	1.70	-178.20	0.00	0.00	0.00	0.00	0.00	0.00	0.00	0.00	0.00	0.00	0.00	0.00	0.00	0.00	0.00	0.00	0.00	0.00
Xavier Hutchinson	WR	HOU	6	WR7	24.94	-178.55	3.61	4.29	4.23	3.47	4.13	0.00	3.93	3.59	3.72	4.23	3.47	3.85	3.90	3.89	3.79	3.67	3.90	3.90
Sione Vaki	RB	DET	8	RB4	1.30	-178.60	0.23	0.26	0.20	0.20	0.23	0.18	0.20	0.00	0.20	0.25	0.17	0.26	0.23	0.24	0.22	0.22	0.20	0.26
JaMycal Hasty	RB	NE	14		1.25	-178.65	0.82	0.80	0.81	1.12	0.93	0.91	0.89	0.73	0.81	0.73	0.76	0.83	0.94	0.00	0.93	0.72	0.76	0.80
D'Ernest Johnson	RB	BAL	7		1.00	-178.90	0.12	0.09	0.09	0.08	0.08	0.10	0.00	0.12	0.10	0.09	0.09	0.10	0.10	0.10	0.10	0.12	0.10	0.10
Xavier Gipson	WR	NYJ	9	WR6	24.29	-179.20	1.30	1.34	1.49	1.23	1.46	1.30	1.40	1.25	0.00	1.43	1.33	1.44	1.50	1.23	1.47	1.45	1.33	1.34
Chris Blair	WR	ATL	5		24.22	-179.27	0.50	0.52	0.46	0.43	0.00	0.44	0.41	0.41	0.44	0.45	0.46	0.48	0.41	0.45	0.50	0.44	0.42	0.48
DeAndre Carter	WR	CLE	9	WR6	23.64	-179.85	1.33	1.52	1.29	1.61	1.66	1.38	1.30	1.40	0.00	1.30	1.52	1.35	1.32	1.28	1.25	1.42	1.38	1.33
Alexander Mattison	RB	MIA	12	INJ	0.00	-179.90	2.62	2.69	2.72	2.22	3.27	2.08	2.13	2.37	2.10	2.72	2.65	0.00	2.66	2.22	2.36	2.43	2.14	2.69
Ameer Abdullah	RB	SF	14		0.00	-179.90	1.76	1.91	1.92	2.09	1.71	1.54	1.70	1.38	1.97	1.71	1.92	2.35	1.53	0.00	1.86	1.88	2.00	1.76
Patrick Taylor Jr.	RB	SF	14	RB4	0.00	-179.90	1.14	1.24	1.24	1.35	1.11	1.00	1.10	0.89	1.27	1.11	1.24	1.52	0.99	0.00	1.20	1.22	1.29	1.14
Montrell Johnson Jr.	RB	PHI	9		0.00	-179.90	1.15	0.86	1.09	0.98	1.08	1.25	0.98	1.25	0.00	1.11	0.99	1.15	1.27	0.95	1.09	1.21	1.24	1.21
Kenny McIntosh	RB	SEA	8		0.00	-179.90	0.85	0.71	0.81	0.81	0.65	0.88	0.58	0.00	0.80	0.81	0.72	0.78	0.65	0.72	0.79	0.72	0.99	0.85
J.J. Taylor	RB	HOU	6		0.00	-179.90	0.46	0.42	0.57	0.50	0.41	0.00	0.47	0.54	0.46	0.57	0.50	0.53	0.51	0.37	0.52	0.46	0.40	0.51
Lan Larison	RB	NE	14		0.00	-179.90	0.23	0.23	0.23	0.32	0.26	0.26	0.25	0.21	0.23	0.21	0.22	0.24	0.27	0.00	0.26	0.20	0.22	0.23
Marcus Yarns	RB	NO	11		0.00	-179.90	0.23	0.24	0.21	0.23	0.24	0.23	0.24	0.19	0.21	0.28	0.00	0.20	0.20	0.19	0.28	0.19	0.22	0.20
Donovan Edwards	RB	NYJ	9		0.00	-179.90	0.10	0.12	0.10	0.10	0.11	0.11	0.15	0.11	0.00	0.09	0.12	0.09	0.11	0.10	0.13	0.12	0.12	0.12
Corey Kiner	RB	SF	14		0.00	-179.90	0.11	0.12	0.12	0.13	0.10	0.09	0.10	0.08	0.12	0.10	0.12	0.14	0.09	0.00	0.11	0.12	0.12	0.11
Nyheim Miller-Hines	RB	LAC	12		0.00	-179.90	0.00	0.00	0.00	0.00	0.00	0.00	0.00	0.00	0.00	0.00	0.00	0.00	0.00	0.00	0.00	0.00	0.00	0.00
Andrew Beck	RB	NYJ	9		0.00	-179.90	0.00	0.00	0.00	0.00	0.00	0.00	0.00	0.00	0.00	0.00	0.00	0.00	0.00	0.00	0.00	0.00	0.00	0.00
Jakob Johnson	RB	HOU	6		0.00	-179.90	0.00	0.00	0.00	0.00	0.00	0.00	0.00	0.00	0.00	0.00	0.00	0.00	0.00	0.00	0.00	0.00	0.00	0.00
Salvon Ahmed	RB	IND	11		0.00	-179.90	0.00	0.00	0.00	0.00	0.00	0.00	0.00	0.00	0.00	0.00	0.00	0.00	0.00	0.00	0.00	0.00	0.00	0.00
Reggie Gilliam	RB	BUF	7		0.00	-179.90	0.00	0.00	0.00	0.00	0.00	0.00	0.00	0.00	0.00	0.00	0.00	0.00	0.00	0.00	0.00	0.00	0.00	0.00
Jonathan Ward	RB	NYG	14		0.00	-179.90	0.00	0.00	0.00	0.00	0.00	0.00	0.00	0.00	0.00	0.00	0.00	0.00	0.00	0.00	0.00	0.00	0.00	0.00
Jermar Jefferson	RB	TEN	10		0.00	-179.90	0.00	0.00	0.00	0.00	0.00	0.00	0.00	0.00	0.00	0.00	0.00	0.00	0.00	0.00	0.00	0.00	0.00	0.00
Demetric Felton Jr.	RB	WAS	12		0.00	-179.90	0.00	0.00	0.00	0.00	0.00	0.00	0.00	0.00	0.00	0.00	0.00	0.00	0.00	0.00	0.00	0.00	0.00	0.00
Jaret Patterson	RB	LAC	12		0.00	-179.90	0.00	0.00	0.00	0.00	0.00	0.00	0.00	0.00	0.00	0.00	0.00	0.00	0.00	0.00	0.00	0.00	0.00	0.00
Keaontay Ingram	RB	KC	10		0.00	-179.90	0.00	0.00	0.00	0.00	0.00	0.00	0.00	0.00	0.00	0.00	0.00	0.00	0.00	0.00	0.00	0.00	0.00	0.00
Evan Hull	RB	PIT	5		0.00	-179.90	0.00	0.00	0.00	0.00	0.00	0.00	0.00	0.00	0.00	0.00	0.00	0.00	0.00	0.00	0.00	0.00	0.00	0.00
Lew Nichols III	RB	PIT	5		0.00	-179.90	0.00	0.00	0.00	0.00	0.00	0.00	0.00	0.00	0.00	0.00	0.00	0.00	0.00	0.00	0.00	0.00	0.00	0.00
Ben VanSumeren	RB	PHI	9		0.00	-179.90	0.00	0.00	0.00	0.00	0.00	0.00	0.00	0.00	0.00	0.00	0.00	0.00	0.00	0.00	0.00	0.00	0.00	0.00
Brady Russell	RB	SEA	8		0.00	-179.90	0.00	0.00	0.00	0.00	0.00	0.00	0.00	0.00	0.00	0.00	0.00	0.00	0.00	0.00	0.00	0.00	0.00	0.00
Owen Wright	RB	TB	9		0.00	-179.90	0.00	0.00	0.00	0.00	0.00	0.00	0.00	0.00	0.00	0.00	0.00	0.00	0.00	0.00	0.00	0.00	0.00	0.00
Jonathon Brooks	RB	CAR	14		0.00	-179.90	0.00	0.00	0.00	0.00	0.00	0.00	0.00	0.00	0.00	0.00	0.00	0.00	0.00	0.00	0.00	0.00	0.00	0.00
Jawhar Jordan	RB	HOU	6		0.00	-179.90	0.00	0.00	0.00	0.00	0.00	0.00	0.00	0.00	0.00	0.00	0.00	0.00	0.00	0.00	0.00	0.00	0.00	0.00
Dante Miller	RB	NYG	14	RB5	0.00	-179.90	0.00	0.00	0.00	0.00	0.00	0.00	0.00	0.00	0.00	0.00	0.00	0.00	0.00	0.00	0.00	0.00	0.00	0.00
Blake Watson	RB	DEN	12		0.00	-179.90	0.00	0.00	0.00	0.00	0.00	0.00	0.00	0.00	0.00	0.00	0.00	0.00	0.00	0.00	0.00	0.00	0.00	0.00
Jacob Saylors	RB	DET	8		0.00	-179.90	0.00	0.00	0.00	0.00	0.00	0.00	0.00	0.00	0.00	0.00	0.00	0.00	0.00	0.00	0.00	0.00	0.00	0.00
British Brooks	RB	HOU	6		0.00	-179.90	0.00	0.00	0.00	0.00	0.00	0.00	0.00	0.00	0.00	0.00	0.00	0.00	0.00	0.00	0.00	0.00	0.00	0.00
Cody Schrader	RB	LAR	8		0.00	-179.90	0.00	0.00	0.00	0.00	0.00	0.00	0.00	0.00	0.00	0.00	0.00	0.00	0.00	0.00	0.00	0.00	0.00	0.00
Kendall Milton	RB	CIN	10		0.00	-179.90	0.00	0.00	0.00	0.00	0.00	0.00	0.00	0.00	0.00	0.00	0.00	0.00	0.00	0.00	0.00	0.00	0.00	0.00
Chris Collier	RB	LV	8		0.00	-179.90	0.00	0.00	0.00	0.00	0.00	0.00	0.00	0.00	0.00	0.00	0.00	0.00	0.00	0.00	0.00	0.00	0.00	0.00
Sterling Shepard	WR	TB	9	WR5	23.07	-180.42	1.79	1.58	1.46	1.50	1.63	1.49	1.82	1.73	0.00	1.58	1.60	1.50	1.57	1.73	1.79	1.67	1.47	1.67
Trey Palmer	WR	TB	9	WR6	22.83	-180.66	0.30	0.27	0.25	0.25	0.28	0.25	0.31	0.29	0.00	0.27	0.27	0.25	0.27	0.29	0.30	0.28	0.25	0.28
Johnny Wilson	WR	PHI	9	WR4	21.95	-181.54	1.26	1.18	1.09	1.29	1.12	1.16	1.36	1.16	0.00	1.06	1.32	1.26	1.02	1.18	1.11	1.14	1.16	1.14
Joe Flacco	QB	CLE	9	QB1	200.56	-182.42	13.17	12.23	10.15	12.30	10.22	10.75	9.48	10.82	0.00	10.96	12.23	11.83	10.75	11.56	9.21	11.83	10.75	13.17
Simi Fehoko	WR	ARI	8	WR7	20.97	-182.52	1.33	1.28	1.14	1.25	1.11	1.24	1.12	0.00	1.33	1.25	1.14	1.35	1.37	1.15	1.21	1.37	1.15	1.15
Hunter Renfrow	WR	CAR	14	WR6	20.84	-182.65	1.31	1.17	1.33	1.18	1.09	1.29	1.09	1.19	1.08	1.29	1.33	1.11	1.12	0.00	1.29	1.32	1.21	1.32
David Moore	WR	CAR	14	WR5	20.22	-183.27	1.27	1.14	1.29	1.14	1.06	1.25	1.06	1.15	1.05	1.25	1.29	1.08	1.08	0.00	1.25	1.29	1.18	1.29
Jonathan Mingo	WR	DAL	10	WR5	19.13	-184.36	1.09	1.17	1.03	1.06	1.07	1.22	1.14	1.13	1.15	0.00	1.12	1.09	1.18	1.33	1.37	1.19	1.14	1.17
Tim Jones	WR	MIN	6	WR5	19.12	-184.37	0.98	1.24	1.04	1.08	1.19	0.00	1.04	1.13	1.27	1.20	0.98	1.01	1.14	1.09	1.21	1.12	1.27	1.01
Jamal Agnew	WR	ATL	5	WR5	18.68	-184.81	1.30	1.37	1.22	1.14	0.00	1.17	1.09	1.07	1.16	1.19	1.22	1.27	1.07	1.19	1.30	1.15	1.10	1.27
Cedrick Wilson Jr.	WR	NO	11	WR4	17.83	-185.66	1.02	0.96	1.05	1.03	1.04	1.02	0.91	1.15	0.97	1.08	0.00	1.15	0.95	1.15	1.08	0.95	0.93	1.15
Ben Skowronek	WR	PIT	5	WR5	17.36	-186.13	0.93	1.03	1.00	1.19	0.00	1.08	0.95	0.92	1.03	1.03	0.95	0.89	1.01	1.09	0.93	1.15	1.08	1.09
Bo Melton	WR	GB	5		17.18	-186.31	1.12	0.97	1.05	1.07	0.00	0.92	0.97	0.96	1.03	0.92	0.99	1.16	1.12	0.87	0.95	0.87	1.06	1.16
Irvin Charles	WR	NYJ	9		16.50	-186.99	1.90	1.95	2.18	1.80	2.13	1.89	2.04	1.83	0.00	2.09	1.94	2.10	2.18	1.80	2.15	2.12	1.94	1.95
Tylan Wallace	WR	BAL	7	WR4	16.33	-187.16	0.97	1.04	1.11	0.98	0.96	0.91	0.00	0.85	0.89	1.14	1.04	0.89	0.91	0.94	0.91	0.96	0.88	0.94
Laquon Treadwell	WR	IND	11	WR7	16.20	-187.29	0.88	0.93	0.87	0.91	0.92	0.95	0.98	0.87	0.94	1.08	0.00	0.97	0.95	1.06	0.98	0.90	1.06	0.95
Ashton Dulin	WR	IND	11	WR5	16.06	-187.43	1.15	1.21	1.13	1.17	1.19	1.23	1.27	1.13	1.22	1.40	0.00	1.26	1.23	1.37	1.28	1.17	1.37	1.23
Maurice Alexander	WR	CHI	5		15.84	-187.65	1.04	1.01	0.97	0.85	0.00	0.87	0.96	0.95	0.83	0.89	1.04	0.86	0.83	0.81	0.95	0.81	0.83	1.01
Samori Toure	WR	CHI	5		15.68	-187.81	1.02	0.99	0.95	0.83	0.00	0.85	0.95	0.94	0.82	0.88	1.02	0.85	0.82	0.79	0.93	0.79	0.82	0.99
Devontez Walker	WR	BAL	7	WR6	15.41	-188.08	0.92	0.98	1.04	0.93	0.91	0.86	0.00	0.81	0.84	1.07	0.98	0.84	0.86	0.89	0.86	0.91	0.83	0.89
Malik Heath	WR	GB	5	WR7	14.72	-188.77	0.90	0.78	0.85	0.86	0.00	0.74	0.78	0.77	0.83	0.74	0.80	0.93	0.90	0.70	0.77	0.70	0.85	0.93
Charlie Jones	WR	CIN	10	WR5	14.47	-189.02	0.96	0.98	1.05	0.87	1.02	0.81	0.87	0.82	0.79	0.00	0.87	0.89	0.96	0.90	0.96	0.82	0.88	0.96
Xavier Weaver	WR	ARI	8	WR6	14.34	-189.15	0.91	0.88	0.78	0.86	0.76	0.85	0.76	0.00	0.91	0.86	0.78	0.92	0.93	0.79	0.83	0.94	0.79	0.79
David Bell	WR	CLE	9	WR5	13.75	-189.74	0.65	0.75	0.63	0.79	0.82	0.68	0.64	0.69	0.00	0.64	0.75	0.67	0.65	0.63	0.61	0.70	0.68	0.65
Ihmir Smith-Marsette	WR	NYG	14	WR6	13.65	-189.84	0.78	0.87	0.81	0.81	0.87	0.75	0.77	0.75	0.75	0.70	0.73	0.91	0.79	0.00	0.78	0.94	0.76	0.87
Devin Duvernay	WR	CHI	5	WR5	13.16	-190.33	0.88	0.85	0.81	0.71	0.00	0.73	0.81	0.80	0.70	0.75	0.88	0.73	0.70	0.68	0.80	0.68	0.70	0.85
Tommy Mellott	WR	LV	8	WR5	12.87	-190.62	0.75	0.77	0.74	0.67	0.77	0.69	0.77	0.00	0.84	0.73	0.83	0.81	0.77	0.73	0.71	0.75	0.76	0.77
Justin Watson	WR	HOU	6	WR7	12.22	-191.27	1.04	1.24	1.22	1.00	1.19	0.00	1.13	1.03	1.07	1.22	1.00	1.11	1.12	1.12	1.09	1.06	1.12	1.12
John Metchie III	WR	HOU	6	WR5	11.63	-191.86	0.88	1.04	1.02	0.84	1.00	0.00	0.95	0.87	0.90	1.02	0.84	0.93	0.95	0.94	0.92	0.89	0.95	0.95
Dante Pettis	WR	NO	11	WR7	10.81	-192.68	0.60	0.57	0.63	0.61	0.62	0.61	0.54	0.68	0.58	0.64	0.00	0.69	0.56	0.68	0.64	0.56	0.55	0.69
Xavier Smith	WR	LAR	8	WR5	10.23	-193.26	0.63	0.58	0.60	0.65	0.60	0.69	0.70	0.00	0.69	0.60	0.65	0.71	0.67	0.63	0.73	0.65	0.71	0.63
Tez Johnson	WR	TB	9	WR7	10.13	-193.36	1.27	1.12	1.04	1.06	1.16	1.06	1.29	1.23	0.00	1.12	1.13	1.07	1.12	1.23	1.27	1.18	1.04	1.18
Derius Davis	WR	LAC	12	WR7	10.06	-193.43	1.52	1.43	1.45	1.51	1.47	1.38	1.52	1.76	1.36	1.46	1.65	0.00	1.43	1.41	1.52	1.63	1.48	1.45
Kendric Pryor	WR	CIN	10	WR6	9.98	-193.51	0.61	0.63	0.67	0.56	0.65	0.52	0.56	0.53	0.50	0.00	0.56	0.57	0.62	0.57	0.62	0.53	0.57	0.61
Trishton Jackson	WR	ARI	8		9.27	-194.22	0.59	0.57	0.51	0.55	0.49	0.55	0.49	0.00	0.59	0.55	0.51	0.60	0.60	0.51	0.54	0.61	0.51	0.51
Austin Trammell	WR	JAC	8	WR6	8.61	-194.88	0.54	0.49	0.51	0.49	0.53	0.53	0.49	0.00	0.50	0.51	0.53	0.51	0.47	0.53	0.48	0.50	0.53	0.47
Jalen Brooks	WR	DAL	10	WR6	8.54	-194.95	0.47	0.50	0.44	0.46	0.46	0.53	0.49	0.49	0.50	0.00	0.48	0.47	0.51	0.57	0.59	0.51	0.49	0.50
Bryce Oliver	WR	TEN	10		8.42	-195.07	0.47	0.46	0.50	0.48	0.48	0.47	0.49	0.50	0.50	0.00	0.48	0.50	0.54	0.52	0.46	0.50	0.53	0.54
Lil'Jordan Humphrey	WR	NYG	14	WR7	8.40	-195.09	1.76	1.95	1.81	1.82	1.94	1.68	1.73	1.68	1.67	1.58	1.63	2.04	1.78	0.00	1.76	2.10	1.71	1.95
Dareke Young	WR	SEA	8		8.27	-195.22	0.47	0.49	0.54	0.49	0.56	0.55	0.49	0.00	0.49	0.49	0.47	0.45	0.58	0.56	0.51	0.47	0.52	0.47
Cody White	WR	SEA	8		8.26	-195.23	0.47	0.49	0.54	0.49	0.56	0.55	0.49	0.00	0.49	0.49	0.47	0.45	0.58	0.56	0.51	0.47	0.52	0.47
Miles Boykin	WR	CHI	5		8.10	-195.39	0.53	0.51	0.49	0.43	0.00	0.44	0.49	0.48	0.42	0.45	0.53	0.44	0.42	0.41	0.48	0.41	0.42	0.51
Dee Eskridge	WR	MIA	12	WR5	7.65	-195.84	0.67	0.65	0.66	0.60	0.69	0.67	0.70	0.74	0.71	0.66	0.64	0.00	0.71	0.60	0.64	0.62	0.73	0.65
Brycen Tremayne	WR	CAR	14		7.58	-195.91	0.47	0.42	0.48	0.43	0.40	0.47	0.39	0.43	0.39	0.47	0.48	0.40	0.40	0.00	0.47	0.48	0.44	0.48
Scotty Miller	WR	PIT	5	WR6	7.44	-196.05	0.44	0.49	0.48	0.57	0.00	0.52	0.45	0.44	0.49	0.49	0.45	0.43	0.48	0.52	0.44	0.55	0.52	0.52
Ainias Smith	WR	PHI	9	WR5	7.44	-196.05	0.33	0.31	0.29	0.34	0.30	0.31	0.36	0.31	0.00	0.28	0.35	0.33	0.27	0.31	0.29	0.30	0.31	0.30
Mecole Hardman Jr.	WR	GB	5		6.76	-196.73	0.79	0.68	0.74	0.75	0.00	0.65	0.68	0.67	0.72	0.65	0.69	0.81	0.79	0.61	0.67	0.61	0.74	0.81
Tyler Scott	WR	CHI	5	WR6	6.58	-196.91	0.43	0.42	0.40	0.35	0.00	0.36	0.40	0.39	0.34	0.37	0.43	0.36	0.34	0.33	0.39	0.33	0.34	0.42
Nick Nash	WR	ATL	5		6.50	-196.99	0.42	0.44	0.39	0.37	0.00	0.37	0.35	0.34	0.37	0.38	0.39	0.41	0.34	0.38	0.42	0.37	0.35	0.41
Britain Covey	WR	LAR	8	WR7	6.47	-197.02	0.37	0.34	0.35	0.38	0.35	0.40	0.41	0.00	0.40	0.35	0.38	0.41	0.39	0.37	0.42	0.38	0.42	0.37
Ryan Flournoy	WR	DAL	10	WR7	6.16	-197.33	0.25	0.27	0.24	0.25	0.25	0.28	0.27	0.26	0.27	0.00	0.26	0.25	0.27	0.31	0.32	0.28	0.27	0.27
Rondale Moore	WR	MIN	6		5.20	-198.29	2.13	2.70	2.27	2.35	2.59	0.00	2.27	2.46	2.76	2.60	2.13	2.20	2.47	2.37	2.63	2.43	2.76	2.20
Anthony Gould	WR	IND	11	WR6	4.93	-198.56	0.33	0.34	0.32	0.33	0.34	0.35	0.36	0.32	0.35	0.40	0.00	0.36	0.35	0.39	0.36	0.33	0.39	0.35
Trent Sherfield Sr.	WR	DEN	12		4.49	-199.00	0.24	0.27	0.27	0.25	0.25	0.25	0.27	0.29	0.27	0.26	0.27	0.00	0.26	0.26	0.24	0.29	0.27	0.27
Tank Dell	WR	HOU	6	WR6	4.40	-199.09	1.71	2.03	2.00	1.65	1.96	0.00	1.86	1.70	1.76	2.00	1.65	1.82	1.85	1.85	1.80	1.74	1.85	1.85
Laviska Shenault Jr.	WR	BUF	7		4.35	-199.14	0.28	0.23	0.24	0.28	0.25	0.29	0.00	0.27	0.26	0.24	0.29	0.25	0.25	0.24	0.25	0.27	0.24	0.23
Isaiah Williams	WR	CIN	10	WR7	4.08	-199.41	0.32	0.33	0.35	0.29	0.34	0.27	0.29	0.28	0.26	0.00	0.29	0.30	0.32	0.30	0.32	0.28	0.30	0.32
Jacob Cowing	WR	SF	14	WR6	4.04	-199.45	0.21	0.22	0.20	0.22	0.19	0.23	0.23	0.20	0.20	0.19	0.20	0.21	0.22	0.00	0.18	0.21	0.18	0.21
Steven Sims Jr.	WR	SEA	8		4.00	-199.49	0.22	0.23	0.26	0.23	0.26	0.26	0.23	0.00	0.23	0.23	0.22	0.21	0.28	0.27	0.24	0.22	0.25	0.22
Parker Romo	K	NE	14		0	-200	0.00	0.00	0.00	0.00	0.00	0.00	0.00	0.00	0.00	0.00	0.00	0.00	0.00	0.00	0.00	0.00	0.00	0.00
Jude McAtamney	K	NYG	14		0	-200	0.00	0.00	0.00	0.00	0.00	0.00	0.00	0.00	0.00	0.00	0.00	0.00	0.00	0.00	0.00	0.00	0.00	0.00
Harrison Mevis	K	NYJ	9		0	-200	0.00	0.00	0.00	0.00	0.00	0.00	0.00	0.00	0.00	0.00	0.00	0.00	0.00	0.00	0.00	0.00	0.00	0.00
Jimmy Horn Jr.	WR	CAR	14		3.30	-200.19	0.21	0.19	0.21	0.19	0.17	0.21	0.17	0.19	0.17	0.21	0.21	0.18	0.18	0.00	0.21	0.21	0.19	0.21
Braxton Berrios	WR	HOU	6	WR7	2.30	-201.19	0.17	0.20	0.20	0.16	0.19	0.00	0.18	0.17	0.17	0.20	0.16	0.18	0.18	0.18	0.18	0.17	0.18	0.18
Chris Moore	WR	WAS	12		2.30	-201.19	0.07	0.06	0.07	0.08	0.07	0.06	0.08	0.07	0.07	0.08	0.06	0.00	0.07	0.08	0.07	0.07	0.08	0.07
LaJohntay Wester	WR	BAL	7	WR7	2.20	-201.29	0.13	0.14	0.15	0.13	0.13	0.12	0.00	0.12	0.12	0.15	0.14	0.12	0.12	0.13	0.12	0.13	0.12	0.13
Nikko Remigio	WR	KC	10	WR7	1.15	-202.34	-0.02	-0.02	-0.02	-0.02	-0.02	-0.02	-0.02	-0.02	-0.02	0.00	-0.02	-0.02	-0.02	-0.02	-0.02	-0.02	-0.02	-0.02
Ja'Lynn Polk	WR	NE	14	WR7	0.00	-203.49	2.71	2.60	2.76	2.96	2.84	3.07	2.56	3.03	3.17	3.16	2.60	2.66	2.84	0.00	2.84	3.05	2.60	2.60
Quez Watkins	WR	ARI	8		0.00	-203.49	1.78	1.72	1.54	1.68	1.49	1.67	1.50	0.00	1.79	1.68	1.54	1.81	1.83	1.55	1.63	1.84	1.54	1.55
DJ Chark Jr.	WR	ATL	5	WR7	0.00	-203.49	1.76	1.85	1.65	1.55	0.00	1.58	1.48	1.45	1.57	1.60	1.65	1.71	1.45	1.61	1.76	1.56	1.49	1.71
Javon Baker	WR	NE	14		0.00	-203.49	1.41	1.36	1.44	1.54	1.48	1.60	1.33	1.58	1.65	1.64	1.35	1.38	1.48	0.00	1.48	1.59	1.35	1.36
Bub Means	WR	NO	11	WR5	0.00	-203.49	1.35	1.28	1.40	1.37	1.37	1.36	1.20	1.52	1.29	1.43	0.00	1.53	1.26	1.52	1.43	1.25	1.24	1.53
Rakim Jarrett	WR	TB	9		0.00	-203.49	0.32	0.29	0.27	0.27	0.30	0.27	0.33	0.31	0.00	0.29	0.29	0.27	0.29	0.31	0.32	0.30	0.27	0.30
Tom Kennedy	WR	DET	8	WR6	0.00	-203.49	0.00	0.00	0.00	0.00	0.00	0.00	0.00	0.00	0.00	0.00	0.00	0.00	0.00	0.00	0.00	0.00	0.00	0.00
Mason Kinsey	WR	TEN	10	WR7	0.00	-203.49	0.00	0.00	0.00	0.00	0.00	0.00	0.00	0.00	0.00	0.00	0.00	0.00	0.00	0.00	0.00	0.00	0.00	0.00
Trent Taylor	WR	SF	14		0.00	-203.49	0.00	0.00	0.00	0.00	0.00	0.00	0.00	0.00	0.00	0.00	0.00	0.00	0.00	0.00	0.00	0.00	0.00	0.00
Keith Kirkwood	WR	BAL	7		0.00	-203.49	0.00	0.00	0.00	0.00	0.00	0.00	0.00	0.00	0.00	0.00	0.00	0.00	0.00	0.00	0.00	0.00	0.00	0.00
Phillip Dorsett II	WR	LV	8		0.00	-203.49	0.00	0.00	0.00	0.00	0.00	0.00	0.00	0.00	0.00	0.00	0.00	0.00	0.00	0.00	0.00	0.00	0.00	0.00
Anthony Richardson Sr.	QB	IND	11	QB1	116.22	-266.76	8.20	9.48	10.01	10.30	10.24	9.72	9.60	10.01	9.31	11.69	0.00	10.18	9.77	11.58	9.48	9.31	11.58	9.77
Kirk Cousins	QB	ATL	5	QB2	96.24	-286.74	6.55	4.98	6.78	5.34	0.00	5.77	5.24	4.62	5.27	5.86	6.78	5.27	5.34	5.34	6.55	5.47	5.80	5.27
Spencer Rattler	QB	NO	11	QB2	77.49	-305.48	3.78	3.62	3.69	3.98	3.91	3.64	3.10	4.52	4.00	4.68	0.00	4.54	3.19	4.52	4.68	3.69	3.89	4.54
Jaxson Dart	QB	NYG	14	QB3	37.08	-345.90	2.15	2.81	2.31	2.18	2.13	1.95	2.15	1.95	2.11	1.81	1.99	2.42	2.13	0.00	2.15	2.01	2.32	2.81
Jalen Milroe	QB	SEA	8		36.05	-346.93	2.04	2.04	2.05	2.13	2.55	2.54	2.14	0.00	2.08	2.13	2.26	2.19	1.94	2.56	2.28	2.26	2.64	2.04
Kenny Pickett	QB	CLE	9	QB2	35.51	-347.47	3.72	3.45	2.86	3.47	2.88	3.03	2.67	3.05	0.00	3.09	3.45	3.34	3.03	3.26	2.60	3.34	3.03	3.72
Tyrod Taylor	QB	NYJ	9	QB2	32.53	-350.45	1.71	1.88	2.14	1.51	2.28	1.74	2.21	2.10	0.00	1.85	1.72	1.95	2.15	1.51	2.13	1.72	1.72	1.88
Dillon Gabriel	QB	CLE	9	QB4	30.81	-352.17	2.10	1.95	1.62	1.96	1.63	1.71	1.51	1.72	0.00	1.75	1.95	1.89	1.71	1.84	1.47	1.89	1.71	2.10
Shedeur Sanders	QB	CLE	9	QB3	24.65	-358.33	1.66	1.54	1.28	1.55	1.29	1.36	1.20	1.36	0.00	1.38	1.54	1.49	1.36	1.46	1.16	1.49	1.36	1.66
Jimmy Garoppolo	QB	LAR	8	QB2	24.39	-358.58	1.26	1.29	1.11	1.34	1.20	1.37	1.49	0.00	1.21	1.20	1.22	1.50	1.56	1.25	1.37	1.22	1.51	1.25
Jake Browning	QB	CIN	10	QB2	17.21	-365.77	1.05	1.21	0.93	0.99	1.12	0.92	0.98	0.99	0.84	0.00	0.98	0.98	1.11	1.07	1.11	0.86	1.02	1.05
Mason Rudolph	QB	PIT	5	QB2	16.86	-366.12	0.96	0.96	0.95	0.89	0.00	1.02	1.15	0.89	1.05	0.97	1.15	0.80	1.03	1.07	0.83	1.07	1.02	1.07
Andy Dalton	QB	CAR	14	QB2	16.10	-366.88	1.07	0.90	1.08	0.86	0.76	1.14	0.87	0.94	0.81	0.86	1.08	0.86	0.95	0.00	0.86	1.07	0.87	1.07
Jameis Winston	QB	NYG	14	QB2	15.83	-367.15	0.90	1.18	0.97	0.91	0.89	0.82	0.90	0.82	0.88	0.76	0.83	1.01	0.89	0.00	0.90	0.84	0.97	1.18
Aidan O'Connell	QB	LV	8	QB2	15.40	-367.57	0.86	0.88	0.87	0.73	0.95	0.92	0.93	0.00	1.06	0.87	1.14	0.92	0.88	0.87	0.79	0.90	0.92	0.93
Marcus Mariota	QB	WAS	12	QB2	14.94	-368.04	0.90	0.78	0.91	1.04	0.86	0.71	1.11	0.91	0.85	0.95	0.73	0.00	0.85	0.79	0.90	0.77	1.11	0.77
Jacoby Brissett	QB	ARI	8	QB2	14.86	-368.12	0.79	1.01	0.78	0.79	0.84	0.87	0.74	0.00	1.04	0.79	0.78	0.97	0.98	0.86	0.82	0.98	0.96	0.86
Zach Wilson	QB	MIA	12	QB2	14.42	-368.55	0.86	0.78	0.85	0.79	1.00	0.80	0.84	0.97	0.88	0.85	0.79	0.00	0.78	0.79	0.77	0.95	0.97	0.78
Mac Jones	QB	SF	14	QB2	13.53	-369.45	0.74	0.73	0.76	0.90	0.80	0.91	0.91	0.76	0.78	0.80	0.76	0.94	0.78	0.00	0.78	0.81	0.62	0.74
Malik Willis	QB	GB	5	QB2	13.45	-369.53	0.88	0.78	0.83	1.02	0.00	0.94	0.80	0.77	0.99	0.71	0.83	0.73	0.88	0.66	0.78	0.66	0.87	0.73
Joe Milton III	QB	DAL	10	QB2	13.05	-369.93	0.69	0.80	0.64	0.70	0.76	0.96	0.76	0.76	0.78	0.00	0.82	0.69	0.81	0.85	0.71	0.77	0.76	0.80
Joshua Dobbs	QB	NE	14	QB2	12.68	-370.30	0.75	0.60	0.68	0.88	0.75	0.69	0.73	0.74	0.86	0.85	0.69	0.84	0.74	0.00	0.75	0.78	0.69	0.60
Sam Howell	QB	MIN	6	QB2	12.56	-370.42	0.50	0.73	0.71	0.58	0.63	0.00	0.54	0.60	0.66	0.66	0.50	0.55	0.59	0.59	0.77	0.63	0.66	0.55
Cooper Rush	QB	BAL	7	QB2	12.51	-370.47	0.77	0.76	0.81	0.77	0.74	0.78	0.00	0.60	0.62	0.67	0.76	0.72	0.86	0.70	0.86	0.71	0.66	0.70
Gardner Minshew II	QB	KC	10	QB2	12.24	-370.74	0.72	0.64	0.75	0.79	0.87	0.80	0.77	0.71	0.77	0.00	0.71	0.78	0.93	0.73	0.72	0.75	0.71	0.77
Hendon Hooker	QB	DET	8	QB2	12.17	-370.81	0.65	0.59	0.78	0.74	0.84	0.75	0.86	0.00	0.65	0.70	0.63	0.74	0.65	0.91	0.76	0.69	0.65	0.59
Mitchell Trubisky	QB	BUF	7	QB2	12.17	-370.81	0.76	0.68	0.59	0.68	0.68	0.84	0.00	0.87	0.73	0.59	0.84	0.70	0.67	0.82	0.68	0.73	0.62	0.68
Jarrett Stidham	QB	DEN	12	QB2	11.92	-371.05	0.69	0.72	0.67	0.79	0.60	0.66	0.70	0.86	0.68	0.71	0.71	0.00	0.66	0.71	0.61	0.80	0.71	0.67
Tyson Bagent	QB	CHI	5	QB2	11.80	-371.18	0.62	0.75	0.87	0.72	0.00	0.67	0.66	0.74	0.80	0.71	0.62	0.65	0.60	0.62	0.71	0.62	0.65	0.75
Davis Mills	QB	HOU	6	QB2	11.52	-371.46	0.68	0.77	0.76	0.66	0.70	0.00	0.63	0.61	0.63	0.76	0.66	0.68	0.69	0.67	0.64	0.68	0.63	0.69
Nick Mullens	QB	JAC	8	QB2	10.67	-372.31	0.84	0.79	0.68	0.65	0.71	0.66	0.72	0.00	0.71	0.68	0.67	0.67	0.70	0.72	0.66	0.66	0.72	0.70
Tanner McKee	QB	PHI	9	QB2	10.65	-372.33	0.77	0.63	0.64	0.72	0.59	0.62	0.55	0.62	0.00	0.54	0.66	0.77	0.49	0.59	0.63	0.59	0.63	0.59
Drew Lock	QB	SEA	8	QB2	10.43	-372.55	0.56	0.56	0.57	0.59	0.70	0.70	0.59	0.00	0.57	0.59	0.62	0.60	0.53	0.71	0.63	0.62	0.73	0.56
Quinn Ewers	QB	MIA	12	QB3	10.33	-372.65	0.54	0.48	0.53	0.49	0.62	0.49	0.52	0.60	0.55	0.53	0.49	0.00	0.48	0.49	0.48	0.59	0.60	0.48
Case Keenum	QB	CHI	5		9.80	-373.18	0.52	0.62	0.73	0.60	0.00	0.56	0.55	0.62	0.67	0.59	0.52	0.54	0.50	0.51	0.59	0.51	0.54	0.62
Brandon Allen	QB	TEN	10	QB2	9.55	-373.43	0.53	0.57	0.58	0.54	0.54	0.57	0.52	0.58	0.53	0.00	0.54	0.53	0.64	0.56	0.52	0.56	0.52	0.64
Josh Johnson	QB	WAS	12	QB3	8.97	-374.01	0.54	0.47	0.55	0.63	0.51	0.43	0.66	0.55	0.51	0.57	0.44	0.00	0.51	0.47	0.54	0.46	0.66	0.46
Jake Haener	QB	NO	11	QB3	8.84	-374.14	0.49	0.47	0.48	0.52	0.51	0.47	0.40	0.59	0.52	0.61	0.00	0.59	0.41	0.59	0.61	0.48	0.51	0.59
Kyle Trask	QB	TB	9	QB2	8.79	-374.18	0.56	0.47	0.46	0.42	0.46	0.45	0.51	0.45	0.00	0.45	0.49	0.50	0.47	0.45	0.56	0.58	0.40	0.58
Cam Miller	QB	LV	8		8.72	-374.26	0.49	0.50	0.49	0.41	0.54	0.52	0.53	0.00	0.60	0.49	0.64	0.52	0.50	0.49	0.45	0.51	0.52	0.53
Graham Mertz	QB	HOU	6		8.67	-374.31	0.51	0.58	0.58	0.50	0.53	0.00	0.47	0.46	0.47	0.58	0.50	0.51	0.52	0.51	0.48	0.51	0.48	0.52
Kyle McCord	QB	PHI	9		8.64	-374.34	0.62	0.51	0.52	0.59	0.48	0.51	0.44	0.51	0.00	0.44	0.54	0.62	0.40	0.48	0.51	0.48	0.51	0.48
Will Howard	QB	PIT	5	QB3	8.52	-374.46	0.48	0.48	0.48	0.45	0.00	0.51	0.58	0.45	0.53	0.49	0.58	0.41	0.52	0.54	0.42	0.54	0.51	0.54
Trey Lance	QB	LAC	12	QB3	7.23	-375.75	0.52	0.52	0.48	0.51	0.48	0.42	0.53	0.45	0.51	0.47	0.59	0.00	0.52	0.44	0.52	0.63	0.50	0.48
Deshaun Watson	QB	CLE	9		7.16	-375.82	0.49	0.46	0.38	0.46	0.38	0.40	0.35	0.40	0.00	0.41	0.46	0.44	0.40	0.43	0.34	0.44	0.40	0.49
Clayton Tune	QB	ARI	8		5.79	-377.19	0.31	0.39	0.30	0.31	0.33	0.34	0.29	0.00	0.41	0.31	0.30	0.38	0.38	0.34	0.32	0.38	0.37	0.34
Taylor Heinicke	QB	LAC	12	QB2	2.57	-380.41	0.46	0.46	0.43	0.45	0.43	0.37	0.47	0.40	0.45	0.42	0.52	0.00	0.46	0.39	0.46	0.56	0.44	0.43
Tyler Huntley	QB	CLE	9		2.23	-380.75	0.15	0.14	0.12	0.14	0.12	0.13	0.11	0.13	0.00	0.13	0.14	0.14	0.13	0.13	0.11	0.14	0.13	0.15
Stetson Bennett IV	QB	LAR	8		0.00	-382.98	0.38	0.39	0.33	0.40	0.36	0.41	0.45	0.00	0.36	0.36	0.37	0.45	0.47	0.38	0.41	0.37	0.45	0.38
Riley Leonard	QB	IND	11		0.00	-382.98	0.22	0.25	0.27	0.28	0.27	0.26	0.26	0.27	0.25	0.31	0.00	0.27	0.26	0.31	0.25	0.25	0.31	0.26
Kyle Allen	QB	DET	8		0.00	-382.98	0.00	0.00	0.00	0.00	0.00	0.00	0.00	0.00	0.00	0.00	0.00	0.00	0.00	0.00	0.00	0.00	0.00	0.00
Mike White	QB	BUF	7		0.00	-382.98	0.00	0.00	0.00	0.00	0.00	0.00	0.00	0.00	0.00	0.00	0.00	0.00	0.00	0.00	0.00	0.00	0.00	0.00
Brett Rypien	QB	MIN	6		0.00	-382.98	0.00	0.00	0.00	0.00	0.00	0.00	0.00	0.00	0.00	0.00	0.00	0.00	0.00	0.00	0.00	0.00	0.00	0.00
Easton Stick	QB	ATL	5		0.00	-382.98	0.00	0.00	0.00	0.00	0.00	0.00	0.00	0.00	0.00	0.00	0.00	0.00	0.00	0.00	0.00	0.00	0.00	0.00
Tim Boyle	QB	TEN	10		0.00	-382.98	0.00	0.00	0.00	0.00	0.00	0.00	0.00	0.00	0.00	0.00	0.00	0.00	0.00	0.00	0.00	0.00	0.00	0.00
Teddy Bridgewater	QB	TB	9		0.00	-382.98	0.00	0.00	0.00	0.00	0.00	0.00	0.00	0.00	0.00	0.00	0.00	0.00	0.00	0.00	0.00	0.00	0.00	0.00
John Wolford	QB	JAC	8		0.00	-382.98	0.00	0.00	0.00	0.00	0.00	0.00	0.00	0.00	0.00	0.00	0.00	0.00	0.00	0.00	0.00	0.00	0.00	0.00
Sam Ehlinger	QB	DEN	12		0.00	-382.98	0.00	0.00	0.00	0.00	0.00	0.00	0.00	0.00	0.00	0.00	0.00	0.00	0.00	0.00	0.00	0.00	0.00	0.00
Desmond Ridder	QB	CIN	10		0.00	-382.98	0.00	0.00	0.00	0.00	0.00	0.00	0.00	0.00	0.00	0.00	0.00	0.00	0.00	0.00	0.00	0.00	0.00	0.00
Bailey Zappe	QB	KC	10		0.00	-382.98	0.00	0.00	0.00	0.00	0.00	0.00	0.00	0.00	0.00	0.00	0.00	0.00	0.00	0.00	0.00	0.00	0.00	0.00
Skylar Thompson	QB	PIT	5		0.00	-382.98	0.00	0.00	0.00	0.00	0.00	0.00	0.00	0.00	0.00	0.00	0.00	0.00	0.00	0.00	0.00	0.00	0.00	0.00
Chris Oladokun	QB	KC	10		0.00	-382.98	0.00	0.00	0.00	0.00	0.00	0.00	0.00	0.00	0.00	0.00	0.00	0.00	0.00	0.00	0.00	0.00	0.00	0.00
Shane Buechele	QB	BUF	7		0.00	-382.98	0.00	0.00	0.00	0.00	0.00	0.00	0.00	0.00	0.00	0.00	0.00	0.00	0.00	0.00	0.00	0.00	0.00	0.00
Sean Clifford	QB	GB	5		0.00	-382.98	0.00	0.00	0.00	0.00	0.00	0.00	0.00	0.00	0.00	0.00	0.00	0.00	0.00	0.00	0.00	0.00	0.00	0.00
Dorian Thompson-Robinson	QB	PHI	9		0.00	-382.98	0.00	0.00	0.00	0.00	0.00	0.00	0.00	0.00	0.00	0.00	0.00	0.00	0.00	0.00	0.00	0.00	0.00	0.00
Tommy DeVito	QB	NYG	14		0.00	-382.98	0.00	0.00	0.00	0.00	0.00	0.00	0.00	0.00	0.00	0.00	0.00	0.00	0.00	0.00	0.00	0.00	0.00	0.00
Devin Leary	QB	BAL	7		0.00	-382.98	0.00	0.00	0.00	0.00	0.00	0.00	0.00	0.00	0.00	0.00	0.00	0.00	0.00	0.00	0.00	0.00	0.00	0.00
Michael Pratt	QB	TB	9		0.00	-382.98	0.00	0.00	0.00	0.00	0.00	0.00	0.00	0.00	0.00	0.00	0.00	0.00	0.00	0.00	0.00	0.00	0.00	0.00
Kurtis Rourke	QB	SF	14		0.00	-382.98	0.00	0.00	0.00	0.00	0.00	0.00	0.00	0.00	0.00	0.00	0.00	0.00	0.00	0.00	0.00	0.00	0.00	0.00
