Rank	Tier	Team	2025 Run Blk	2025 Pass Blk
1	S	Broncos	7	1
2	S	Eagles	12	4
3	A	Rams	1	20
4	A	Bears	2	14
5	A	Buccaneers	25	12
6	A	Bills	6	1
7	B	Panthers	4	17
8	B	49ers	5	10
9	B	Colts	3	2
10	B	Chargers	32	31
11	C	Falcons	10	16
12	C	Lions	8	3
13	C	Vikings	13	24
14	C	Cowboys	9	30
15	C	Seahawks	11	21
16	C	Patriots	14	14
17	D	Saints	31	19
18	D	Jets	21	15
19	D	Chiefs	17	9
20	D	Giants	30	22
21	E	Cardinals	29	27
22	E	Steelers	16	3
23	E	Jaguars	15	18
24	E	Ravens	25	25
25	F	Dolphins	18	8
26	F	Packers	26	5
27	F	Texans	23	13
28	F	Bengals	27	32
29	F	Raiders	32	31
30	F	Commanders	28	28
31	F	Titans	19	11
32	F	Browns	20	23