Player	Pos	School	College	Ht	Wt	40yd	Vertical	Bench	Broad Jump	3Cone	Shuttle	DraftTeam	DraftRound	DraftPick	DraftYear
Fernando Mendoza	QB	Indiana	College Stats	6-5	236							Las Vegas Raiders	1st	1st pick	2026
David Bailey	EDGE	Texas Tech	College Stats	6-4	251	4.5	35		129			New York Jets	1st	2nd pick	2026
Jeremiyah Love	RB	Notre Dame	College Stats	6-0	212	4.36						Arizona Cardinals	1st	3rd pick	2026
Carnell Tate	WR	Ohio St.	College Stats	6-2	192	4.53						Tennessee Titans	1st	4th pick	2026
Arvell Reese	EDGE	Ohio St.	College Stats	6-4	241	4.46						New York Giants	1st	5th pick	2026
Mansoor Delane	CB	LSU	College Stats	6-0	187							Kansas City Chiefs	1st	6th pick	2026
Alex Styles	LB	Ohio St.	College Stats	6-5	244	4.46	43.5		134	7.09	4.26	Washington Commanders	1st	7th pick	2026
Jordyn Tyson	WR	Arizona St.	College Stats	6-2	203			26				New Orleans Saints	1st	8th pick	2026
Spencer Fano	OT	Utah	College Stats	6-6	311	4.91	32		111	7.34	4.67	Cleveland Browns	1st	9th pick	2026
Francis Mauigoa	OT	Miami	College Stats	6-6	329							New York Giants	1st	10th pick	2026
Caleb Downs	SAF	Ohio St.	College Stats	6-0	206							Dallas Cowboys	1st	11th pick	2026
Kadyn Proctor	OT	Alabama	College Stats	6-7	352	5.21	32.5	25	109			Miami Dolphins	1st	12th pick	2026
Ty Simpson	QB	Alabama	College Stats	6-1	211							Los Angeles Rams	1st	13th pick	2026
Rueben Bain	EDGE	Miami	College Stats	6-2	263							Tampa Bay Buccaneers	1st	15th pick	2026
Kenyon Sadiq	TE	Oregon	College Stats	6-3	241	4.39	43.5	26	133			New York Jets	1st	16th pick	2026
Blake Miller	OT	Clemson	College Stats	6-7	317	5.04	32	32	113			Detroit Lions	1st	17th pick	2026
Caleb Banks	DT	Florida	College Stats	6-6	327	5.04	32		114			Minnesota Vikings	1st	18th pick	2026
Monroe Freeling	OT	Georgia	College Stats	6-7	315	4.93	33.5		115			Carolina Panthers	1st	19th pick	2026
Makai Lemon	WR	USC	College Stats	5-11	192							Philadelphia Eagles	1st	20th pick	2026
Maxwell Iheanachor	OT	Arizona St.	College Stats	6-6	321	4.91	30.5	25	115			Pittsburgh Steelers	1st	21st pick	2026
Akheem Mesidor	EDGE	Miami	College Stats	6-3	259							Los Angeles Chargers	1st	22nd pick	2026
Malachi Lawrence	EDGE	Central Florida	College Stats	6-4	253	4.52	40		130			Dallas Cowboys	1st	23rd pick	2026
Dillon Thieneman	SAF	Oregon	College Stats	6-0	201	4.35	41	18	125			Chicago Bears	1st	25th pick	2026
Keylan Rutledge	G	Georgia Tech	College Stats	6-4	316	5.05	32.5		104	7.54	4.54	Houston Texans	1st	26th pick	2026
Chris Johnson	CB	San Diego St.	College Stats	6-0	193	4.4	38	17	126			Miami Dolphins	1st	27th pick	2026
Caleb Lomu	OT	Utah	College Stats	6-6	313	4.99	32.5		113			New England Patriots	1st	28th pick	2026
Peter Woods	DT	Clemson	College Stats	6-3	298							Kansas City Chiefs	1st	29th pick	2026
Omar Cooper	WR	Indiana	College Stats	6-0	199	4.42	37					New York Jets	1st	30th pick	2026
Keldric Faulk	EDGE	Auburn	College Stats	6-6	276		35		117			Tennessee Titans	1st	31st pick	2026
Jadarian Price	RB	Notre Dame	College Stats	5-11	203	4.49	35	21	124			Seattle Seahawks	1st	32nd pick	2026
De'Zhaun-Ryan Stribling	WR	Mississippi	College Stats	6-2	207	4.36	36		127			San Francisco 49ers	2nd	33rd pick	2026
Chase Bisontis	G	Texas A&M	College Stats	6-5	315	5.02	32	29	105	7.53	4.78	Arizona Cardinals	2nd	34th pick	2026
Tomarrion Parker	EDGE	Clemson	College Stats	6-4	263	4.68	34		120			Buffalo Bills	2nd	35th pick	2026
Kayden McDonald	DT	Ohio St.	College Stats	6-2	326							Houston Texans	2nd	36th pick	2026
Colton Hood	CB	Tennessee	College Stats	6-0	193	4.44	40.5		125			New York Giants	2nd	37th pick	2026
Treydan Stukes	SAF	Arizona	College Stats	6-1	190	4.33	38		130			Las Vegas Raiders	2nd	38th pick	2026
Denzel Boston	WR	Washington	College Stats	6-4	212		35				4.28	Cleveland Browns	2nd	39th pick	2026
Cashius Howell	EDGE	Texas A&M	College Stats	6-3	253	4.59	32.5		115			Cincinnati Bengals	2nd	41st pick	2026
Christen Miller	DT	Georgia	College Stats	6-4	321							New Orleans Saints	2nd	42nd pick	2026
Jacob Rodriguez	LB	Texas Tech	College Stats	6-1	231	4.57	38.5		121	6.9	4.19	Miami Dolphins	2nd	43rd pick	2026
Derrick Moore	EDGE	Michigan	College Stats	6-4	255							Detroit Lions	2nd	44th pick	2026
Zion Young	EDGE	Missouri	College Stats	6-6	262							Baltimore Ravens	2nd	45th pick	2026
Josiah Trotter	LB	Missouri	College Stats	6-2	237			27				Tampa Bay Buccaneers	2nd	46th pick	2026
Germie Bernard	WR	Alabama	College Stats	6-1	206	4.48	32.5		125	6.71	4.31	Pittsburgh Steelers	2nd	47th pick	2026
Avieon Terrell	CB	Clemson	College Stats	5-11	186		34	17	123			Atlanta Falcons	2nd	48th pick	2026
Lee Hunter	DT	Texas Tech	College Stats	6-4	318	5.18	21.5		100			Carolina Panthers	2nd	49th pick	2026
D'Angelo Ponds	CB	Indiana	College Stats	5-9	182		43.5					New York Jets	2nd	50th pick	2026
Jake Golday	LB	Cincinnati	College Stats	6-5	239	4.62	39		125	7.02	4.34	Minnesota Vikings	2nd	51st pick	2026
Brandon Cisse	CB	South Carolina	College Stats	6-0	189		41		131			Green Bay Packers	2nd	52nd pick	2026
Eli Stowers	TE	Vanderbilt	College Stats	6-4	239	4.51	45.5		135			Philadelphia Eagles	2nd	54th pick	2026
Gabe Jacas	EDGE	Illinois	College Stats	6-4	260			30				New England Patriots	2nd	55th pick	2026
Nate Boerkircher	TE	Texas A&M	College Stats	6-6	245						4.4	Jacksonville Jaguars	2nd	56th pick	2026
Logan Jones	C	Iowa	College Stats	6-3	299	4.9	32		110	7.46	4.59	Chicago Bears	2nd	57th pick	2026
Emmanuel McNeil-Warren	SAF	Toledo	College Stats	6-4	201	4.52	35.5		122			Cleveland Browns	2nd	58th pick	2026
Marlin Klein	TE	Michigan	College Stats	6-6	248	4.61	36		117	7.42		Houston Texans	2nd	59th pick	2026
Anthony Hill	LB	Texas	College Stats	6-2	238	4.51	37	21	125			Tennessee Titans	2nd	60th pick	2026
Max Klare	TE	Ohio St.	College Stats	6-4	246							Los Angeles Rams	2nd	61st pick	2026
Davison Igbinosun	CB	Ohio St.	College Stats	6-2	189	4.45	34		120			Buffalo Bills	2nd	62nd pick	2026
Jake Slaughter	C	Florida	College Stats	6-5	303	5.1	32.5		110			Los Angeles Chargers	2nd	63rd pick	2026
Bud Clark	SAF	TCU	College Stats	6-1	188	4.41	38		127			Seattle Seahawks	2nd	64th pick	2026
Carson Beck	QB	Miami	College Stats	6-5	233							Arizona Cardinals	3rd	65th pick	2026
Keyron Crawford	EDGE	Auburn	College Stats	6-4	253							Las Vegas Raiders	3rd	67th pick	2026
Markel Bell	OT	Miami	College Stats	6-9	346	5.36						Philadelphia Eagles	3rd	68th pick	2026
Sam Roush	TE	Stanford	College Stats	6-6	267	4.7	38.5	25	126	7.08	4.37	Chicago Bears	3rd	69th pick	2026
Romello Height	EDGE	Texas Tech	College Stats	6-3	239	4.64	39		125			San Francisco 49ers	3rd	70th pick	2026
Antonio Williams	WR	Clemson	College Stats	6-0	187	4.41	39.5	10	124	7		Washington Commanders	3rd	71st pick	2026
Tacario Davis	CB	Washington	College Stats	6-4	194	4.41	37		123			Cincinnati Bengals	3rd	72nd pick	2026
Oscar Delp	TE	Georgia	College Stats	6-5	245							New Orleans Saints	3rd	73rd pick	2026
Malachi Fields	WR	Notre Dame	College Stats	6-5	218	4.61	38		124	6.98	4.35	New York Giants	3rd	74th pick	2026
Caleb Douglas	WR	Texas Tech	College Stats	6-4	206	4.39	31.5		126			Miami Dolphins	3rd	75th pick	2026
Drew Allar	QB	Penn St.	College Stats	6-5	228							Pittsburgh Steelers	3rd	76th pick	2026
Chris McClellan	DT	Missouri	College Stats	6-4	313	5.05	29.5	25	108			Green Bay Packers	3rd	77th pick	2026
Adari Haulcy	SAF	LSU	College Stats	6-0	215	4.52						Indianapolis Colts	3rd	78th pick	2026
Zachariah Branch	WR	Georgia	College Stats	5-9	177	4.35	38	20	125			Atlanta Falcons	3rd	79th pick	2026
Ja'Kobi Lane	WR	USC	College Stats	6-4	200	4.47	40		129			Baltimore Ravens	3rd	80th pick	2026
Albert Regis	DT	Texas A&M	College Stats	6-1	295	4.88	34		116	7.77	4.85	Jacksonville Jaguars	3rd	81st pick	2026
Domonique Orange	DT	Iowa St.	College Stats	6-2	322							Minnesota Vikings	3rd	82nd pick	2026
Daylen Everette	CB	Georgia	College Stats	6-1	196	4.38	37.5		124			Pittsburgh Steelers	3rd	85th pick	2026
Austin Barber	OT	Florida	College Stats	6-7	318	5.12	32		111			Cleveland Browns	3rd	86th pick	2026
Emmanuel Pregnon	G	Oregon	College Stats	6-4	314	5.21	35		111			Jacksonville Jaguars	3rd	88th pick	2026
Zavion Thomas	WR	LSU	College Stats	5-10	190	4.28	36					Chicago Bears	3rd	89th pick	2026
Trey Zuhn III	C	Texas A&M	College Stats	6-7	312			33				Las Vegas Raiders	3rd	91st pick	2026
Jaishawn Barham	EDGE	Michigan	College Stats	6-4	240	4.64	33		123			Dallas Cowboys	3rd	92nd pick	2026
Chris Bell	WR	Louisville	College Stats	6-2	222							Miami Dolphins	3rd	94th pick	2026
Elijah Raridon	TE	Notre Dame	College Stats	6-6	245	4.62	36	20	123			New England Patriots	3rd	95th pick	2026
Gennings Dunker	G	Iowa	College Stats	6-5	319	5.18	32.5		108		4.63	Pittsburgh Steelers	3rd	96th pick	2026
Caleb Tiernan	OT	Northwestern	College Stats	6-8	323		35.5		111			Minnesota Vikings	3rd	97th pick	2026
Julian Neal	CB	Arkansas	College Stats	6-2	203	4.49	40	16	134	7.13	4.2	Seattle Seahawks	3rd	99th pick	2026
Jalen Huskey	SAF	Maryland	College Stats	6-1	196							Jacksonville Jaguars	3rd	100th pick	2026
Jermod McCoy	CB	Tennessee	College Stats	6-1	188			14				Las Vegas Raiders	4th	101st pick	2026
Jude Bowry	OT	Boston Col.	College Stats	6-5	314	5.08	34.5		115			Buffalo Bills	4th	102nd pick	2026
Darrell Jackson Jr.	DT	Florida St.	College Stats	6-6	315							New York Jets	4th	103rd pick	2026
Brenen Thompson	WR	Mississippi St.	College Stats	5-9	164	4.26						Los Angeles Chargers	4th	105th pick	2026
Gracen Halton	DT	Oklahoma	College Stats	6-3	293	4.82	36.5		114	8.09	4.79	San Francisco 49ers	4th	107th pick	2026
Jonah Coleman	RB	Washington	College Stats	5-8	220			22				Denver Broncos	4th	108th pick	2026
Jadon Canady	CB	Oregon	College Stats	5-11	181							Kansas City Chiefs	4th	109th pick	2026
Cade Klubnik	QB	Clemson	College Stats	6-2	207							New York Jets	4th	110th pick	2026
Kage Casey	OT	Boise St.	College Stats	6-6	310	5.2				8.01		Denver Broncos	4th	111th pick	2026
Drew Shelton	OT	Penn St.	College Stats	6-5	313	5.16	31		112			Dallas Cowboys	4th	112th pick	2026
Jalen Farmer	G	Kentucky	College Stats	6-5	312	4.93	27		108			Indianapolis Colts	4th	113th pick	2026
Devin Moore	CB	Florida	College Stats	6-3	198	4.5						Dallas Cowboys	4th	114th pick	2026
Elijah Sarratt	WR	Indiana	College Stats	6-3	210							Baltimore Ravens	4th	115th pick	2026
Keionte Scott	CB	Miami	College Stats	5-11	193							Tampa Bay Buccaneers	4th	116th pick	2026
Travis Burke	OT	Memphis	College Stats	6-9	325	5.17	27		107			Los Angeles Chargers	4th	117th pick	2026
James Rolder	LB	Michigan	College Stats	6-3	238		36		119	7	4.26	Detroit Lions	4th	118th pick	2026
Wesley Williams	EDGE	Duke	College Stats	6-4	256	4.89	35.5		120			Jacksonville Jaguars	4th	119th pick	2026
Dani Dennis-Sutton	EDGE	Penn St.	College Stats	6-6	256	4.63	39.5		131	6.9		Green Bay Packers	4th	120th pick	2026
Kaden Wetjen	WR	Iowa	College Stats	5-9	193	4.47	35.5			6.95	4.44	Pittsburgh Steelers	4th	121st pick	2026
Mike Washington Jr.	RB	Arkansas	College Stats	6-1	223	4.33	39		128			Las Vegas Raiders	4th	122nd pick	2026
Wade Woodaz	LB	Clemson	College Stats	6-3	236							Houston Texans	4th	123rd pick	2026
Malik Muhammad	CB	Texas	College Stats	6-0	182	4.42	39		130			Chicago Bears	4th	124th pick	2026
Skyler Bell	WR	Connecticut	College Stats	6-0	192	4.4	41		133			Buffalo Bills	4th	125th pick	2026
Kaleb Elarms-Orr	LB	TCU	College Stats	6-2	234	4.47	40		124		4.41	Buffalo Bills	4th	126th pick	2026
Connor Lew	C	Auburn	College Stats	6-4	310			31				Cincinnati Bengals	4th	128th pick	2026
Will Lee III	CB	Texas A&M	College Stats	6-2	189	4.52	42		132			Carolina Panthers	4th	129th pick	2026
Trey Moore	EDGE	Texas	College Stats	6-2	243	4.54	38.5		120		4.43	Miami Dolphins	4th	130th pick	2026
Genesis Smith	SAF	Arizona	College Stats	6-2	202		42.5		128		4.18	Los Angeles Chargers	4th	131st pick	2026
Jeremiah Wright	G	Auburn	College Stats	6-5	331							New Orleans Saints	4th	132nd pick	2026
Matthew Hibner	TE	SMU	College Stats	6-4	251	4.57	37	28	116			Baltimore Ravens	4th	133rd pick	2026
Kendal Daniels	LB	Oklahoma	College Stats	6-5	242							Atlanta Falcons	4th	134th pick	2026
Bryce Boettcher	LB	Oregon	College Stats	6-1	233							Indianapolis Colts	4th	135th pick	2026
Kyle Louis	LB	Pittsburgh	College Stats	6-0	220	4.53	39.5		129	6.97	4.26	Miami Dolphins	4th	138th pick	2026
Ephesians Prysock	CB	Washington	College Stats	6-3	196	4.45	39		124			San Francisco 49ers	4th	139th pick	2026
Colbie Young	WR	Georgia	College Stats	6-5	218	4.49						Cincinnati Bengals	4th	140th pick	2026
Kamari Ramsey	SAF	USC	College Stats	6-0	202	4.47	36	16	120			Houston Texans	5th	141st pick	2026
Fernando Carmona	G	Arkansas	College Stats	6-5	316	5.22	29	26	103	7.5	4.75	Tennessee Titans	5th	142nd pick	2026
Sam Hecht	C	Kansas St.	College Stats	6-4	303	5.1	28		101	7.75	4.71	Carolina Panthers	5th	144th pick	2026
Parker Brailsford	C	Alabama	College Stats	6-2	289	4.95	32.5	27	118		4.72	Cleveland Browns	5th	146th pick	2026
Joshua Josephs	EDGE	Tennessee	College Stats	6-3	242							Washington Commanders	5th	147th pick	2026
Beau Stephens	G	Iowa	College Stats	6-6	315	5.35	28		102			Seattle Seahawks	5th	148th pick	2026
Justin Jefferson	LB	Alabama	College Stats	6-0	223	4.57	38.5		125			Cleveland Browns	5th	149th pick	2026
Zakee Wheatley	SAF	Penn St.	College Stats	6-3	203		32.5		122			Carolina Panthers	5th	151st pick	2026
Justin Joly	TE	North Carolina St.	College Stats	6-4	241							Denver Broncos	5th	152nd pick	2026
Jager Burton	C	Kentucky	College Stats	6-4	312	4.94	28		111			Green Bay Packers	5th	153rd pick	2026
DeMonte Capehart	DT	Clemson	College Stats	6-5	313	4.85	33.5		107			Tampa Bay Buccaneers	5th	155th pick	2026
George Gumbs Jr.	EDGE	Florida	College Stats	6-4	245	4.66	41		121	7		Indianapolis Colts	5th	156th pick	2026
Michael Taaffe	SAF	Texas	College Stats	6-0	190	4.5						Miami Dolphins	5th	158th pick	2026
William Schrauth	G	Notre Dame	College Stats	6-5	310							Tampa Bay Buccaneers	5th	160th pick	2026
Emmett Johnson	RB	Nebraska	College Stats	5-10	202	4.56	35.5	16	120	7.32	4.29	Kansas City Chiefs	5th	161st pick	2026
Chandler Rivers	CB	Duke	College Stats	5-10	185	4.4	39		130			Baltimore Ravens	5th	162nd pick	2026
Tanner Koziol	TE	Houston	College Stats	6-7	247	4.7	36.5		122			Jacksonville Jaguars	5th	164th pick	2026
Nicholas Singleton	RB	Penn St.	College Stats	6-0	219							Tennessee Titans	5th	165th pick	2026
Keyshaun Elliott	LB	Arizona St.	College Stats	6-2	231		38	21	125			Chicago Bears	5th	166th pick	2026
Jalon Kilgore	SAF	South Carolina	College Stats	6-1	210	4.4	37	16	130		4.32	Buffalo Bills	5th	167th pick	2026
Riley Nowakowski	TE	Indiana	College Stats	6-2	250	4.66	33.5		119			Pittsburgh Steelers	5th	169th pick	2026
Joe Royer	TE	Cincinnati	College Stats	6-5	247							Cleveland Browns	5th	170th pick	2026
Josh Cuevas	TE	Alabama	College Stats	6-3	245	4.65	34		118	7.37	4.38	Baltimore Ravens	5th	173rd pick	2026
Adam Randall	RB	Clemson	College Stats	6-3	232	4.5	37	26	124		4.53	Baltimore Ravens	5th	174th pick	2026
Hezekiah Masses	CB	California	College Stats	6-1	179	4.46	31.5		119			Las Vegas Raiders	5th	175th pick	2026
Kevin Coleman	WR	Missouri	College Stats	5-10	179	4.49	38.5		126			Miami Dolphins	5th	177th pick	2026
Zane Durant	DT	Penn St.	College Stats	6-1	290	4.75	33.5		112			Buffalo Bills	5th	181st pick	2026
Taylen Green	QB	Arkansas	College Stats	6-6	227	4.36	43.5		134			Cleveland Browns	6th	182nd pick	2026
Jackie Marshall	DT	Baylor	College Stats	6-3	293	4.88					4.68	Tennessee Titans	6th	184th pick	2026
Bauer Sharp	TE	LSU	College Stats	6-5	249	4.63	35	20	120			Tampa Bay Buccaneers	6th	185th pick	2026
Kaytron Allen	RB	Penn St.	College Stats	5-11	216							Washington Commanders	6th	187th pick	2026
Anez Cooper	G	Miami	College Stats	6-6	334							New York Jets	6th	188th pick	2026
Barion Brown	WR	LSU	College Stats	5-11	177	4.4						New Orleans Saints	6th	190th pick	2026
Josh Cameron	WR	Baylor	College Stats	6-2	220							Jacksonville Jaguars	6th	191st pick	2026
Jack Kelly	LB	BYU	College Stats	6-2	240	4.57	37		125	7.12	4.19	New York Giants	6th	193rd pick	2026
Patrick Coogan	C	Indiana	College Stats	6-5	311							Tennessee Titans	6th	194th pick	2026
Dametrious Crownover	OT	Texas A&M	College Stats	6-7	319	5.14						New England Patriots	6th	196th pick	2026
CJ Daniels	WR	Miami	College Stats	6-2	202							Los Angeles Rams	6th	197th pick	2026
Demond Claiborne	RB	Wake Forest	College Stats	5-10	188	4.37			122			Minnesota Vikings	6th	198th pick	2026
Devon Campbell	G	Texas	College Stats	6-3	313	5.01	26.5		104			Miami Dolphins	6th	200th pick	2026
Domani Jackson	CB	Alabama	College Stats	6-1	194	4.41						Green Bay Packers	6th	201st pick	2026
Logan Taylor	G	Boston Col.	College Stats	6-7	314	5.19	31		108	7.75	4.84	Los Angeles Chargers	6th	202nd pick	2026
Skyler Gill-Howard	DT	Texas Tech	College Stats	6-1	280			27				Detroit Lions	6th	205th pick	2026
Alex Harkey	G	Oregon	College Stats	6-6	308							Los Angeles Chargers	6th	206th pick	2026
Micah Morris	G	Georgia	College Stats	6-5	334	5.09	29.5	29	112			Philadelphia Eagles	6th	207th pick	2026
Ryan Eckley	P	Michigan St.	College Stats	6-1	200							Baltimore Ravens	6th	211th pick	2026
Namdi Obiazor	LB	TCU	College Stats	6-3	229	4.53	37		119	7.24	4.36	New England Patriots	6th	212th pick	2026
Caden Curry	EDGE	Ohio St.	College Stats	6-3	257							Indianapolis Colts	6th	214th pick	2026
Harold Perkins Jr.	LB	LSU	College Stats	6-1	223							Atlanta Falcons	6th	215th pick	2026
James Smack	K	Florida	College Stats	6-1	188							Green Bay Packers	6th	216th pick	2026
TJ Hall	CB	Iowa	College Stats	6-1	189	4.59	36			7.19	4.19	New Orleans Saints	7th	219th pick	2026
Toriano Pride	CB	Missouri	College Stats	5-10	185	4.32	37.5	13	128	7.2		Buffalo Bills	7th	220th pick	2026
Jack Endries	TE	Texas	College Stats	6-5	245	4.62	36		119			Cincinnati Bengals	7th	221st pick	2026
Robert Spears-Jennings	SAF	Oklahoma	College Stats	6-2	205	4.32	35		125		4.43	Pittsburgh Steelers	7th	224th pick	2026
Jaren Kanak	TE	Oklahoma	College Stats	6-2	234	4.52	36	24	119			Tennessee Titans	7th	225th pick	2026
VJ Payne	SAF	Kansas St.	College Stats	6-3	206	4.4	35		127			New York Jets	7th	228th pick	2026
Brandon Cleveland	DT	North Carolina St.	College Stats	6-3	307	5.12						Las Vegas Raiders	7th	229th pick	2026
Eli Heidenreich	RB	Navy	College Stats	6-0	198	4.44	35.5	16	120			Pittsburgh Steelers	7th	230th pick	2026
Tim Keenan III	DT	Alabama	College Stats	6-1	327	5.31	30	21	100			Los Angeles Rams	7th	232nd pick	2026
Behren Morton	QB	Texas Tech	College Stats	6-2	221							New England Patriots	7th	234th pick	2026
Seth McGowan	RB	Kentucky	College Stats	6-0	223	4.49	42.5		131		4.5	Indianapolis Colts	7th	237th pick	2026
Max Llewellyn	EDGE	Iowa	College Stats	6-6	258	4.81	32.5		115			Miami Dolphins	7th	238th pick	2026
Tommy Doman	P	Florida	College Stats	6-4	214							Buffalo Bills	7th	239th pick	2026
Deven Eastern	DT	Minnesota	College Stats	6-5	315		27.5		112	8.07		Seattle Seahawks	7th	242nd pick	2026
Aiden Fisher	LB	Indiana	College Stats	6-1	232							Houston Texans	7th	243rd pick	2026
Quintayvious Hutchins	EDGE	Boston Col.	College Stats	6-3	233	4.74	37					New England Patriots	7th	247th pick	2026
Garrett Nussmeier	QB	LSU	College Stats	6-2	203							Kansas City Chiefs	7th	249th pick	2026
Rayshaun Benny	DT	Michigan	College Stats	6-3	298							Baltimore Ravens	7th	250th pick	2026
Deion Burks	WR	Oklahoma	College Stats	5-10	180	4.3	42.5	26	131			Indianapolis Colts	7th	254th pick	2026
Dallen Bentley	TE	Utah	College Stats	6-4	253	4.62	35	24	118		4.42	Denver Broncos	7th	256th pick	2026
Carver Willis	OT	Washington	College Stats	6-5	303	5.11	26.5		108						
Jalen Walthall	WR	Incarnate Word		6-1	191	4.57	35		131						
Reggie Virgil	WR	Texas Tech	College Stats	6-3	187	4.57	36		127						
Keagen Trost	OT	Missouri	College Stats	6-5	311		31								
R Mason Thomas	EDGE	Oklahoma	College Stats	6-2	241	4.67									
Jakobe Thomas	SAF	Miami	College Stats	6-1	211										
J. Michael Sturdivant	WR	Florida	College Stats	6-3	207	4.4	39		131						
DeShon Singleton	SAF	Nebraska	College Stats	6-3	205		39.5		130						
Karson Sharar	LB	Iowa	College Stats	6-2	231	4.56	40		123						
DJ Rogers	TE	TCU	College Stats	6-4	258										
Ar'maj Reed-Adams	G	Texas A&M	College Stats	6-6	314	5.28	29.5		110	7.88					
Kaleb Proctor	DT	Southeastern Louisiana		6-2	291	4.79	33		113		4.71				
Cole Payton	QB	North Dakota St.		6-3	232	4.56	40		130	7.12	4.36				
Brian Parker	C	Duke	College Stats	6-5	309	5.14		29	109	7.66	4.8				
Labbeus Overton	EDGE	Alabama	College Stats	6-3	274	4.87									
Tyler Onyedim	DT	Texas A&M	College Stats	6-4	292		32		111						
Febechi Nwaiwu	G	Oklahoma	College Stats	6-4	319		24.5		105	7.8	4.73				
Khalil Murdock	LB	Buffalo	College Stats	6-2	232										
Louis Moore	SAF	Indiana	College Stats	5-11	191										
Jam Miller	RB	Alabama	College Stats	5-10	209	4.42	30.5		115						
Latrell McCutchin	CB	Houston	College Stats	6-2	191	4.43	38.5		131	7	4.18				
Donaven McCulley	WR	Michigan	College Stats	6-5	203										
Kendrick Law	WR	Kentucky	College Stats	5-11	203	4.45	42	21	128						
Bryce Lance	WR	North Dakota St.		6-3	204	4.34	41.5		133	7	4.15				
Haynes King	QB	Georgia Tech	College Stats	6-2	212	4.46	33.5		116	6.89	4.17				
Will Kacmarek	TE	Ohio St.	College Stats	6-6	261	4.74	36		119						
Lorenzo Styles Jr.	SAF	Ohio St.	College Stats	6-1	194	4.27	39								
Dalton Johnson	SAF	Arizona	College Stats	5-11	192	4.41	36		119						
Bobby Jamison-Travis	DT	Auburn	College Stats	6-3	328										
Olaivavega Ioane	G	Penn St.	College Stats	6-4	320		31.5		104						
Keith Abney II	CB	Arizona St.	College Stats	5-10	187			15							
Chris Brazzell II	WR	Tennessee	College Stats	6-4	198	4.37									
Ted Hurst	WR	Georgia St.	College Stats	6-4	206	4.42	36.5		135						
Jordan Hudson	WR	SMU	College Stats	6-1	191										
Alan Herron	OT	Maryland	College Stats	6-5	308	5.09	32			8.2	5.09				
Emmanuel Henderson	WR	Kansas	College Stats	6-1	185	4.44	35		120						
Ahmari Harvey	CB	Georgia Tech	College Stats	5-11	185			15							
John Michael Gyllenborg	TE	Wyoming	College Stats	6-6	249	4.6	35.5		128		4.22				
David Gusta	DT	Kentucky	College Stats	6-2	308	4.88	32	37							
Matt Gulbin	C	Michigan St.	College Stats	6-4	305										
Andre Fuller	CB	Toledo	College Stats	6-1	200	4.49	35		129		4.28				
Bryson Eason	DT	Tennessee	College Stats	6-2	323	5.09	30.5		112		5				
Khalil Dinkins	TE	Penn St.	College Stats	6-4	251	4.72	32.5	25	119	7.28	4.33				
Charles Demmings	CB	Stephen F. Austin St.		6-1	193	4.41	42		132						
J.C. Davis	OT	Illinois	College Stats	6-4	322	5.16	30.5		99						
Enrique Cruz	OT	Kansas	College Stats	6-6	313	4.94	35		116						
KC Concepcion	WR	Texas A&M	College Stats	6-0	196										
Max Bredeson	FB	Michigan	College Stats	6-2	252										
Joshua Braun	G	Kentucky	College Stats	6-6	325			22	101	7.62					
Malik Benson	WR	Oregon	College Stats	6-0	189	4.37	32.5		122						
Evan Beerntsen	G	Northwestern	College Stats	6-4	301	5.25	32.5		105						
Nick Barrett	DT	South Carolina	College Stats	6-3	312	5.1	31.5		108	8.17	4.91				
CJ Allen	LB	Georgia	College Stats	6-1	230										
Jose Aguilar	QB	Tennessee	College Stats	6-3	229										
Dominic Zvada	K	Michigan	College Stats	6-3	178										
Taurean York	LB	Texas A&M	College Stats	5-11	226			25		7.32	4.48				
Dae'Quan Wright	TE	Mississippi	College Stats	6-4	246										
Collin Wright	CB	Stanford	College Stats	6-0	188		39								
Jeremiah Williams	LB	Texas A&M	College Stats	6-2	231										
Damonic Williams	DT	Oklahoma	College Stats	6-2	305			30							
Noah Whittington	RB	Oregon	College Stats	5-8	205			24							
Harrison Wallace	WR	Mississippi	College Stats	6-0	192	4.54									
Aamil Wagner	OT	Notre Dame	College Stats	6-6	306	5.01	29.5	21	108						
Dillon Wade	G	Auburn	College Stats	6-3	316	5.02	28.5		104						
Nadame Tucker	EDGE	Western Michigan	College Stats	6-2	247	4.73	33.5		119						
Michael Trigg	TE	Baylor	College Stats	6-4	240										
Brett Thorson	P	Georgia	College Stats	6-1	237										
J'Mari Taylor	RB	Virginia	College Stats	5-10	199		34.5	20	115						
Jack Stonehouse	P	Syracuse	College Stats	6-2	211										
Drew Stevens	K	Iowa	College Stats	6-1	213										
Gary Smith	DT	UCLA	College Stats	6-1	319		28								
Avery Smith	CB	Toledo	College Stats	5-11	196	4.54	38.5		125	7.03	4.46				
Tyreak Sapp	EDGE	Florida	College Stats	6-2	273			28							
Sawyer Robertson	QB	Baylor	College Stats	6-4	216	4.64	37.5		123	7.45	4.46				
Jaeden Roberts	G	Alabama	College Stats	6-5	333			25							
Chase Roberts	WR	BYU	College Stats	6-3	209	4.64	37		126						
Eric Rivers	WR	Georgia Tech	College Stats	5-10	176	4.35	37		127						
Mason Reiger	EDGE	Wisconsin	College Stats	6-5	251	4.78	40		125						
Desmond Reid	RB	Pittsburgh	College Stats	5-6	174										
Jack Pyburn	EDGE	LSU	College Stats	6-4	258										
Diego Pounds	OT	Mississippi	College Stats	6-6	325	5.15	30		112	7.9					
Patrick Payton	EDGE	LSU	College Stats	6-5	260										
Diego Pavia	QB	Vanderbilt	College Stats	5-10	207										
Xavier Nwankpa	SAF	Iowa	College Stats	6-3	208	4.48	37.5								
Le'Veon Moss	RB	Texas A&M	College Stats	5-11	203										
Ahmaad Moses	SAF	SMU	College Stats	5-9	196		38								
Lake McRee	TE	USC	College Stats	6-4	243			22							
Eric McAlister	WR	TCU	College Stats	6-4	194										
RJ Maryland	TE	SMU	College Stats	6-4	236	4.51	33		122						
Anthony Lucas	EDGE	USC	College Stats	6-6	256										
Deontae Lawson	LB	Alabama	College Stats	6-3	226										
Caullin Lacy	WR	Louisville	College Stats	5-9	183	4.55	33.5		116						
Miles Kitselman	TE	Tennessee	College Stats	6-5	251	4.9	34.5		116						
Nyjalik Kelly	EDGE	Central Florida	College Stats	6-5	256	4.88	37		119						
Xavian Sorey Jr.	LB	Arkansas	College Stats	6-2	228	4.63	37.5		120	7	4.42				
Marvin Jones Jr.	EDGE	Oklahoma	College Stats	6-5	245	4.69									
Robert Henry Jr.	RB	Texas-San Antonio	College Stats	5-9	196	4.52	37		124		4.31				
Vincent Anthony Jr.	EDGE	Duke	College Stats	6-6	258	4.84	32.5		123						
Vinny Anthony II	WR	Wisconsin	College Stats	6-0	183	4.54	34.5	15		6.86	4.07				
Aidan Hubbard	EDGE	Northwestern	College Stats	6-5	260			21							
Chris Hilton	WR	LSU	College Stats	6-0	188	4.41	34.5		122	7.25	4.41				
Roman Hemby	RB	Indiana	College Stats	6-0	207										
Owen Heinecke	LB	Oklahoma	College Stats	6-2	227	4.62	34.5		119	7.15					
Zxavian Harris	DT	Mississippi	College Stats	6-8	330										
Jaylon Guilbeau	CB	Texas	College Stats	5-11	190										
Eric Gentry	LB	USC	College Stats	6-7	221										
Bishop Fitzgerald	SAF	USC	College Stats	5-11	201	4.55	33	12							
Logan Fano	EDGE	Utah	College Stats	6-5	257										
Rahsul Faison	RB	South Carolina	College Stats	5-11	208		37.5		122						
Joe Fagnano	QB	Connecticut	College Stats	6-3	226	4.83	35		118		4.35				
Fa'alili Fa'amoe	OT	Wake Forest	College Stats	6-5	311		28.5		104						
CJ Donaldson	RB	Ohio St.	College Stats	6-2	230										
Thaddeus Dixon	CB	North Carolina	College Stats	6-1	195		39.5		125						
Garrett DiGiorgio	G	UCLA	College Stats	6-7	319	5.36	29.5	24	106						
Jalon Daniels	QB	Kansas	College Stats	6-1	219	4.65									
Dontay Corleone	DT	Cincinnati	College Stats	6-1	340										
Jeff Caldwell	WR	Cincinnati	College Stats	6-5	216	4.31	42		134						
Wesley Bissainthe	LB	Miami	College Stats	6-2	225										
Dillon Bell	WR	Georgia	College Stats	6-1	209	4.5	39		126						
Lander Barton	LB	Utah	College Stats	6-5	233										
Cameron Ball	DT	Arkansas	College Stats	6-4	310	5.13	32		109	8.02	4.76				
Aaron Anderson	WR	LSU	College Stats	5-8	191		30		113						
Luke Altmyer	QB	Illinois	College Stats	6-2	210	4.72	32		114						
Marcus Allen	CB	North Carolina	College Stats	6-2	187	4.5	39		123						
Chris Adams	OT	Memphis	College Stats	6-5	311										
