PLAYER	POS	TEAM	GAMES	SNAPS	SNAPS/GM	SNAP %	RUSH %	TGT %	TOUCH %	UTIL %
Malik Willis	QB	GB	4	98	25	41	22	0	58	58
Puka Nacua	WR	LAR	16	727	45	68	1	23	19	24
Derrick Henry	RB	BAL	17	556	33	55	55	4	58	59
Jahmyr Gibbs	RB	DET	17	737	43	67	33	13	43	46
James Cook III	RB	BUF	17	639	38	56	48	6	54	55
De'Von Achane	RB	MIA	16	697	44	75	34	12	44	46
Christian McCaffrey	RB	SF	17	932	55	83	33	14	44	47
Jaylen Warren	RB	PIT	16	489	31	50	43	9	51	52
Jaxon Smith-Njigba	WR	SEA	17	829	49	78	1	20	15	21
Cam Skattebo	RB	NYG	8	295	37	54	34	11	42	45
Bijan Robinson	RB	ATL	17	860	51	78	33	12	43	45
RJ Harvey	RB	DEN	17	481	28	42	30	12	40	43
Kenny Gainwell	RB	PIT	17	517	30	50	22	16	36	38
Josh Jacobs	RB	GB	15	554	37	59	42	8	49	50
Dalton Kincaid	TE	BUF	12	302	25	38	0	16	13	16
TreVeyon Henderson	RB	NE	17	501	29	46	36	8	43	44
Jonathan Taylor	RB	IND	17	883	52	82	37	6	42	43
David Montgomery	RB	DET	17	408	24	37	39	7	45	46
Kenneth Walker III	RB	SEA	17	498	29	47	44	7	51	52
Chase Brown	RB	CIN	17	738	43	66	31	12	41	43
Darren Waller	TE	MIA	9	234	26	45	0	15	11	15
Quinshon Judkins	RB	CLE	14	452	32	50	51	8	57	59
Zach Charbonnet	RB	SEA	16	490	31	49	38	5	42	42
D'Andre Swift	RB	CHI	16	621	39	58	36	8	41	44
Travis Etienne Jr.	RB	JAC	17	691	41	60	38	8	43	45
Rico Dowdle	RB	CAR	17	591	35	56	40	8	47	48
Josh Allen	QB	BUF	17	1,034	61	91	11	0	55	55
Rashee Rice	WR	KC	8	415	52	73	1	19	14	20
James Conner	RB	ARI	3	93	31	50	34	10	43	44
Omarion Hampton	RB	LAC	9	384	43	63	32	9	41	41
Stefon Diggs	WR	NE	17	598	35	55	0	17	14	17
Davante Adams	WR	LAR	14	635	45	70	0	18	9	18
Jacory Croskey-Merritt	RB	WAS	17	406	24	39	43	3	45	46
Tyreek Hill	WR	MIA	4	155	39	69	0	19	14	19
Amon-Ra St. Brown	WR	DET	17	939	55	85	0	18	13	19
Drake Maye	QB	NE	17	1,050	62	96	10	0	57	57
Kyren Williams	RB	LAR	17	772	45	68	34	6	38	40
J.K. Dobbins	RB	DEN	10	340	34	51	45	4	48	49
Rhamondre Stevenson	RB	NE	14	533	38	59	24	7	30	31
Bucky Irving	RB	TB	10	421	42	62	41	8	48	49
Bam Knight	RB	ARI	10	283	28	40	29	11	37	40
Breece Hall	RB	NYJ	16	640	40	64	38	8	44	46
Brock Purdy	QB	SF	9	576	64	98	6	0	55	55
Aaron Jones Sr.	RB	MIN	12	366	31	55	36	11	44	47
Matthew Stafford	QB	LAR	17	1,117	66	98	3	0	56	56
Patrick Mahomes II	QB	KC	14	934	67	97	7	0	61	61
Ja'Marr Chase	WR	CIN	16	987	62	94	0	19	13	19
Ashton Jeanty	RB	LV	17	771	45	78	35	9	42	44
Luther Burden III	WR	CHI	15	402	27	40	1	15	13	16
Mitchell Trubisky	QB	BUF	4	98	25	35	9	0	45	45
Jaxson Dart	QB	NYG	14	774	55	83	11	0	55	55
Christian Watson	WR	GB	10	418	42	68	0	13	9	13
Jalen Hurts	QB	PHI	16	965	60	97	11	0	58	58
Javonte Williams	RB	DAL	16	769	48	68	33	7	37	39
Lamar Jackson	QB	BAL	13	702	54	93	10	0	53	53
Trevor Lawrence	QB	JAC	17	1,114	66	97	7	0	58	58
Jordan Mason	RB	MIN	16	413	26	44	38	4	42	42
Daniel Jones	QB	IND	13	756	58	91	6	0	57	57
Kyle Monangai	RB	CHI	17	478	28	41	35	6	39	42
Trey McBride	TE	ARI	17	1,033	61	91	0	16	12	16
Chris Olave	WR	NO	16	887	55	84	0	18	11	18
George Pickens	WR	DAL	17	968	57	82	0	14	10	14
Saquon Barkley	RB	PHI	16	773	48	78	36	6	41	43
Tyjae Spears	RB	TEN	13	374	29	46	19	13	31	33
Justice Hill	RB	BAL	10	219	22	37	8	12	18	21
Luke McCaffrey	WR	WAS	8	174	22	35	0	9	6	9
Tyrone Tracy Jr.	RB	NYG	15	548	37	55	32	9	39	41
Joe Burrow	QB	CIN	8	478	60	88	3	0	57	57
George Kittle	TE	SF	11	554	50	80	0	12	10	13
Brock Bowers	TE	LV	12	605	50	85	0	14	11	15
Nico Collins	WR	HOU	15	778	52	77	0	15	9	16
Keenan Allen	WR	LAC	17	630	37	55	0	19	13	19
Chuba Hubbard	RB	CAR	15	432	29	47	31	9	38	40
Jacoby Brissett	QB	ARI	14	812	58	87	5	0	64	64
Jameis Winston	QB	NYG	3	156	52	70	4	1	47	47
Jayden Daniels	QB	WAS	7	405	58	91	14	0	61	61
Trey Benson	RB	ARI	4	123	31	48	24	13	34	37
Tory Horton	WR	SEA	8	226	28	47	0	10	6	10
Justin Herbert	QB	LAC	16	1,043	65	97	8	0	57	57
Justin Fields	QB	NYJ	9	501	56	91	14	0	55	55
Dak Prescott	QB	DAL	17	1,135	67	96	5	0	58	58
Drake London	WR	ATL	12	709	59	90	0	16	10	16
Jayden Reed	WR	GB	7	170	24	42	2	13	13	15
Caleb Williams	QB	CHI	17	1,143	67	99	7	0	57	57
Tony Pollard	RB	TEN	17	657	39	62	37	6	42	43
Jared Goff	QB	DET	17	1,083	64	99	2	0	55	55
Bo Nix	QB	DEN	17	1,136	67	100	7	0	61	61
Zay Flowers	WR	BAL	17	879	52	87	1	13	11	15
Albert Okwuegbunam Jr.	TE	LV	1	31	31	46	0	19	16	19
Kareem Hunt	RB	KC	17	529	31	48	31	5	34	36
Tee Higgins	WR	CIN	15	769	51	81	0	13	8	13
Parker Washington	WR	JAC	16	672	42	62	1	14	10	15
CeeDee Lamb	WR	DAL	14	732	52	73	0	16	10	16
Nick Chubb	RB	HOU	15	326	22	32	37	6	41	44
Tyler Shough	QB	NO	11	605	55	83	7	0	61	61
Jordan Love	QB	GB	15	894	60	94	5	0	54	54
Jaylen Waddle	WR	MIA	16	724	45	78	0	14	9	14
Tucker Kraft	TE	GB	8	439	55	86	0	10	8	10
Jake Browning	QB	CIN	5	212	42	71	4	0	63	63
Audric Estime	RB	NO	6	181	30	46	25	7	32	33
Woody Marks	RB	HOU	16	571	36	52	34	6	39	41
Deebo Samuel Sr.	WR	WAS	16	713	45	72	2	14	12	16
Terry McLaurin	WR	WAS	10	433	43	70	0	14	9	14
Malik Nabers	WR	NYG	4	216	54	78	0	16	8	16
Troy Franklin	WR	DEN	17	670	39	59	1	16	10	16
J.J. McCarthy	QB	MIN	10	523	52	91	7	0	54	54
Khalil Shakir	WR	BUF	16	635	40	60	0	15	11	15
A.J. Brown	WR	PHI	15	843	56	91	0	14	9	14
Garrett Wilson	WR	NYJ	7	383	55	89	0	15	9	15
Marcus Mariota	QB	WAS	11	510	46	75	10	0	54	54
Greg Dortch	WR	ARI	12	292	24	35	2	11	12	14
Baker Mayfield	QB	TB	17	1,099	65	97	5	0	54	54
Tyrod Taylor	QB	NYJ	6	251	42	70	11	0	64	64
Greg Dulcich	TE	MIA	10	245	25	42	0	13	11	14
Aaron Rodgers	QB	PIT	16	918	57	96	2	0	57	57
Kyler Murray	QB	ARI	5	318	64	99	9	0	60	60
Michael Carter	RB	ARI	13	393	30	45	23	11	32	35
Carson Wentz	QB	MIN	5	300	60	94	4	0	60	60
Hollywood Brown	WR	KC	16	551	34	52	0	13	9	13
C.J. Stroud	QB	HOU	14	868	62	91	6	0	54	54
Rachaad White	RB	TB	17	574	34	51	23	8	30	31
Mac Jones	QB	SF	11	546	50	76	7	0	60	60
Riley Leonard	QB	IND	5	130	26	43	5	0	56	56
Marvin Mims Jr.	WR	DEN	15	379	25	37	3	13	13	17
Kimani Vidal	RB	LAC	13	481	37	55	32	5	36	37
Sam Darnold	QB	SEA	17	1,026	60	96	3	0	50	50
DK Metcalf	WR	PIT	15	776	52	87	0	13	8	13
Russell Wilson	QB	NYG	6	220	37	53	8	0	62	62
Jake Ferguson	TE	DAL	17	786	46	66	0	13	11	13
Michael Wilson	WR	ARI	17	923	54	81	0	14	8	14
Mike Evans	WR	TB	8	357	45	65	0	17	8	17
Bryce Young	QB	CAR	16	964	60	96	6	0	55	55
Ryan Flournoy	WR	DAL	15	479	32	46	1	12	9	13
Davis Mills	QB	HOU	6	292	49	70	4	0	59	59
Quentin Johnston	WR	LAC	14	723	52	77	0	12	7	12
Harold Fannin Jr.	TE	CLE	16	786	49	76	1	14	10	15
Colston Loveland	TE	CHI	16	701	44	65	0	12	8	12
Dallas Goedert	TE	PHI	15	787	52	85	0	10	8	10
Jake Tonges	TE	SF	16	399	25	37	0	12	9	12
Josh Downs	WR	IND	16	594	37	59	0	15	10	15
Zach Ertz	TE	WAS	13	551	42	67	0	13	9	13
Tetairoa McMillan	WR	CAR	17	925	54	87	0	13	8	13
DeVonta Smith	WR	PHI	17	888	52	84	0	13	9	13
Joe Flacco	QB	CIN	13	690	53	78	3	0	63	63
Tua Tagovailoa	QB	MIA	14	778	56	96	3	0	52	52
Marvin Harrison Jr.	WR	ARI	12	566	47	72	0	13	7	13
Alec Pierce	WR	IND	15	813	54	86	0	10	6	10
Samaje Perine	RB	CIN	15	346	23	35	24	6	29	30
Courtland Sutton	WR	DEN	17	975	57	86	0	13	8	13
Devin Neal	RB	NO	9	268	30	45	21	7	28	28
Wan'Dale Robinson	WR	NYG	16	973	61	91	0	14	10	15
Evan Engram	TE	DEN	16	458	29	42	0	17	11	17
Michael Penix Jr.	QB	ATL	9	553	61	93	4	0	54	54
KaVontae Turpin	WR	DAL	15	380	25	35	4	10	11	14
Rashid Shaheed	WR	SEA	18	705	39	61	1	13	10	14
Jameson Williams	WR	DET	17	992	58	90	1	10	7	11
Shedeur Sanders	QB	CLE	8	428	54	92	5	0	54	54
Geno Smith	QB	LV	15	863	58	97	5	0	57	57
Emeka Egbuka	WR	TB	17	886	52	78	0	14	7	15
Tyquan Thornton	WR	KC	14	368	26	38	0	10	5	10
Michael Pittman Jr.	WR	IND	17	918	54	86	0	12	9	12
Mike Gesicki	TE	CIN	13	321	25	38	0	13	9	13
Alvin Kamara	RB	NO	11	457	42	63	29	9	36	37
Kyle Pitts Sr.	TE	ATL	17	961	57	88	0	12	9	12
Pat Freiermuth	TE	PIT	17	522	31	51	0	10	8	10
Jauan Jennings	WR	SF	15	795	53	82	0	11	7	11
Jalen McMillan	WR	TB	4	138	35	52	1	11	9	12
Ladd McConkey	WR	LAC	16	838	52	78	0	13	8	13
Dalton Schultz	TE	HOU	17	827	49	71	0	13	10	13
Travis Kelce	TE	KC	17	902	53	81	0	12	9	12
Justin Jefferson	WR	MIN	17	941	55	94	0	15	9	15
Spencer Rattler	QB	NO	9	490	54	81	6	0	59	59
Juwan Johnson	TE	NO	17	850	50	76	0	12	9	12
Romeo Doubs	WR	GB	16	780	49	78	0	11	7	11
Tyler Warren	TE	IND	17	899	53	84	1	12	9	13
Ty Chandler	RB	MIN	2	42	21	35	40	10	48	50
Colby Parkinson	TE	LAR	15	621	41	61	0	9	7	9
Oronde Gadsden II	TE	LAC	15	628	42	62	0	11	8	11
Mark Andrews	TE	BAL	17	631	37	62	2	11	9	13
Malik Washington	WR	MIA	17	563	33	57	3	12	11	15
Sam LaPorta	TE	DET	9	517	57	90	0	9	8	9
Isiah Pacheco	RB	KC	13	424	33	52	28	6	32	34
Hunter Henry	TE	NE	17	869	51	79	0	10	7	10
Jalen Coker	WR	CAR	11	439	40	68	0	10	8	10
Kayshon Boutte	WR	NE	14	607	43	67	0	8	5	8
Tyler Huntley	QB	BAL	5	197	39	63	12	0	46	46
Jakobi Meyers	WR	JAC	16	872	55	85	1	13	9	13
Quinn Ewers	QB	MIA	4	179	45	79	4	1	51	51
Philip Rivers	QB	IND	3	172	57	97	1	0	55	55
Brenton Strange	TE	JAC	12	591	49	75	0	10	8	10
Chimere Dike	WR	TEN	17	631	37	60	2	12	9	13
Kirk Cousins	QB	ATL	10	543	54	86	3	0	52	52
Rome Odunze	WR	CHI	12	733	61	88	0	12	6	12
Noah Fant	TE	CIN	15	379	25	38	0	11	9	11
Travis Hunter	WR	JAC	7	324	46	67	0	14	9	14
Tyler Higbee	TE	LAR	10	366	37	55	0	10	7	10
Dillon Gabriel	QB	CLE	10	372	37	56	4	0	53	53
Chris Godwin Jr.	WR	TB	9	428	48	71	0	12	8	12
Calvin Austin III	WR	PIT	14	446	32	53	0	12	7	12
Jayden Higgins	WR	HOU	17	671	39	58	0	10	6	10
Cam Ward	QB	TEN	17	1,007	59	95	4	0	57	57
Josh Johnson	QB	WAS	5	138	28	48	9	0	48	48
Austin Ekeler	RB	WAS	2	69	35	50	20	10	28	30
Calvin Ridley	WR	TEN	7	250	36	58	0	14	7	14
Jordan Addison	WR	MIN	14	714	51	85	0	11	6	11
Tez Johnson	WR	TB	16	495	31	47	2	9	7	11
Brian Thomas Jr.	WR	JAC	14	741	53	78	0	12	7	13
Kalif Raymond	WR	DET	15	358	24	37	1	8	7	9
Dontayvion Wicks	WR	GB	14	408	29	47	0	11	8	12
Chig Okonkwo	TE	TEN	17	666	39	63	0	12	8	12
Ricky Pearsall	WR	SF	9	480	53	78	0	11	8	11
AJ Barner	TE	SEA	17	827	49	78	1	8	7	9
Keon Coleman	WR	BUF	13	576	44	65	0	10	7	10
Isaiah Williams	WR	NYJ	11	329	30	49	1	11	9	12
Adonai Mitchell	WR	NYJ	16	498	31	50	0	15	7	15
Isaac TeSlaa	WR	DET	17	436	26	40	0	6	4	6
DJ Moore	WR	CHI	17	979	58	85	2	9	7	10
Mack Hollins	WR	NE	15	657	44	68	0	10	7	10
Tre Tucker	WR	LV	17	942	55	95	1	10	7	11
Gunnar Helm	TE	TEN	16	533	33	53	0	10	8	10
Hunter Renfrow	WR	CAR	6	210	35	51	0	12	7	12
Xavier Worthy	WR	KC	14	645	46	70	2	11	8	13
David Njoku	TE	CLE	12	514	43	64	0	9	6	9
Sterling Shepard	WR	TB	13	495	38	57	1	11	9	12
Tanner McKee	QB	PHI	4	89	22	34	9	0	57	57
T.J. Hockenson	TE	MIN	15	691	46	79	0	10	8	10
John Metchie III	WR	NYJ	16	445	28	46	1	11	8	11
Jerome Ford	RB	CLE	13	269	21	31	9	12	19	21
Michael Mayer	TE	LV	13	465	36	60	0	11	8	11
Jonnu Smith	TE	PIT	17	536	32	52	2	10	9	12
Dawson Knox	TE	BUF	17	653	38	58	0	8	6	8
Pat Bryant	WR	DEN	15	475	32	48	0	10	7	10
Matthew Golden	WR	GB	14	452	32	53	2	10	9	12
Kendrick Bourne	WR	SF	16	594	37	57	0	9	6	9
Elijah Moore	WR	BUF	9	186	21	31	3	9	8	12
Jalen Nailor	WR	MIN	17	653	38	65	0	8	5	8
Tim Patrick	WR	JAC	16	336	21	31	0	7	4	7
Cooper Kupp	WR	SEA	16	768	48	76	0	9	6	9
Devaughn Vele	WR	NO	13	437	34	51	0	9	6	9
Mason Rudolph	QB	PIT	5	113	23	38	6	0	52	52
Elic Ayomanor	WR	TEN	16	787	49	80	0	11	5	11
Theo Johnson	TE	NYG	15	872	58	86	0	8	5	8
Tyler Lockett	WR	LV	17	498	29	50	0	11	6	11
Xavier Hutchinson	WR	HOU	17	672	40	58	0	8	6	9
Olamide Zaccheaus	WR	CHI	16	580	36	53	1	11	7	12
Terrance Ferguson	TE	LAR	13	356	27	41	0	7	3	7
Trey Lance	QB	LAC	4	100	25	40	17	0	74	74
Robbie Chosen	WR	WAS	3	72	24	38	0	13	7	13
Jaylin Lane	WR	WAS	15	348	23	37	0	9	5	9
Dyami Brown	WR	JAC	14	356	25	37	2	10	7	12
Curtis Samuel	WR	BUF	6	151	25	40	0	6	5	6
Xavier Legette	WR	CAR	15	642	43	69	0	10	6	10
Demarcus Robinson	WR	SF	14	420	30	46	0	8	5	9
Ja'Tavion Sanders	TE	CAR	13	393	30	49	0	9	7	9
Josh Oliver	TE	MIN	15	400	27	46	0	5	4	5
Mason Taylor	TE	NYJ	13	654	50	81	0	10	7	10
Kevin Austin Jr.	WR	NO	8	242	30	44	0	10	5	10
Darnell Washington	TE	PIT	16	546	34	57	0	8	6	8
Christian Kirk	WR	HOU	13	433	33	49	0	12	6	12
Shane Buechele	QB	KC	1	29	29	45	3	0	52	52
Joshua Palmer	WR	BUF	12	393	33	49	0	9	6	9
Jerry Jeudy	WR	CLE	17	921	54	85	0	12	6	12
Darius Slayton	WR	NYG	14	755	54	81	0	8	5	8
Noah Brown	WR	WAS	4	102	26	40	0	10	5	10
Gabe Davis	WR	BUF	6	238	40	58	0	8	5	8
Tyler Johnson	WR	NYJ	12	292	24	39	0	6	4	6
Hunter Long	TE	JAC	9	258	29	41	0	7	5	7
Isaiah Likely	TE	BAL	14	488	35	57	0	7	6	7
Tre' Harris	WR	LAC	17	555	33	49	0	8	6	8
Jack Bech	WR	LV	15	343	23	39	0	8	6	8
Cade Otton	TE	TB	16	993	62	93	0	8	6	8
Mitchell Evans	TE	CAR	17	393	23	37	0	6	5	7
Elijah Higgins	TE	ARI	17	475	28	42	0	8	6	8
Van Jefferson	WR	TEN	16	583	36	58	0	9	5	9
Brady Cook	QB	NYJ	5	296	59	98	4	0	56	56
JuJu Smith-Schuster	WR	KC	17	620	36	56	0	7	5	7
Cedric Tillman	WR	CLE	13	515	40	63	0	8	4	8
Elijah Arroyo	TE	SEA	13	316	24	39	0	8	5	8
Austin Hooper	TE	NE	16	512	32	50	0	5	4	5
Luke Musgrave	TE	GB	17	428	25	41	0	7	6	7
Jared Wayne	WR	HOU	1	35	35	44	0	6	6	6
Zay Jones	WR	ARI	8	271	34	50	0	7	4	7
Kyle Juszczyk	RB	SF	17	510	30	45	0	5	5	6
Isaiah Bond	WR	CLE	16	494	31	49	1	9	5	10
Will Dissly	TE	LAC	9	189	21	31	0	8	6	8
Jackson Hawes	TE	BUF	17	487	29	43	0	4	3	4
Andy Dalton	QB	CAR	4	97	24	37	5	0	43	43
Daniel Bellinger	TE	NYG	16	555	35	51	0	5	3	5
Davis Allen	TE	LAR	17	585	34	52	0	6	4	6
Andrei Iosivas	WR	CIN	17	851	50	77	0	7	4	7
Darnell Mooney	WR	ATL	15	778	52	82	0	9	4	9
Lil'Jordan Humphrey	WR	DEN	10	329	33	49	0	8	4	8
Tyrell Shavers	WR	BUF	17	441	26	39	0	5	3	5
Cole Kmet	TE	CHI	16	768	48	70	0	6	4	6
Adam Thielen	WR	PIT	16	387	24	39	0	9	5	9
Chris Oladokun	QB	KC	3	109	36	72	5	0	55	55
Rashod Bateman	WR	BAL	13	551	42	69	0	7	3	7
Jalen Tolbert	WR	DAL	13	464	36	51	0	7	4	7
Tommy Tremble	TE	CAR	17	636	37	60	0	6	4	6
Treylon Burks	WR	WAS	8	292	37	60	0	8	3	8
Brandin Cooks	WR	BUF	15	537	36	55	0	7	4	7
Jamari Thrash	WR	CLE	9	216	24	35	0	7	5	7
Jeremy Ruckert	TE	NYJ	17	494	29	47	0	6	5	6
Marquez Valdes-Scantling	WR	PIT	10	339	34	48	0	9	4	9
Aidan O'Connell	QB	LV	1	51	51	82	2	0	45	45
Brock Wright	TE	DET	11	401	36	57	0	5	3	5
Allen Lazard	WR	NYJ	10	250	25	39	0	7	4	7
Chris Moore	WR	WAS	14	429	31	49	0	5	3	6
Charlie Kolar	TE	BAL	17	402	24	40	0	4	2	4
Justin Watson	WR	HOU	3	68	23	38	0	6	4	6
David Sills V	WR	ATL	17	565	33	52	0	6	3	6
Josh Reynolds	WR	NYJ	5	273	55	83	0	8	4	8
Casey Washington	WR	ATL	7	181	26	40	0	8	3	8
Jahan Dotson	WR	PHI	17	599	35	57	0	6	3	6
Nate Adkins	TE	DEN	9	199	22	33	0	6	3	6
Ben Sinnott	TE	WAS	16	341	21	35	0	4	3	4
Josh Whyle	TE	GB	8	176	22	38	0	3	3	3
Jordan Whittington	WR	LAR	16	443	28	42	1	6	5	6
Ian Thomas	TE	LV	15	318	21	35	0	4	4	4
Cade Stover	TE	HOU	9	263	29	44	2	6	6	8
Isaiah Hodgins	WR	NYG	7	363	52	77	0	5	3	5
John FitzPatrick	TE	GB	15	335	22	35	0	4	4	4
Mo Alie-Cox	TE	IND	17	419	25	39	0	5	3	5
Luke Farrell	TE	SF	17	404	24	36	0	3	3	3
Jakobie Keeney-James	WR	GB	1	48	48	94	0	4	4	4
Noah Gray	TE	KC	16	545	34	52	0	7	4	7
Anthony Firkser	TE	DET	7	187	27	40	0	5	4	5
Luke Schoonmaker	TE	DAL	17	391	23	33	0	6	4	6
Julian Hill	TE	MIA	14	441	32	55	0	5	3	5
Adam Trautman	TE	DEN	17	651	38	57	0	4	3	4
Mason Tipton	WR	NO	13	297	23	35	1	6	5	7
Konata Mumpfield	WR	LAR	17	375	22	33	0	6	3	6
Ray-Ray McCloud III	WR	NYG	6	211	35	52	0	7	3	7
Dont'e Thornton Jr.	WR	LV	15	399	27	45	0	8	3	8
Grant Calcaterra	TE	PHI	15	380	25	40	0	3	2	3
John Bates	TE	WAS	15	479	32	51	0	3	2	3
Drew Sample	TE	CIN	17	595	35	54	0	3	3	4
Nick Westbrook-Ikhine	WR	MIA	15	386	26	44	0	5	3	5
Johnny Mundt	TE	JAC	16	389	24	36	0	5	2	5
Foster Moreau	TE	NO	11	253	23	35	0	4	3	4
Clayton Tune	QB	GB	2	59	30	60	8	0	34	34
Cooper Rush	QB	BAL	4	116	29	50	3	0	48	48
Jalin Hyatt	WR	NYG	7	171	24	34	0	8	3	8
Xavier Weaver	WR	ARI	9	272	30	45	0	5	3	5
Tip Reiman	TE	ARI	4	98	25	37	0	5	3	5
Max Brosmer	QB	MIN	7	178	25	44	4	0	44	44
Cedrick Wilson Jr.	WR	MIA	10	206	21	35	0	4	2	4
Alec Ingold	RB	MIA	17	363	21	37	1	3	3	4
Brandon Allen	QB	TEN	1	49	49	91	0	0	61	61
Arian Smith	WR	NYJ	16	376	24	38	1	4	3	5
Eric Saubert	TE	SEA	11	276	25	40	0	3	1	3
Shane Zylstra	TE	DET	5	164	33	48	0	3	2	3
Andre Baccellia	WR	ARI	4	92	23	32	0	4	2	4
Drake Dabney	TE	GB	2	52	26	53	0	4	2	4
Charlie Woerner	TE	ATL	17	565	33	52	0	2	1	2
Tucker Fisk	TE	LAC	10	233	23	34	0	2	1	2
Patrick Ricard	RB	BAL	11	274	25	41	0	1	1	1
Payne Durham	TE	TB	17	354	21	31	0	1	0	1
Russell Gage Jr.	WR	SF	1	28	28	37	0	0	0	0