Player	Team	Games	Boom	Top 12	Top 24	Top 36	Bust	Other
Saquon Barkley	PHI	16	44%	56%	81%	100%	0%	0%
Jahmyr Gibbs	DET	16	31%	56%	94%	100%	0%	0%
Bijan Robinson	ATL	16	44%	56%	88%	100%	0%	0%
Derrick Henry	BAL	16	38%	44%	81%	94%	0%	6%
De'Von Achane	MIA	16	31%	56%	63%	81%	19%	0%
Josh Jacobs	GB	16	25%	50%	88%	94%	6%	0%
Kyren Williams	LAR	16	19%	44%	75%	100%	0%	0%
Alvin Kamara	NO	14	21%	36%	93%	100%	0%	0%
James Cook	BUF	15	27%	53%	73%	87%	13%	0%
Chase Brown	CIN	16	31%	44%	75%	88%	13%	0%
James Conner	ARI	16	25%	44%	69%	81%	13%	6%
Chuba Hubbard	CAR	15	20%	40%	67%	87%	13%	0%
Joe Mixon	HOU	13	38%	46%	62%	92%	8%	0%
Aaron Jones Sr.	MIN	16	6%	38%	75%	88%	6%	6%
Bucky Irving	TB	16	19%	31%	69%	75%	19%	6%
Breece Hall	NYJ	15	20%	40%	60%	73%	13%	13%
David Montgomery	DET	14	7%	29%	86%	100%	0%	0%
Jonathan Taylor	IND	13	23%	38%	62%	85%	8%	8%
D'Andre Swift	CHI	16	6%	25%	44%	81%	13%	6%
Rachaad White	TB	15	13%	20%	53%	87%	13%	0%
Tony Pollard	TEN	15	0%	33%	53%	87%	13%	0%
Najee Harris	PIT	16	6%	13%	38%	88%	13%	0%
Rico Dowdle	DAL	15	0%	20%	40%	87%	13%	0%
J.K. Dobbins	LAC	12	17%	42%	58%	100%	0%	0%
Kenneth Walker	SEA	11	18%	36%	82%	91%	0%	9%
Zach Charbonnet	SEA	16	13%	19%	44%	56%	44%	0%
Rhamondre Stevenson	NE	15	13%	27%	53%	73%	27%	0%
Tyrone Tracy Jr.	NYG	16	13%	19%	44%	63%	31%	6%
Brian Robinson Jr.	WAS	13	0%	23%	62%	85%	15%	0%
Kareem Hunt	KC	13	8%	23%	54%	69%	31%	0%
Javonte Williams	DEN	16	6%	13%	31%	56%	38%	6%
Jerome Ford	CLE	14	7%	21%	29%	71%	29%	0%
Alexander Mattison	LV	13	0%	0%	38%	62%	31%	8%
Justice Hill	BAL	15	0%	13%	33%	53%	40%	7%
Austin Ekeler	WAS	11	0%	9%	55%	82%	18%	0%
Ameer Abdullah	LV	16	0%	13%	31%	44%	56%	0%
Jaylen Warren	PIT	14	0%	0%	21%	71%	29%	0%
Travis Etienne Jr.	JAC	14	0%	0%	36%	57%	29%	14%
Tank Bigsby	JAC	15	13%	13%	20%	47%	53%	0%
Jordan Mason	SF	12	17%	17%	25%	67%	33%	0%
Tyjae Spears	TEN	12	8%	17%	33%	58%	42%	0%
Ray Davis	BUF	16	0%	6%	25%	38%	63%	0%
Tyler Allgeier	ATL	16	0%	6%	13%	31%	69%	0%
Devin Singletary	NYG	15	0%	7%	20%	33%	67%	0%
Isaac Guerendo	SF	15	7%	13%	27%	40%	60%	0%
Antonio Gibson	NE	16	0%	0%	6%	31%	50%	19%
Jaleel McLaughlin	DEN	15	0%	0%	13%	33%	60%	7%
Ty Johnson	BUF	16	0%	0%	19%	25%	63%	13%
Cam Akers	MIN	15	0%	0%	13%	40%	60%	0%
Emanuel Wilson	GB	16	0%	0%	13%	31%	63%	6%
Zack Moss	CIN	9	0%	22%	33%	56%	33%	11%
Braelon Allen	NYJ	16	0%	6%	13%	25%	75%	0%
Samaje Perine	KC	16	0%	0%	6%	19%	75%	6%
Raheem Mostert	MIA	12	0%	0%	17%	25%	67%	8%
Roschon Johnson	CHI	12	0%	0%	8%	42%	50%	8%
Sean Tucker	TB	16	6%	6%	6%	13%	88%	0%
Gus Edwards	LAC	11	0%	9%	9%	18%	73%	9%
Jeremy McNichols	WAS	16	0%	6%	6%	19%	75%	6%
Nick Chubb	CLE	8	0%	13%	25%	38%	63%	0%
Kenny Gainwell	PHI	16	0%	0%	0%	19%	81%	0%
Ezekiel Elliott	DAL	15	0%	0%	7%	13%	80%	7%
Isiah Pacheco	KC	7	0%	0%	29%	43%	57%	0%
Emari Demercado	ARI	13	0%	0%	15%	15%	85%	0%
Trey Sermon	IND	16	0%	6%	6%	13%	88%	0%
Dare Ogunbowale	HOU	16	0%	0%	13%	13%	88%	0%
Miles Sanders	CAR	10	0%	0%	10%	30%	70%	0%
Christian McCaffrey	SF	4	0%	0%	50%	100%	0%	0%
Trey Benson	ARI	13	0%	0%	8%	15%	85%	0%
Kyle Juszczyk	SF	16	0%	0%	0%	13%	88%	0%
Tyler Goodson	IND	15	0%	0%	0%	27%	73%	0%
Isaiah Davis	NYJ	13	0%	0%	15%	15%	85%	0%
Audric Estime	DEN	12	0%	0%	0%	8%	92%	0%
Cordarrelle Patterson	PIT	12	0%	0%	0%	33%	67%	0%
Chris Brooks	GB	12	0%	0%	0%	8%	83%	8%
Pierre Strong Jr.	CLE	13	0%	0%	0%	15%	85%	0%
Jamaal Williams	NO	13	0%	0%	8%	8%	92%	0%
Kimani Vidal	LAC	9	0%	0%	11%	11%	89%	0%
D'Ernest Johnson	JAC	12	0%	0%	0%	8%	83%	8%
Chris Rodriguez Jr.	WAS	7	0%	0%	14%	29%	71%	0%
Blake Corum	LAR	14	0%	0%	0%	0%	100%	0%
Zamir White	LV	8	0%	0%	0%	0%	75%	25%
Kendre Miller	NO	7	0%	0%	0%	14%	86%	0%
Michael Burton	DEN	16	0%	0%	0%	6%	88%	6%
JaMycal Hasty	NE	14	0%	0%	7%	7%	93%	0%
Ty Chandler	MIN	15	0%	0%	0%	13%	87%	0%
D'Onta Foreman	CLE	10	0%	0%	0%	0%	70%	30%
Sincere McCormick	LV	4	0%	0%	0%	50%	50%	0%
Jaylen Wright	MIA	14	0%	0%	0%	7%	93%	0%
Hunter Luepke	DAL	15	0%	0%	0%	0%	93%	7%
Hassan Haskins	LAC	14	0%	0%	7%	7%	86%	7%
Alec Ingold	MIA	14	0%	0%	0%	0%	93%	7%
Jordan Mims	NO	8	0%	0%	0%	13%	88%	0%
Dameon Pierce	HOU	10	0%	0%	10%	10%	90%	0%
Michael Carter	ARI	3	0%	0%	0%	67%	33%	0%
Carson Steele	KC	15	0%	0%	0%	7%	93%	0%
Kenny McIntosh	SEA	11	0%	0%	0%	0%	91%	9%
DeeJay Dallas	ARI	15	0%	0%	0%	0%	93%	7%
Craig Reynolds	DET	13	0%	0%	0%	8%	92%	0%
Patrick Taylor Jr.	SF	8	0%	0%	0%	13%	88%	0%
Khalil Herbert	CIN	12	0%	0%	0%	8%	92%	0%
Eric Gray	NYG	15	0%	0%	0%	0%	93%	7%
Patrick Ricard	BAL	16	0%	0%	0%	6%	94%	0%
C.J. Ham	MIN	16	0%	0%	0%	0%	94%	6%
Julius Chestnut	TEN	13	0%	0%	0%	0%	100%	0%
Jeff Wilson Jr.	MIA	8	0%	0%	0%	0%	100%	0%
Tyler Badie	DEN	3	0%	0%	0%	0%	67%	33%
Deuce Vaughn	DAL	5	0%	0%	0%	0%	100%	0%
Sione Vaki	DET	12	0%	0%	0%	0%	100%	0%
Jonathon Brooks	CAR	3	0%	0%	0%	0%	67%	33%
Travis Homer	CHI	9	0%	0%	0%	0%	100%	0%
J.J. Taylor	HOU	4	0%	0%	0%	0%	100%	0%
Ronnie Rivers	LAR	6	0%	0%	0%	0%	100%	0%
Kene Nwangwu	NYJ	2	0%	0%	0%	0%	100%	0%
Keaton Mitchell	BAL	3	0%	0%	0%	0%	100%	0%
Will Shipley	PHI	12	0%	0%	0%	0%	100%	0%
Clyde Edwards-Helaire	NO	1	0%	0%	0%	0%	100%	0%
Jermar Jefferson	DET	2	0%	0%	0%	0%	100%	0%
Dalvin Cook	DAL	2	0%	0%	0%	0%	100%	0%
Mike Boone	CAR	4	0%	0%	0%	0%	100%	0%
Raheem Blackshear	CAR	15	0%	0%	0%	0%	100%	0%
Blake Watson	DEN	3	0%	0%	0%	0%	100%	0%
Jase McClellan	ATL	3	0%	0%	0%	0%	100%	0%
Rasheen Ali	BAL	4	0%	0%	0%	0%	100%	0%
MarShawn Lloyd	GB	1	0%	0%	0%	0%	100%	0%
Jonathan Ward	PIT	4	0%	0%	0%	0%	100%	0%
Myles Gaskin	JAC	4	0%	0%	0%	0%	100%	0%
George Holani	SEA	3	0%	0%	0%	0%	100%	0%
Aaron Shampklin	PIT	3	0%	0%	0%	0%	100%	0%
Terrell Jennings	NE	1	0%	0%	0%	0%	100%	0%
Tyreik McAllister	LV	2	0%	0%	0%	0%	100%	0%
Tyrion Davis-Price	PHI	1	0%	0%	0%	0%	100%	0%
Chris Collier	LV	5	0%	0%	0%	0%	100%	0%
Ke'Shawn Vaughn	SF	1	0%	0%	0%	0%	100%	0%
Reggie Gilliam	BUF	13	0%	0%	0%	0%	100%	0%
Darrynton Evans	CHI	2	0%	0%	0%	0%	100%	0%
British Brooks	HOU	3	0%	0%	0%	0%	100%	0%
Adam Prentice	NO	16	0%	0%	0%	0%	100%	0%
Khari Blasingame	PHI	4	0%	0%	0%	0%	100%	0%
Jakob Johnson	NYG	3	0%	0%	0%	0%	100%	0%
Trayveon Williams	CIN	7	0%	0%	0%	0%	100%	0%
#N/A	#N/A	1	0%	0%	0%	0%	100%	0%
Avery Williams	ATL	16	0%	0%	0%	0%	100%	0%
John Kelly Jr.	LAC	1	0%	0%	0%	0%	100%	0%
Keaontay Ingram	KC	1	0%	0%	0%	0%	100%	0%
Gary Brightwell	CIN	1	0%	0%	0%	0%	100%	0%
Dante Miller	NYG	2	0%	0%	0%	0%	100%	0%
D.J. Williams	TB	1	0%	0%	0%	0%	100%	0%
Jabari Small	TEN	1	0%	0%	0%	0%	100%	0%
La'Mical Perine	PIT	1	0%	0%	0%	0%	100%	0%
Troy Hairston	HOU	2	0%	0%	0%	0%	100%	0%
Evan Hull	IND	1	0%	0%	0%	0%	100%	0%
Kendall Milton	CIN	1	0%	0%	0%	0%	100%	0%
Joshua Kelley	TEN	1	0%	0%	0%	0%	100%	0%
Nyheim Miller-Hines	CLE	2	0%	0%	0%	0%	100%	0%
Keilan Robinson	JAC	2	0%	0%	0%	0%	100%	0%
Dylan Laube	LV	5	0%	0%	0%	0%	100%	0%
