Player	Team	Games	Boom	Top 12	Top 24	Top 36	Top 48	Bust	Other
Ja'Marr Chase	CIN	16	31%	50%	75%	94%	94%	0%	6%
Justin Jefferson	MIN	16	13%	50%	81%	88%	94%	6%	0%
Amon-Ra St. Brown	DET	16	19%	38%	63%	81%	94%	6%	0%
Brian Thomas Jr.	JAC	16	13%	38%	56%	75%	81%	19%	0%
CeeDee Lamb	DAL	15	13%	27%	67%	80%	87%	7%	7%
Malik Nabers	NYG	14	21%	36%	57%	86%	93%	0%	7%
Jaxon Smith-Njigba	SEA	16	6%	25%	44%	69%	75%	25%	0%
Terry McLaurin	WAS	16	13%	25%	69%	75%	75%	19%	6%
Garrett Wilson	NYJ	16	19%	19%	38%	69%	88%	13%	0%
Drake London	ATL	16	6%	6%	50%	69%	88%	6%	6%
Jerry Jeudy	CLE	16	13%	25%	31%	69%	75%	25%	0%
Ladd McConkey	LAC	15	13%	20%	47%	67%	73%	7%	20%
Mike Evans	TB	13	23%	46%	46%	62%	77%	15%	8%
Davante Adams	NYJ	13	23%	31%	46%	54%	85%	8%	8%
Courtland Sutton	DEN	16	6%	13%	56%	69%	75%	19%	6%
A.J. Brown	PHI	13	8%	38%	54%	85%	85%	8%	8%
DJ Moore	CHI	16	13%	19%	31%	56%	75%	19%	6%
Tyreek Hill	MIA	16	13%	19%	31%	63%	69%	25%	6%
Tee Higgins	CIN	11	27%	27%	64%	82%	82%	18%	0%
Jordan Addison	MIN	14	14%	21%	43%	57%	71%	29%	0%
Puka Nacua	LAR	11	18%	36%	73%	82%	82%	9%	9%
Zay Flowers	BAL	16	6%	19%	38%	50%	69%	25%	6%
Jameson Williams	DET	14	21%	29%	43%	71%	79%	14%	7%
DeVonta Smith	PHI	13	15%	31%	62%	69%	77%	23%	0%
Jauan Jennings	SF	14	21%	21%	29%	50%	71%	29%	0%
Nico Collins	HOU	11	18%	27%	64%	82%	100%	0%	0%
Darnell Mooney	ATL	16	6%	13%	31%	50%	63%	38%	0%
Jayden Reed	GB	16	13%	13%	31%	38%	63%	31%	6%
Jakobi Meyers	LV	14	0%	14%	43%	57%	86%	14%	0%
Calvin Ridley	TEN	16	13%	19%	25%	50%	63%	25%	13%
Xavier Worthy	KC	16	0%	19%	38%	50%	69%	31%	0%
Khalil Shakir	BUF	15	0%	7%	33%	53%	73%	27%	0%
Keenan Allen	CHI	14	14%	36%	36%	36%	43%	36%	21%
Marvin Harrison Jr.	ARI	16	6%	13%	44%	44%	50%	38%	13%
DK Metcalf	SEA	14	7%	14%	29%	43%	64%	14%	21%
Cooper Kupp	LAR	12	17%	33%	58%	58%	58%	33%	8%
Wan'Dale Robinson	NYG	16	0%	0%	19%	38%	63%	13%	25%
Josh Downs	IND	13	0%	15%	46%	62%	62%	38%	0%
George Pickens	PIT	13	0%	15%	38%	54%	69%	15%	15%
Rashod Bateman	BAL	16	0%	13%	25%	38%	44%	44%	13%
Deebo Samuel Sr.	SF	15	7%	13%	27%	40%	53%	47%	0%
Michael Pittman Jr.	IND	15	7%	7%	20%	33%	60%	33%	7%
Alec Pierce	IND	15	0%	20%	33%	33%	47%	53%	0%
DeAndre Hopkins	KC	16	6%	6%	13%	31%	50%	44%	6%
Quentin Johnston	LAC	14	0%	14%	29%	43%	57%	43%	0%
DeMario Douglas	NE	16	0%	6%	13%	31%	56%	38%	6%
Rome Odunze	CHI	16	0%	13%	19%	25%	44%	50%	6%
Jaylen Waddle	MIA	15	7%	13%	20%	27%	53%	33%	13%
Tank Dell	HOU	14	0%	7%	21%	29%	57%	29%	14%
Jalen Tolbert	DAL	16	0%	6%	6%	25%	44%	38%	19%
Chris Godwin Jr.	TB	7	29%	43%	57%	100%	100%	0%	0%
Romeo Doubs	GB	13	0%	0%	31%	31%	54%	31%	15%
Adam Thielen	CAR	9	11%	22%	44%	56%	78%	11%	11%
Ray-Ray McCloud	ATL	16	0%	0%	6%	25%	44%	50%	6%
Nick Westbrook-Ikhine	TEN	16	0%	6%	19%	31%	44%	50%	6%
Michael Wilson	ARI	16	0%	0%	0%	25%	38%	50%	13%
Tre Tucker	LV	16	0%	6%	19%	25%	31%	63%	6%
Amari Cooper	BUF	14	7%	7%	21%	29%	36%	43%	21%
Stefon Diggs	HOU	8	0%	13%	50%	75%	75%	0%	25%
Calvin Austin	PIT	16	0%	6%	19%	25%	38%	63%	0%
Xavier Legette	CAR	15	0%	0%	7%	27%	40%	47%	13%
Andrei Iosivas	CIN	16	0%	0%	6%	25%	31%	50%	19%
Jalen McMillan	TB	12	0%	17%	33%	33%	50%	50%	0%
Tyler Lockett	SEA	16	0%	0%	13%	25%	44%	56%	0%
Elijah Moore	CLE	16	0%	0%	19%	19%	31%	69%	0%
Demarcus Robinson	LAR	16	6%	6%	13%	25%	31%	63%	6%
Darius Slayton	NYG	15	7%	7%	13%	20%	40%	60%	0%
Allen Lazard	NYJ	11	9%	18%	18%	36%	55%	45%	0%
Marvin Mims Jr.	DEN	16	6%	6%	13%	19%	25%	69%	6%
Joshua Palmer	LAC	15	0%	0%	0%	13%	33%	60%	7%
Keon Coleman	BUF	12	0%	0%	17%	33%	50%	33%	17%
Christian Watson	GB	14	0%	0%	14%	21%	57%	36%	7%
Olamide Zaccheaus	WAS	16	0%	13%	13%	19%	19%	81%	0%
Dontayvion Wicks	GB	16	6%	6%	6%	19%	31%	63%	6%
Kayshon Boutte	NE	14	0%	7%	14%	14%	29%	57%	14%
KaVontae Turpin	DAL	16	0%	0%	6%	13%	19%	69%	13%
Jalen Nailor	MIN	16	0%	0%	6%	25%	31%	56%	13%
Mack Hollins	BUF	16	0%	0%	6%	19%	25%	63%	13%
Devaughn Vele	DEN	12	0%	0%	0%	33%	50%	50%	0%
Tutu Atwell	LAR	16	0%	0%	0%	19%	25%	63%	13%
Tim Patrick	DET	15	0%	7%	7%	13%	27%	67%	7%
Parker Washington	JAC	16	6%	6%	6%	19%	19%	69%	13%
Noah Brown	WAS	11	0%	0%	9%	18%	45%	55%	0%
Diontae Johnson	HOU	11	9%	18%	27%	27%	27%	73%	0%
Cedric Tillman	CLE	11	9%	9%	27%	27%	27%	64%	9%
Rashid Shaheed	NO	6	0%	17%	67%	67%	67%	17%	17%
Jalen Coker	CAR	10	0%	10%	20%	20%	30%	70%	0%
Tyler Boyd	TEN	16	0%	0%	0%	6%	13%	88%	0%
Marquez Valdes-Scantling	NO	13	8%	8%	15%	23%	38%	62%	0%
Sterling Shepard	TB	13	0%	0%	0%	0%	15%	54%	31%
David Moore	CAR	16	0%	6%	6%	13%	19%	75%	6%
Chris Olave	NO	8	0%	13%	38%	50%	50%	50%	0%
Ricky Pearsall	SF	10	10%	10%	20%	30%	30%	60%	10%
Christian Kirk	JAC	8	0%	0%	25%	38%	38%	50%	13%
Greg Dortch	ARI	16	0%	0%	0%	0%	13%	75%	13%
Brandin Cooks	DAL	9	0%	0%	0%	11%	33%	44%	22%
Rashee Rice	KC	4	25%	25%	75%	75%	75%	25%	0%
Troy Franklin	DEN	15	0%	0%	0%	7%	20%	80%	0%
Brandon Aiyuk	SF	7	0%	14%	14%	14%	29%	57%	14%
Dyami Brown	WAS	15	0%	0%	0%	7%	7%	80%	13%
Kendrick Bourne	NE	11	0%	0%	9%	9%	9%	64%	27%
Justin Watson	KC	16	0%	0%	0%	6%	6%	81%	13%
Lil'Jordan Humphrey	DEN	16	0%	0%	6%	6%	19%	81%	0%
Van Jefferson	PIT	16	0%	0%	0%	0%	13%	81%	6%
Kalif Raymond	DET	11	0%	0%	9%	27%	27%	73%	0%
Gabe Davis	JAC	10	0%	10%	10%	10%	20%	70%	10%
Adonai Mitchell	IND	16	0%	0%	0%	6%	13%	88%	0%
Mike Williams	PIT	17	0%	0%	0%	0%	12%	88%	0%
JuJu Smith-Schuster	KC	13	0%	0%	8%	8%	15%	77%	8%
Curtis Samuel	BUF	13	0%	0%	8%	8%	8%	77%	15%
John Metchie	HOU	12	0%	0%	8%	8%	17%	83%	0%
Nelson Agholor	BAL	14	0%	0%	0%	7%	7%	86%	7%
Tyler Johnson	LAR	14	0%	0%	0%	7%	14%	86%	0%
DJ Turner	LV	13	0%	0%	0%	8%	8%	85%	8%
Malik Washington	MIA	13	0%	0%	0%	0%	15%	85%	0%
Cedrick Wilson Jr.	NO	14	0%	0%	7%	7%	7%	93%	0%
Jordan Whittington	LAR	14	0%	0%	7%	14%	14%	86%	0%
Derius Davis	LAC	14	0%	0%	0%	0%	14%	86%	0%
Ryan Miller	TB	10	0%	0%	0%	0%	10%	90%	0%
Tylan Wallace	BAL	16	0%	6%	6%	6%	6%	94%	0%
Josh Reynolds	JAC	8	0%	0%	0%	13%	25%	63%	13%
Jalen Brooks	DAL	13	0%	0%	0%	0%	8%	92%	0%
Trey Palmer	TB	14	0%	0%	0%	7%	7%	93%	0%
Luke McCaffrey	WAS	16	0%	0%	0%	0%	0%	94%	6%
Robert Woods	HOU	14	0%	0%	0%	0%	0%	100%	0%
Mecole Hardman Jr.	KC	12	0%	0%	0%	8%	8%	83%	8%
Ja'Lynn Polk	NE	15	0%	0%	0%	0%	7%	87%	7%
KhaDarel Hodge	ATL	15	0%	0%	0%	7%	7%	93%	0%
Jamison Crowder	WAS	5	0%	0%	20%	20%	20%	80%	0%
Jonathan Mingo	DAL	16	0%	0%	0%	0%	0%	100%	0%
Bub Means	NO	7	0%	0%	14%	14%	14%	86%	0%
Jahan Dotson	PHI	16	0%	0%	0%	0%	0%	100%	0%
Kevin Austin Jr.	NO	7	0%	0%	0%	0%	0%	100%	0%
Mason Tipton	NO	11	0%	0%	0%	0%	9%	91%	0%
Malik Heath	GB	11	0%	0%	0%	0%	9%	82%	9%
Dante Pettis	NO	7	0%	0%	0%	0%	0%	100%	0%
Bo Melton	GB	16	0%	0%	0%	0%	0%	100%	0%
Trent Sherfield Sr.	MIN	16	0%	0%	0%	0%	0%	94%	6%
Jake Bobo	SEA	16	0%	0%	0%	0%	0%	100%	0%
Xavier Hutchinson	HOU	15	0%	0%	0%	0%	0%	100%	0%
Rakim Jarrett	TB	9	0%	0%	0%	0%	11%	89%	0%
Ashton Dulin	IND	14	0%	0%	0%	7%	7%	93%	0%
Devin Duvernay	JAC	12	0%	0%	0%	0%	0%	92%	8%
K.J. Osborn	WAS	8	0%	0%	0%	0%	13%	88%	0%
Hollywood Brown	KC	2	0%	0%	0%	0%	100%	0%	0%
Simi Fehoko	LAC	8	0%	0%	0%	0%	0%	88%	13%
Parris Campbell	PHI	5	0%	0%	0%	20%	20%	80%	0%
Ryan Flournoy	DAL	10	0%	0%	0%	0%	0%	100%	0%
Jermaine Burton	CIN	14	0%	0%	0%	0%	0%	100%	0%
Jalen Reagor	LAC	8	0%	0%	0%	0%	0%	100%	0%
Odell Beckham Jr.	MIA	9	0%	0%	0%	0%	0%	100%	0%
Jalin Hyatt	NYG	15	0%	0%	0%	0%	0%	93%	7%
DeAndre Carter	CHI	13	0%	0%	0%	0%	0%	100%	0%
Brandon Powell	MIN	16	0%	0%	0%	0%	0%	100%	0%
Xavier Gipson	NYJ	16	0%	0%	0%	0%	0%	100%	0%
Tyrell Shavers	BUF	3	0%	0%	0%	33%	33%	67%	0%
Michael Woods	CLE	5	0%	0%	0%	0%	0%	80%	20%
Bryce Oliver	TEN	9	0%	0%	0%	0%	0%	100%	0%
Scotty Miller	PIT	13	0%	0%	0%	0%	0%	100%	0%
Ben Skowronek	PIT	9	0%	0%	0%	0%	0%	100%	0%
Laviska Shenault Jr.	LAC	12	0%	0%	0%	0%	0%	100%	0%
Britain Covey	PHI	5	0%	0%	0%	0%	0%	80%	20%
Kristian Wilkerson	LV	2	0%	0%	0%	0%	50%	50%	0%
Johnny Wilson	PHI	15	0%	0%	0%	0%	0%	93%	7%
Devontez Walker	BAL	6	0%	0%	0%	0%	17%	83%	0%
Tyquan Thornton	KC	6	0%	0%	0%	0%	0%	100%	0%
Zay Jones	ARI	10	0%	0%	0%	0%	0%	100%	0%
Treylon Burks	TEN	5	0%	0%	0%	0%	0%	100%	0%
Dee Eskridge	MIA	6	0%	0%	0%	0%	0%	100%	0%
Tim Jones	JAC	15	0%	0%	0%	0%	0%	100%	0%
Terrace Marshall Jr.	LV	6	0%	0%	0%	0%	0%	100%	0%
Deven Thompkins	CAR	7	0%	0%	0%	0%	0%	100%	0%
Dan Chisena	CAR	5	0%	0%	0%	0%	0%	100%	0%
Cody White	SEA	4	0%	0%	0%	0%	0%	100%	0%
Alex Bachman	LV	5	0%	0%	0%	0%	0%	100%	0%
Allen Robinson	DET	12	0%	0%	0%	0%	0%	100%	0%
Ihmir Smith-Marsette	NYG	14	0%	0%	0%	0%	0%	100%	0%
River Cracraft	MIA	7	0%	0%	0%	0%	0%	100%	0%
David Bell	CLE	1	0%	0%	0%	0%	0%	100%	0%
Xavier Smith	LAR	14	0%	0%	0%	0%	0%	100%	0%
DJ Chark Jr.	LAC	6	0%	0%	0%	0%	0%	100%	0%
Charlie Jones	CIN	8	0%	0%	0%	0%	0%	100%	0%
Malachi Corley	NYJ	7	0%	0%	0%	0%	0%	100%	0%
Jamari Thrash	CLE	8	0%	0%	0%	0%	0%	100%	0%
Jacob Cowing	SF	14	0%	0%	0%	0%	0%	100%	0%
Trenton Irwin	CAR	7	0%	0%	0%	0%	0%	100%	0%
Ronnie Bell	SF	8	0%	0%	0%	0%	0%	100%	0%
Austin Trammell	JAC	1	0%	0%	0%	0%	0%	100%	0%
Ainias Smith	PHI	6	0%	0%	0%	0%	0%	100%	0%
Mason Kinsey	TEN	5	0%	0%	0%	0%	0%	100%	0%
Chris Conley	SF	14	0%	0%	0%	0%	0%	100%	0%
Anthony Gould	IND	7	0%	0%	0%	0%	0%	100%	0%
Isaiah Hodgins	NYG	3	0%	0%	0%	0%	0%	100%	0%
Grant DuBose	MIA	3	0%	0%	0%	0%	0%	100%	0%
James Proche	CLE	8	0%	0%	0%	0%	0%	100%	0%
Chris Blair	ATL	2	0%	0%	0%	0%	0%	100%	0%
Isaiah Williams	CIN	7	0%	0%	0%	0%	0%	100%	0%
Anthony Miller	BAL	2	0%	0%	0%	0%	0%	100%	0%
Casey Washington	ATL	2	0%	0%	0%	0%	0%	100%	0%
Brandon Johnson	PIT	3	0%	0%	0%	0%	0%	100%	0%
Kendric Pryor	CIN	1	0%	0%	0%	0%	0%	100%	0%
Ramel Keyton	LV	7	0%	0%	0%	0%	0%	100%	0%
Collin Johnson	CHI	8	0%	0%	0%	0%	0%	100%	0%
Jaelon Darden	SEA	10	0%	0%	0%	0%	0%	100%	0%
John Ross	PHI	1	0%	0%	0%	0%	0%	100%	0%
Robbie Chosen	MIA	2	0%	0%	0%	0%	0%	100%	0%
Tyler Scott	CHI	10	0%	0%	0%	0%	0%	100%	0%
Kameron Johnson	TB	5	0%	0%	0%	0%	0%	100%	0%
Velus Jones Jr.	CAR	2	0%	0%	0%	0%	0%	100%	0%
Brycen Tremayne	WAS	2	0%	0%	0%	0%	0%	100%	0%
Chris Moore	WAS	5	0%	0%	0%	0%	0%	100%	0%
Zach Pascal	ARI	13	0%	0%	0%	0%	0%	100%	0%
Elijah Cooks	JAC	3	0%	0%	0%	0%	0%	100%	0%
Trishton Jackson	MIN	2	0%	0%	0%	0%	0%	100%	0%
Marquez Callaway	TB	2	0%	0%	0%	0%	0%	100%	0%
#N/A	#N/A	12	0%	0%	0%	0%	0%	100%	0%
Skyy Moore	KC	6	0%	0%	0%	0%	0%	100%	0%
Deonte Harty	BAL	5	0%	0%	0%	0%	0%	100%	0%
Quinton Bell	MIA	15	0%	0%	0%	0%	0%	100%	0%
Braxton Berrios	MIA	8	0%	0%	0%	0%	0%	100%	0%
Dareke Young	SEA	11	0%	0%	0%	0%	0%	100%	0%
Tom Kennedy	DET	4	0%	0%	0%	0%	0%	100%	0%
Jalen Guyton	LV	1	0%	0%	0%	0%	0%	100%	0%
Javon Baker	NE	9	0%	0%	0%	0%	0%	100%	0%
Irv Charles	NYJ	11	0%	0%	0%	0%	0%	100%	0%
Bryce Ford-Wheaton	NYG	6	0%	0%	0%	0%	0%	100%	0%
Erik Ezukanma	MIA	2	0%	0%	0%	0%	0%	100%	0%
Cody Thompson	TB	1	0%	0%	0%	0%	0%	100%	0%
KJ Hamler	BUF	1	0%	0%	0%	0%	0%	100%	0%
Trent Taylor	SF	1	0%	0%	0%	0%	0%	100%	0%
Xavier Weaver	ARI	1	0%	0%	0%	0%	0%	100%	0%
Equanimeous St. Brown	NO	3	0%	0%	0%	0%	0%	100%	0%
Roman Wilson	PIT	1	0%	0%	0%	0%	0%	100%	0%
Justin Shorter	LV	7	0%	0%	0%	0%	0%	100%	0%
Brenden Rice	LAC	1	0%	0%	0%	0%	0%	100%	0%
Jaylen Johnson	LAC	1	0%	0%	0%	0%	0%	100%	0%
Jalen Virgil	BUF	7	0%	0%	0%	0%	0%	100%	0%
Montrell Washington	KC	1	0%	0%	0%	0%	0%	100%	0%
Justin Hardee Sr.	TEN	3	0%	0%	0%	0%	0%	100%	0%
Justyn Ross	KC	2	0%	0%	0%	0%	0%	100%	0%
Jalen Moreno-Cropper	DAL	1	0%	0%	0%	0%	0%	100%	0%
Seth Williams	DAL	2	0%	0%	0%	0%	0%	100%	0%
Kazmeir Allen	WAS	1	0%	0%	0%	0%	0%	100%	0%
Maurice Alexander	DET	2	0%	0%	0%	0%	0%	100%	0%
Jared Wayne	HOU	3	0%	0%	0%	0%	0%	100%	0%
Laquon Treadwell	IND	1	0%	0%	0%	0%	0%	100%	0%
Joshua Cephus	JAC	1	0%	0%	0%	0%	0%	100%	0%
Nikko Remigio	KC	4	0%	0%	0%	0%	0%	100%	0%
Brandon Smith	NYJ	1	0%	0%	0%	0%	0%	100%	0%
Alex Erickson	NE	2	0%	0%	0%	0%	0%	100%	0%
Jermaine Jackson	NO	4	0%	0%	0%	0%	0%	100%	0%
Steven Sims Jr.	BAL	8	0%	0%	0%	0%	0%	100%	0%
Kadarius Toney	CLE	3	0%	0%	0%	0%	0%	100%	0%
Jha'Quan Jackson	TEN	12	0%	0%	0%	0%	0%	100%	0%
Dee Williams	NYG	13	0%	0%	0%	0%	0%	100%	0%
