Player	Team	TGT	TGT %	REC	RecYDS	Y/R	20+Rec	RecTD	RushATT	RushYDS	RushTD	FL	G
Ja'Marr Chase	CIN	175	28.2	127	1,708	13.4	19	17	3	32	0	0	17
Justin Jefferson	MIN	154	29.5	103	1,533	14.9	28	10	1	3	0	0	17
Amon-Ra St. Brown	DET	141	27	115	1,263	11	14	12	2	6	0	1	17
Brian Thomas Jr.	JAC	133	25.5	87	1,282	14.7	18	10	6	48	0	0	17
Drake London	ATL	158	29.5	100	1,271	12.7	12	9	1	-3	0	0	17
Malik Nabers	NYG	170	30.4	109	1,204	11	16	7	5	2	0	0	15
Terry McLaurin	WAS	117	23.4	82	1,096	13.4	12	13	2	2	0	1	17
CeeDee Lamb	DAL	152	24.4	101	1,194	11.8	16	6	14	70	0	1	15
Jaxon Smith-Njigba	SEA	137	24.1	100	1,130	11.3	14	6	5	26	0	0	17
Garrett Wilson	NYJ	154	26.2	101	1,104	10.9	16	7	2	5	0	2	17
Davante Adams	NYJ	141	23.8	85	1,063	12.5	16	8	0	0	0	0	14
Jerry Jeudy	CLE	145	22.8	90	1,229	13.7	13	4	0	0	0	0	17
Ladd McConkey	LAC	112	22.7	82	1,149	14	15	7	0	0	0	0	16
Mike Evans	TB	110	19.6	74	1,004	13.6	15	11	0	0	0	0	14
Courtland Sutton	DEN	135	24.4	81	1,081	13.3	17	8	0	0	0	1	17
DJ Moore	CHI	140	26.3	98	966	9.9	11	6	14	75	0	1	17
Tee Higgins	CIN	109	17.5	73	911	12.5	12	10	0	0	0	1	12
Tyreek Hill	MIA	123	21.8	81	959	11.8	13	6	8	53	0	0	17
Jakobi Meyers	LV	129	21.7	87	1,027	11.8	16	4	2	23	0	0	15
A.J. Brown	PHI	97	23.3	67	1,079	16.1	17	7	0	0	0	0	13
Jordan Addison	MIN	99	19.1	63	875	13.9	13	9	3	20	1	0	15
Jameson Williams	DET	91	17.4	58	1,001	17.3	17	7	11	61	1	0	15
Nico Collins	HOU	99	18	68	1,006	14.8	14	7	0	0	0	0	12
Jauan Jennings	SF	113	22.1	77	975	12.7	12	6	0	0	0	0	15
Zay Flowers	BAL	116	25.3	74	1,059	14.3	19	4	9	56	0	0	17
Puka Nacua	LAR	106	19.7	79	990	12.5	11	3	11	46	1	0	11
DeVonta Smith	PHI	89	21.3	68	833	12.3	14	8	1	1	0	0	13
Calvin Ridley	TEN	120	24	64	1,017	15.9	19	4	8	55	1	1	17
Jayden Reed	GB	75	16.1	55	857	15.6	15	6	20	163	1	1	17
Marvin Harrison Jr.	ARI	116	21.9	62	885	14.3	14	8	0	0	0	1	17
Darnell Mooney	ATL	106	19.7	64	992	15.5	21	5	0	0	0	0	16
DK Metcalf	SEA	108	19	66	992	15	20	5	0	0	0	2	15
Xavier Worthy	KC	98	17.3	59	638	10.8	4	6	20	104	3	0	17
Keenan Allen	CHI	121	22.8	70	744	10.6	9	7	0	0	0	0	15
Josh Downs	IND	107	21.4	72	803	11.2	10	5	1	12	0	0	14
Wan'Dale Robinson	NYG	140	25.2	93	699	7.5	4	3	3	18	0	0	17
Khalil Shakir	BUF	100	20	76	821	10.8	9	4	2	4	0	0	15
Cooper Kupp	LAR	100	18.6	67	710	10.6	10	6	2	10	0	0	12
Quentin Johnston	LAC	91	18.4	55	711	12.9	12	8	3	6	0	0	15
Rashod Bateman	BAL	72	16.1	45	756	16.8	11	9	0	0	0	0	17
Michael Pittman Jr.	IND	111	22.2	69	808	11.7	12	3	0	0	0	1	16
George Pickens	PIT	103	22.3	59	900	15.3	17	3	2	-6	0	1	14
Alec Pierce	IND	69	13.8	37	824	22.3	13	7	0	0	0	0	16
Deebo Samuel Sr.	SF	81	16.1	51	670	13.1	10	3	42	136	1	1	15
Jalen Tolbert	DAL	79	12.7	49	610	12.4	8	7	0	0	0	0	17
Jaylen Waddle	MIA	83	14.9	58	744	12.8	12	2	4	12	0	0	16
DeMario Douglas	NE	87	17.4	66	621	9.4	8	3	3	16	0	0	17
DeAndre Hopkins	KC	80	14.7	56	610	10.9	6	5	0	0	0	0	16
Rome Odunze	CHI	101	19	54	734	13.6	8	3	3	15	0	1	17
Ray-Ray McCloud III	ATL	87	16.1	62	686	11.1	8	1	10	79	0	2	17
Tank Dell	HOU	81	14.6	51	667	13.1	9	3	9	43	0	0	14
Adam Thielen	CAR	62	12.2	48	615	12.8	9	5	0	0	0	0	10
Chris Godwin Jr.	TB	62	11	50	576	11.5	7	5	1	2	0	0	7
Nick Westbrook-Ikhine	TEN	60	12	32	497	15.5	4	9	0	0	0	0	14
Jalen McMillan	TB	58	10.3	37	461	12.5	8	8	4	43	0	0	13
Romeo Doubs	GB	72	15.5	46	601	13.1	8	4	0	0	0	0	13
Marvin Mims Jr.	DEN	52	9.5	39	503	12.9	7	6	13	42	0	0	17
Tre Tucker	LV	81	13.7	47	539	11.5	6	3	9	44	1	0	17
Allen Lazard	NYJ	60	10.2	37	530	14.3	8	6	0	0	0	0	12
Xavier Legette	CAR	84	16.7	49	497	10.1	7	4	6	24	0	0	16
Michael Wilson	ARI	71	13.6	47	548	11.7	10	4	1	7	0	1	16
Demarcus Robinson	LAR	64	12	31	505	16.3	9	7	0	0	0	0	17
Amari Cooper	BUF	85	14.8	44	547	12.4	8	4	0	0	0	0	13
Stefon Diggs	HOU	64	11.7	47	496	10.6	5	3	3	8	1	0	8
Kayshon Boutte	NE	68	13.6	43	589	13.7	11	3	0	0	0	0	15
Tyler Lockett	SEA	74	13.1	49	600	12.2	7	2	0	0	0	0	17
Elijah Moore	CLE	102	16.1	61	538	8.8	5	1	1	1	0	0	17
Andrei Iosivas	CIN	61	9.7	36	479	13.3	7	6	0	0	0	0	17
Calvin Austin III	PIT	58	12.6	36	548	15.2	10	4	0	0	0	1	17
Olamide Zaccheaus	WAS	64	12.8	45	506	11.2	5	3	1	8	0	1	17
Keon Coleman	BUF	57	11.4	29	556	19.2	12	4	1	9	0	0	13
Dontayvion Wicks	GB	76	16.2	39	415	10.6	4	5	0	0	0	0	17
Darius Slayton	NYG	71	12.9	39	573	14.7	9	2	2	17	0	0	16
Joshua Palmer	LAC	65	13.1	39	584	15	10	1	0	0	0	0	15
Devaughn Vele	DEN	55	9.8	41	475	11.6	7	3	0	0	0	0	13
Christian Watson	GB	53	11.4	29	620	21.4	12	2	4	23	0	1	15
KaVontae Turpin	DAL	52	8.3	31	420	13.5	6	2	16	92	0	1	17
Jalen Nailor	MIN	42	8.4	28	414	14.8	8	6	3	-4	0	1	17
Tutu Atwell	LAR	62	11.7	42	562	13.4	10	0	2	7	0	0	17
Mack Hollins	BUF	50	10	31	378	12.2	4	5	0	0	0	0	17
Parker Washington	JAC	51	9.8	32	390	12.2	6	3	0	0	0	0	17
Ricky Pearsall	SF	46	9.1	31	400	12.9	5	3	3	45	0	0	11
Jalen Coker	CAR	46	9.2	32	478	14.9	6	2	0	0	0	0	11
Tim Patrick	DET	44	8.6	33	394	11.9	6	3	0	0	0	0	16
Greg Dortch	ARI	50	9.8	37	342	9.2	2	3	5	31	0	1	17
Diontae Johnson	HOU	67	13	33	375	11.4	5	3	2	6	0	0	11
Noah Brown	WAS	56	11.2	35	453	12.9	4	1	0	0	0	0	11
David Moore	CAR	57	11.3	32	351	11	2	3	1	0	0	0	17
Marquez Valdes-Scantling	NO	44	8.7	19	411	21.6	8	4	1	4	0	0	13
Cedric Tillman	CLE	49	7.7	29	339	11.7	6	3	1	-5	0	1	11
Sterling Shepard	TB	51	9.1	32	334	10.4	4	1	8	69	0	0	14
Rashid Shaheed	NO	41	8	20	349	17.5	5	3	6	29	0	1	6
Tyler Boyd	TEN	57	11.4	39	390	10	4	0	1	3	0	0	15
Chris Olave	NO	44	8.6	32	400	12.5	4	1	1	7	0	1	8
Christian Kirk	JAC	47	9.1	27	379	14	7	1	0	0	0	0	8
Brandin Cooks	DAL	54	8.7	26	259	10	3	3	3	-3	0	0	10
Dyami Brown	WAS	40	8	30	308	10.3	5	1	3	26	0	1	15
Troy Franklin	DEN	53	9.6	28	263	9.4	5	2	2	8	0	0	16
Kendrick Bourne	NE	38	7.6	28	305	10.9	2	1	1	6	0	0	12
Rashee Rice	KC	29	5.2	24	288	12	3	2	1	1	0	0	4
Lil'Jordan Humphrey	DEN	45	8.2	31	293	9.5	5	1	0	0	0	1	14
Curtis Samuel	BUF	46	9.2	31	253	8.2	2	1	5	14	0	0	14
Van Jefferson	PIT	40	8.8	24	276	11.5	4	2	0	0	0	0	15
Justin Watson	KC	32	5.9	22	289	13.1	2	2	0	0	0	0	16
Brandon Aiyuk	SF	47	9.2	25	374	15	5	0	0	0	0	0	7
Tyler Johnson	LAR	41	7.6	26	291	11.2	4	1	0	0	0	0	11
Mike Williams	PIT	34	6.3	21	298	14.2	6	1	0	0	0	0	14
Kalif Raymond	DET	22	4.4	17	215	12.6	3	2	2	0	0	0	12
John Metchie III	HOU	37	6.7	24	254	10.6	3	1	0	0	0	0	13
Malik Washington	MIA	36	6.5	26	223	8.6	2	0	5	25	1	1	14
Gabe Davis	JAC	42	8.1	20	239	12	6	2	0	0	0	1	10
Adonai Mitchell	IND	55	11	23	312	13.6	4	0	4	6	0	1	17
JuJu Smith-Schuster	KC	26	4.8	18	231	12.8	3	2	0	0	0	0	14
Jordan Whittington	LAR	28	5.2	22	293	13.3	4	0	2	12	0	0	15
Cedrick Wilson Jr.	NO	27	5.4	20	211	10.6	1	1	0	0	0	1	15
Nelson Agholor	BAL	29	6.3	14	231	16.5	5	2	0	0	0	0	13
DJ Turner	LV	29	5.1	16	158	9.9	2	1	5	33	1	0	13
Jahan Dotson	PHI	33	7.6	19	216	11.4	2	0	1	13	0	0	17
Derius Davis	LAC	17	3.4	13	112	8.6	1	2	12	39	0	0	15
Josh Reynolds	JAC	24	4.6	13	194	14.9	4	1	0	0	0	0	8
Robert Woods	HOU	30	5.5	20	203	10.2	2	0	0	0	0	1	14
Ryan Miller	TB	20	3.6	12	128	10.7	2	2	0	0	0	0	11
Tylan Wallace	BAL	12	2.5	11	193	17.5	2	1	0	0	0	0	17
Jalen Brooks	DAL	30	5.1	12	177	14.8	2	1	0	0	0	0	14
Trey Palmer	TB	22	4	12	172	14.3	2	1	0	0	0	0	15
Luke McCaffrey	WAS	24	4.8	18	168	9.3	2	0	0	0	0	0	17
Mecole Hardman Jr.	KC	14	2.5	12	90	7.5	0	0	5	62	1	0	12
Ja'Lynn Polk	NE	33	6.6	12	87	7.3	1	2	1	0	0	0	15
Jonathan Mingo	DAL	42	7.7	17	167	9.8	2	0	2	5	0	1	16
KhaDarel Hodge	ATL	12	2.3	7	131	18.7	3	1	0	0	0	0	16
Dante Pettis	NO	28	5.6	12	120	10	1	1	0	0	0	0	8
Malik Heath	GB	13	2.7	10	97	9.7	1	2	0	0	0	0	12
Jake Bobo	SEA	17	3.2	13	107	8.2	0	1	0	0	0	0	17
Kevin Austin Jr.	NO	22	4.4	11	151	13.7	2	0	1	9	0	0	8
Bub Means	NO	15	2.9	9	118	13.1	1	1	0	0	0	0	7
Jamison Crowder	WAS	13	2.6	9	72	8	0	2	0	0	0	1	5
Mason Tipton	NO	26	5.1	14	99	7.1	0	0	0	0	0	0	11
Xavier Hutchinson	HOU	26	4.8	12	117	9.8	0	0	0	0	0	0	16
Bo Melton	GB	17	3.5	8	91	11.4	1	0	8	54	0	0	17
Trent Sherfield Sr.	MIN	10	2	8	83	10.4	0	1	0	0	0	0	15
Rakim Jarrett	TB	11	2	9	124	13.8	2	0	0	0	0	0	10
Ashton Dulin	IND	8	1.6	2	67	33.5	1	1	5	45	0	0	15
Devin Duvernay	JAC	16	3.2	11	79	7.2	1	0	4	3	0	0	13
K.J. Osborn	WAS	18	3.6	7	57	8.1	1	1	0	0	0	0	7
Ryan Flournoy	DAL	14	2.3	10	102	10.2	1	0	0	0	0	1	11
Hollywood Brown	KC	15	2.6	9	91	10.1	1	0	0	0	0	0	2
Ainias Smith	PHI	9	2.1	7	41	5.9	0	1	2	6	0	0	7
Simi Fehoko	LAC	16	3.2	6	106	17.7	2	0	0	0	0	0	6
Zay Jones	ARI	11	2.2	8	84	10.5	1	0	0	0	0	0	11
Bryce Oliver	TEN	9	1.8	6	95	15.8	1	0	0	0	0	0	10
Parris Campbell	PHI	8	1.9	6	30	5	0	1	0	0	0	0	4
Johnny Wilson	PHI	15	3.4	5	38	7.6	0	1	0	0	0	0	16
Jalen Reagor	LAC	12	2.4	7	100	14.3	2	0	3	-3	0	1	8
Jermaine Burton	CIN	14	2.2	4	107	26.8	2	0	0	0	0	0	14
Odell Beckham Jr.	MIA	18	3.3	9	55	6.1	0	0	0	0	0	0	8
Xavier Gipson	NYJ	10	1.8	6	39	6.5	0	1	1	5	0	1	17
DeAndre Carter	CHI	14	2.7	9	72	8	0	0	0	0	0	1	13
Jalin Hyatt	NYG	19	3.6	8	62	7.8	0	0	0	0	0	0	16
Brandon Powell	MIN	10	2	7	71	10.1	0	0	0	0	0	0	17
Tyrell Shavers	BUF	1	0.2	1	69	69	1	1	0	0	0	0	3
Chris Conley	SF	12	2.4	6	76	12.7	2	0	0	0	0	0	9
River Cracraft	MIA	9	1.6	7	66	9.4	0	0	0	0	0	0	5
Michael Woods II	CLE	17	2.8	7	65	9.3	0	0	0	0	0	0	5
DJ Chark Jr.	LAC	10	2	4	31	7.8	0	1	0	0	0	0	4
Scotty Miller	PIT	9	1.9	5	69	13.8	2	0	0	0	0	0	13
Ben Skowronek	PIT	5	1	5	69	13.8	1	0	0	0	0	0	10
Tay Martin	TEN	2	0.4	1	49	49	1	1	0	0	0	0	1
Laviska Shenault Jr.	SEA	5	1	5	36	7.2	0	0	1	1	0	2	10
Jacob Cowing	SF	6	1.2	4	80	20	1	0	1	7	0	1	15
Britain Covey	PHI	8	1.8	7	34	4.9	0	0	0	0	0	0	5
Kristian Wilkerson	LV	3	0.5	2	18	9	0	1	0	0	0	0	1
Devontez Walker	BAL	3	0.6	1	21	21	1	1	0	0	0	0	7
Tyquan Thornton	NE	8	1.6	4	47	11.8	0	0	0	0	0	0	4
Treylon Burks	TEN	8	1.6	4	34	8.5	0	0	2	1	0	0	5
Dee Eskridge	MIA	3	0.6	3	44	14.7	1	0	0	0	0	0	6
Terrace Marshall Jr.	LV	6	1.1	3	41	13.7	1	0	0	0	0	0	5
Tim Jones	JAC	5	1	3	41	13.7	1	0	0	0	0	0	8
Nikko Remigio	KC	6	1.1	2	48	24	2	0	0	0	0	0	5
Dan Chisena	CAR	4	0.8	3	37	12.3	1	0	0	0	0	0	6
Deven Thompkins	CAR	4	0.8	4	20	5	0	0	2	7	0	0	5
Cody White	SEA	3	0.5	2	44	22	1	0	0	0	0	0	4
Xavier Smith	LAR	2	0.4	2	6	3	0	0	4	36	0	0	15
Alex Bachman	LV	3	0.5	3	31	10.3	0	0	0	0	0	0	5
Allen Robinson II	DET	7	1.4	3	30	10	1	0	0	0	0	0	6
Ihmir Smith-Marsette	NYG	0	0	0	0	0	0	0	0	0	0	0	15
David Bell	CLE	3	0.5	3	27	9	0	0	0	0	0	0	1
Charlie Jones	CIN	1	0.2	1	5	5	0	0	0	0	0	1	8
Malachi Corley	NYJ	6	1	3	16	5.3	0	0	2	26	0	1	7
Jamari Thrash	CLE	7	1.3	3	22	7.3	0	0	0	0	0	0	9
Trenton Irwin	CIN	10	1.7	3	15	5	0	0	0	0	0	0	6
Ronnie Bell	SF	6	1.2	2	22	11	0	0	0	0	0	0	4
Austin Trammell	JAC	3	0.6	2	40	20	1	0	0	0	0	1	1
Mason Kinsey	TEN	2	0.4	2	17	8.5	0	0	0	0	0	0	6
Anthony Gould	IND	1	0.2	1	23	23	1	0	0	0	0	0	8
Isaiah Hodgins	NYG	2	0.4	2	12	6	0	0	0	0	0	0	2
James Proche II	CLE	3	0.5	3	21	7	0	0	0	0	0	1	9
Grant DuBose	MIA	4	0.7	2	11	5.5	0	0	0	0	0	0	2
Chris Blair	ATL	2	0.4	1	17	17	0	0	0	0	0	0	3
Anthony Miller	BAL	1	0.2	1	16	16	0	0	0	0	0	0	2
Isaiah Williams	CIN	3	0.6	2	6	3	0	0	0	0	0	0	8
Casey Washington	ATL	2	0.4	1	14	14	0	0	0	0	0	0	2
Javon Baker	NE	4	0.8	1	12	12	0	0	0	0	0	0	10
Trent Taylor	SF	1	0.2	1	11	11	0	0	0	0	0	0	2
Brandon Johnson	PIT	1	0.2	1	9	9	0	0	0	0	0	0	3
Kendric Pryor	CIN	1	0.2	1	9	9	0	0	0	0	0	0	2
Ramel Keyton	LV	3	0.5	1	7	7	0	0	0	0	0	0	3
John Ross	PHI	2	0.5	1	6	6	0	0	0	0	0	0	1
Collin Johnson	CHI	2	0.4	1	6	6	0	0	0	0	0	0	6
Jaelon Darden	SEA	1	0.2	1	6	6	0	0	0	0	0	0	11
Robbie Chosen	MIA	4	0.7	1	5	5	0	0	0	0	0	0	1
Tyler Scott	CHI	1	0.2	1	5	5	0	0	0	0	0	0	11
Kameron Johnson	TB	1	0.2	0	0	0	0	0	2	11	0	0	5
Velus Jones Jr.	CAR	1	0.2	1	8	8	0	0	3	11	0	1	2
Brycen Tremayne	WAS	1	0.2	1	-2	-2	0	0	0	0	0	0	2
Jordan Matthews	CAR	1	0.2	0	0	0	0	0	0	0	0	0	2
Laquon Treadwell	IND	0	0	0	0	0	0	0	0	0	0	0	1
Alex Erickson	NE	0	0	0	0	0	0	0	0	0	0	0	3
Justin Hardee Sr.	TEN	0	0	0	0	0	0	0	0	0	0	0	4
Zach Pascal	ARI	0	0	0	0	0	0	0	0	0	0	0	3
Braxton Berrios	MIA	4	0.8	0	0	0	0	0	0	0	0	0	8
Equanimeous St. Brown	NO	0	0	0	0	0	0	0	0	0	0	0	1
Cody Thompson	TB	0	0	0	0	0	0	0	0	0	0	0	1
Quinton Bell	MIA	0	0	0	0	0	0	0	0	0	0	0	16
Deonte Harty	BAL	0	0	0	0	0	0	0	0	0	0	0	5
Jalen Guyton	LV	0	0	0	0	0	0	0	0	0	0	0	1
Tom Kennedy	DET	1	0.2	0	0	0	0	0	0	0	0	0	4
KJ Hamler	BUF	0	0	0	0	0	0	0	0	0	0	0	1
Justyn Ross	KC	1	0.2	0	0	0	0	0	0	0	0	0	2
Dez Fitzpatrick	LAC	0	0	0	0	0	0	0	0	0	0	0	1
Seth Williams	DAL	0	0	0	0	0	0	0	0	0	0	0	2
Avery Williams	ATL	0	0	0	0	0	0	0	0	0	0	0	17
Brandon Smith	NYJ	0	0	0	0	0	0	0	0	0	0	0	1
Erik Ezukanma	MIA	2	0.4	0	0	0	0	0	0	0	0	0	2
Skyy Moore	KC	3	0.6	0	0	0	0	0	0	0	0	0	6
Xavier Weaver	ARI	2	0.4	0	0	0	0	0	0	0	0	0	2
Justin Shorter	LV	0	0	0	0	0	0	0	0	0	0	0	7
Jalen Virgil	BUF	0	0	0	0	0	0	0	0	0	0	0	7
Montrell Washington	KC	0	0	0	0	0	0	0	0	0	0	0	1
Dareke Young	SEA	1	0.2	0	0	0	0	0	0	0	0	0	12
Kaden Davis	CLE	0	0	0	0	0	0	0	0	0	0	0	1
Tyreik McAllister	LV	0	0	0	0	0	0	0	2	11	0	0	2
Irv Charles	NYJ	1	0.2	0	0	0	0	0	0	0	0	0	11
Maurice Alexander	DET	0	0	0	0	0	0	0	0	0	0	0	2
Bryce Ford-Wheaton	NYG	0	0	0	0	0	0	0	0	0	0	0	6
Jalen Moreno-Cropper	DAL	0	0	0	0	0	0	0	0	0	0	0	1
Jared Wayne	HOU	0	0	0	0	0	0	0	0	0	0	0	3
Kazmeir Allen	WAS	0	0	0	0	0	0	0	0	0	0	0	1
Elijah Cooks	JAC	0	0	0	0	0	0	0	0	0	0	0	1
Brenden Rice	LAC	0	0	0	0	0	0	0	0	0	0	0	1
Joshua Cephus	JAC	0	0	0	0	0	0	0	0	0	0	0	1
Jaylen Johnson	LAC	0	0	0	0	0	0	0	0	0	0	0	1
Roman Wilson	PIT	0	0	0	0	0	0	0	0	0	0	0	1
Jermaine Jackson	NO	0	0	0	0	0	0	0	1	-1	0	0	4
Steven Sims Jr.	BAL	0	0	0	0	0	0	0	1	0	0	1	9
Kadarius Toney	CLE	1	0.2	0	0	0	0	0	2	-4	0	1	3
Jha'Quan Jackson	TEN	3	0.6	1	8	8	0	0	1	-5	0	2	12
Dee Williams	NYG	0	0	0	0	0	0	0	0	0	0	3	13