Year	RK	Player	Team	G	COMP	ATT	PCT	YDS	Y/A	AIR	AIR/A	10+ YDS	20+ YDS	30+ YDS	40+ YDS	50+ YDS	PKT TIME	SACK	KNCK	HRRY	BLITZ	POOR	DROP	RZ ATT	RTG
2025	1	Josh Allen	BUF	17	319	460	69.00%	3,668	8	1,972	4.3	141	56	20	10	4	2.5	40	29	30	128	58	18	61	95
2025	2	Drake Maye	NE	17	354	492	72.00%	4,394	8.9	2,804	5.7	178	67	25	6	5	2.4	47	42	43	158	65	13	72	115
2025	3	Matthew Stafford	LAR	17	388	597	65.00%	4,707	7.9	2,971	5	184	72	27	8	4	2.4	23	52	42	159	106	28	104	108
2025	4	Trevor Lawrence	JAC	17	341	560	61.00%	4,007	7.1	2,561	4.6	167	57	17	6	2	2.4	41	40	59	158	78	45	81	91
2025	5	Dak Prescott	DAL	17	404	600	67.00%	4,552	7.6	2,814	4.7	183	53	27	12	3	2.4	31	56	55	163	72	25	99	100
2025	6	Caleb Williams	CHI	17	330	568	58.00%	3,942	6.9	2,363	4.2	173	58	18	7	3	2.5	24	41	94	174	110	28	72	90
2025	7	Bo Nix	DEN	17	388	612	63.00%	3,931	6.4	2,200	3.6	154	47	18	7	1	2.4	22	45	61	115	93	43	80	88
2025	8	Jared Goff	DET	17	393	578	68.00%	4,564	7.9	2,438	4.2	185	66	21	8	2	2.3	38	76	39	152	82	25	86	106
2025	8	Jalen Hurts	PHI	16	294	454	65.00%	3,224	7.1	2,134	4.7	117	40	19	9	3	2.5	32	25	48	162	72	11	49	100
2025	10	Justin Herbert	LAC	16	340	512	66.00%	3,727	7.3	2,274	4.4	144	43	19	8	6	2.4	54	74	55	158	75	25	77	94
2025	11	Patrick Mahomes II	KC	14	315	502	63.00%	3,587	7.1	1,977	3.9	146	49	21	8	1	2.2	34	69	39	96	85	27	76	90
2025	12	Baker Mayfield	TB	17	343	543	63.00%	3,693	6.8	2,129	3.9	146	54	16	7	4	2.3	36	20	36	146	82	20	56	90
2025	13	Sam Darnold	SEA	17	323	477	68.00%	4,048	8.5	2,443	5.1	164	57	20	12	7	2.4	27	35	47	149	66	15	66	101
2025	14	Jaxson Dart	NYG	14	216	339	64.00%	2,272	6.7	1,279	3.8	87	25	10	3	0	2.4	35	36	25	101	51	14	44	77
2025	15	Jordan Love	GB	15	291	439	66.00%	3,381	7.7	2,096	4.8	128	49	18	8	4	2.4	21	49	37	135	60	17	64	101
2025	16	Jacoby Brissett	ARI	14	315	485	65.00%	3,366	6.9	1,953	4	143	41	12	3	1	2.4	43	63	45	104	81	11	77	84
2025	17	Daniel Jones	IND	13	261	384	68.00%	3,101	8.1	1,876	4.9	125	36	13	7	2	2.3	22	41	24	128	46	14	52	100
2025	18	Aaron Rodgers	PIT	16	327	498	66.00%	3,322	6.7	1,572	3.2	125	38	15	7	4	2.2	29	28	27	97	82	17	74	95
2025	19	Bryce Young	CAR	16	304	478	64.00%	3,011	6.3	1,739	3.6	114	39	13	4	1	2.4	27	48	54	127	73	18	65	86
2025	20	Lamar Jackson	BAL	13	192	302	64.00%	2,549	8.4	1,574	5.2	97	38	20	6	2	2.5	36	23	28	125	54	12	41	103
2025	21	C.J. Stroud	HOU	14	273	423	65.00%	3,041	7.2	1,817	4.3	112	39	15	10	5	2.4	23	35	46	132	71	9	48	94
2025	22	Cam Ward	TEN	17	323	540	60.00%	3,169	5.9	1,898	3.5	125	40	13	3	0	2.4	55	49	67	138	95	23	49	82
2025	23	Geno Smith	LV	15	302	448	67.00%	3,025	6.8	1,608	3.6	116	33	11	3	2	2.5	55	42	22	146	49	15	55	87
2025	24	Brock Purdy	SF	9	197	284	69.00%	2,167	7.6	1,424	5	97	33	8	1	0	2.7	11	28	27	59	33	9	55	100
2025	25	Tua Tagovailoa	MIA	14	260	384	68.00%	2,660	6.9	1,496	3.9	113	33	8	4	0	2.3	30	15	48	85	58	18	53	87
2025	26	Tyler Shough	NO	11	221	327	68.00%	2,384	7.3	1,489	4.6	104	19	9	3	3	2.2	31	15	28	73	50	13	17	87
2025	27	Joe Flacco	CIN	13	251	416	60.00%	2,479	6	1,509	3.6	97	25	7	2	0	2.2	18	41	31	83	63	18	43	72
2025	28	Justin Fields	NYJ	9	128	204	63.00%	1,259	6.2	744	3.6	49	15	4	1	0	2.6	27	28	14	59	25	11	18	81
2025	29	Joe Burrow	CIN	8	173	259	67.00%	1,809	7	1,099	4.2	77	22	7	1	0	2.3	17	28	17	56	26	9	41	102
2025	30	J.J. McCarthy	MIN	10	140	243	58.00%	1,632	6.7	1,035	4.3	69	20	4	3	3	2.5	27	39	11	70	51	12	34	74
2025	31	Mac Jones	SF	11	201	289	70.00%	2,151	7.4	1,289	4.5	92	18	7	3	1	2.4	16	25	15	52	39	10	37	70
2025	32	Marcus Mariota	WAS	12	139	227	61.00%	1,695	7.5	1,165	5.1	70	22	9	5	2	2.4	16	23	12	72	35	6	27	68
2025	33	Michael Penix Jr.	ATL	9	166	276	60.00%	1,982	7.2	1,216	4.4	87	26	9	5	2	2.4	13	18	19	70	62	9	26	90
2025	34	Jayden Daniels	WAS	7	114	188	61.00%	1,262	6.7	792	4.2	51	14	6	2	1	2.3	18	11	12	61	26	12	21	86
2025	35	Kirk Cousins	ATL	10	166	269	62.00%	1,721	6.4	917	3.4	69	21	8	3	0	2.4	13	31	20	70	40	12	32	82
2025	36	Spencer Rattler	NO	9	174	257	68.00%	1,586	6.2	1,068	4.2	58	13	4	3	3	2.2	18	14	19	62	27	11	28	82
2025	37	Shedeur Sanders	CLE	8	120	212	57.00%	1,400	6.6	728	3.4	51	17	11	7	4	2.6	23	45	35	53	35	6	12	66
2025	38	Kyler Murray	ARI	5	110	161	68.00%	962	6	523	3.2	39	7	4	2	0	2.3	16	9	7	35	25	5	20	90
2025	39	Carson Wentz	MIN	5	110	169	65.00%	1,216	7.2	745	4.4	51	15	5	2	1	2.3	19	15	13	43	32	2	33	90
2025	40	Dillon Gabriel	CLE	10	110	185	59.00%	937	5.1	516	2.8	39	10	0	0	0	2.3	19	11	13	59	35	11	31	74
2025	41	Davis Mills	HOU	6	91	159	57.00%	915	5.8	676	4.3	36	9	2	1	1	2.2	8	13	8	51	29	9	24	75
2025	42	Tyrod Taylor	NYJ	6	80	134	60.00%	779	5.8	488	3.6	30	6	3	2	1	2.4	14	16	15	50	17	11	14	65
2025	43	Jake Browning	CIN	5	81	125	65.00%	771	6.2	464	3.7	32	8	3	2	1	2.3	9	19	8	23	18	1	9	80
2025	44	Russell Wilson	NYG	6	69	119	58.00%	831	7	518	4.4	29	13	5	4	2	2.3	10	15	11	27	22	4	18	72
2025	45	Malik Willis	GB	4	30	35	86.00%	422	12.1	312	8.9	14	9	7	1	0	2.5	3	2	0	8	2	2	7	123
2025	46	Jameis Winston	NYG	3	37	66	56.00%	567	8.6	383	5.8	24	13	5	2	0	2.5	3	9	10	18	16	1	9	68
2025	47	Tyler Huntley	BAL	5	52	67	78.00%	426	6.4	307	4.6	15	3	1	0	0	2.3	8	10	1	21	7	3	13	79
2025	48	Brady Cook	NYJ	5	88	153	58.00%	739	4.8	416	2.7	31	6	0	0	0	2.2	19	14	7	46	35	6	15	56
2025	48	Quinn Ewers	MIA	4	55	83	66.00%	622	7.5	329	4	25	10	2	2	1	2.3	8	10	4	21	11	1	9	87
2025	48	Philip Rivers	IND	3	58	92	63.00%	544	5.9	316	3.4	24	2	1	0	0	2.1	5	9	4	20	13	2	7	79
2025	51	Riley Leonard	IND	5	39	67	58.00%	415	6.2	269	4	11	6	3	2	2	2.1	2	5	3	10	8	3	14	47
2025	52	Mitchell Trubisky	BUF	4	25	35	71.00%	313	8.9	185	5.3	13	5	2	0	0	2.6	0	0	0	5	4	3	9	76
2025	53	Josh Johnson	WAS	5	34	54	63.00%	372	6.9	184	3.4	16	4	1	1	0	2.4	2	8	2	6	9	0	4	39
2025	54	Mason Rudolph	PIT	5	38	52	73.00%	310	6	118	2.3	11	3	0	0	0	2.3	2	3	1	12	7	0	5	59
2025	55	Tanner McKee	PHI	4	24	43	56.00%	274	6.4	189	4.4	13	2	1	0	0	2.4	3	3	5	12	10	2	6	45
2025	55	Trey Lance	LAC	4	27	57	47.00%	226	4	131	2.3	7	2	0	0	0	2.1	6	3	3	13	12	1	4	78
2025	57	Joe Milton III	DAL	4	15	24	63.00%	183	7.6	117	4.9	8	3	2	0	0	2.3	0	1	4	6	6	0	2	83
2025	58	Chris Oladokun	KC	3	35	55	64.00%	235	4.3	120	2.2	9	2	1	0	0	2.3	8	7	2	13	7	3	4	79
2025	58	Andy Dalton	CAR	4	25	37	68.00%	293	7.9	206	5.6	12	4	1	0	0	2.4	8	2	1	11	5	3	6	76
2025	60	Kenny Pickett	LV	6	28	45	62.00%	188	4.2	147	3.3	7	2	0	0	0	2.5	8	5	1	3	6	3	2	67
2025	61	Max Brosmer	MIN	7	47	71	66.00%	328	4.6	170	2.4	10	3	0	0	0	2.5	14	6	4	20	8	5	8	62
2025	62	Cooper Rush	BAL	4	34	52	65.00%	303	5.8	179	3.4	10	2	1	1	1	2.4	1	6	2	9	9	2	1	45
2025	63	Aidan O'Connell	LV	1	10	22	45.00%	102	4.6	82	3.7	5	2	0	0	0	2.2	1	2	0	6	7	2	1	59
2025	64	Shane Buechele	KC	1	7	14	50.00%	88	6.3	68	4.9	3	1	1	1	1	2.4	5	3	0	2	4	0	0	70
2025	65	Clayton Tune	GB	2	7	15	47.00%	42	2.8	21	1.4	0	0	0	0	0	2.5	5	3	0	9	2	1	1	30
2025	65	Teddy Bridgewater	TB	4	8	15	53.00%	62	4.1	24	1.6	2	1	1	0	0	2	2	2	0	4	4	0	3	16
2025	65	Tyson Bagent	CHI	3	3	4	75.00%	47	11.8	13	3.3	2	2	0	0	0	2.5	0	1	0	0	1	0	0	71
2025	68	Joshua Dobbs	NE	4	7	10	70.00%	65	6.5	22	2.2	3	2	0	0	0	2.7	0	0	0	6	3	0	0	85
2025	68	Brandon Allen	TEN	1	17	30	57.00%	72	2.4	41	1.4	3	1	0	0	0	2.2	1	4	4	7	9	1	0	48
2025	70	Zach Wilson	MIA	4	6	11	55.00%	32	2.9	21	1.9	1	0	0	0	0	2	0	2	0	4	3	0	0	47
2025	70	Anthony Richardson Sr.	IND	2	1	2	50.00%	9	4.5	2	1	0	0	0	0	0	1.8	0	0	0	0	1	0	0	31
2025	70	Gardner Minshew II	KC	4	6	13	46.00%	37	2.8	18	1.4	2	0	0	0	0	2.1	0	1	1	3	3	0	0	19
2025	73	Feleipe Franks	ATL	12	0	0	0.00%	0	0	0	0	0	0	0	0	0	0	0	0	0	0	0	0	0	0
2025	73	Malik Cunningham	DET	1	0	0	0.00%	0	0	0	0	0	0	0	0	0	0	0	0	0	0	0	0	0	0
2025	73	Drew Lock	SEA	5	2	3	67.00%	15	5	5	1.7	1	0	0	0	0	2.6	0	0	0	2	0	0	0	16
2025	73	Logan Woodside	ARI	3	0	0	0.00%	0	0	0	0	0	0	0	0	0	0	0	0	0	0	0	0	0	0
2025	73	Brett Rypien	MIN	1	0	0	0.00%	0	0	0	0	0	0	0	0	0	4	1	0	0	0	0	0	0	0
2025	73	Stetson Bennett IV	LAR	1	0	0	0.00%	0	0	0	0	0	0	0	0	0	0	0	0	0	0	0	0	0	0
2025	73	Will Grier	DAL	1	0	0	0.00%	0	0	0	0	0	0	0	0	0	0	0	0	0	0	0	0	0	0
2025	73	Nick Mullens	JAC	5	3	3	100.00%	19	6.3	8	2.7	0	0	0	0	0	1.5	0	0	1	1	0	0	1	36
2025	73	Kedon Slovis	ARI	2	1	2	50.00%	-2	-1	0	0	0	0	0	0	0	2	0	0	0	0	1	0	0	59
2025	73	Jarrett Stidham	DEN	1	0	0	0.00%	0	0	0	0	0	0	0	0	0	0	0	0	0	0	0	0	0	0
2025	73	Adrian Martinez	SF	1	0	0	0.00%	0	0	0	0	0	0	0	0	0	0	0	0	0	0	0	0	0	0
2025	73	Kyle Allen	DET	4	0	2	0.00%	0	0	0	0	0	0	0	0	0	2.2	0	0	0	0	0	1	0	10
2025	85	Jimmy Garoppolo	LAR	5	0	0	0.00%	0	0	0	0	0	0	0	0	0	0	0	0	0	0	0	0	0	0
2025	86	Jalen Milroe	SEA	4	0	0	0.00%	0	0	0	0	0	0	0	0	0	0	0	0	0	0	0	0	0	0
2024	1	Lamar Jackson	BAL	17	316	474	67.00%	4,172	8.8	2,344	4.9	175	56	18	14	6	2.5	23	31	53	162	69	28	64	120
2024	2	Josh Allen	BUF	17	307	483	64.00%	3,731	7.7	2,007	4.2	143	54	21	10	5	2.4	14	37	37	136	86	20	61	97
2024	3	Joe Burrow	CIN	17	460	652	71.00%	4,918	7.5	2,951	4.5	190	49	24	12	4	2.2	48	69	38	164	73	30	122	108
2024	3	Baker Mayfield	TB	17	407	570	71.00%	4,500	7.9	2,456	4.3	185	58	19	5	2	2.2	40	20	49	175	63	27	78	106
2024	5	Jayden Daniels	WAS	17	331	480	69.00%	3,568	7.4	2,097	4.4	137	41	18	10	7	2.4	47	28	36	153	67	20	66	97
2024	6	Jared Goff	DET	17	390	539	72.00%	4,629	8.6	2,347	4.4	181	61	20	11	8	2.3	31	57	34	143	69	11	93	114
2024	7	Bo Nix	DEN	17	376	567	66.00%	3,775	6.7	2,169	3.8	133	51	22	6	3	2.5	24	34	44	148	84	32	68	93
2024	8	Jalen Hurts	PHI	15	248	361	69.00%	2,903	8.1	1,683	4.6	109	44	17	10	2	2.7	38	23	29	126	45	6	48	102
2024	8	Sam Darnold	MIN	17	361	545	66.00%	4,319	7.9	2,819	5.2	165	62	19	10	4	2.6	48	52	52	137	77	19	93	103
2024	10	Kyler Murray	ARI	17	372	541	69.00%	3,851	7.1	2,145	4	155	43	12	3	1	2.4	30	23	47	155	66	17	66	95
2024	11	Patrick Mahomes II	KC	16	392	581	67.00%	3,928	6.8	1,956	3.4	163	40	16	4	2	2.3	36	70	46	140	87	26	99	92
2024	12	Justin Herbert	LAC	17	332	504	66.00%	3,870	7.6	2,411	4.8	152	54	19	7	2	2.5	41	62	20	156	67	32	57	102
2024	13	Geno Smith	SEA	17	407	578	70.00%	4,320	7.5	2,444	4.2	179	50	14	4	2	2.4	50	57	36	138	58	20	54	94
2024	14	Brock Purdy	SF	15	300	455	66.00%	3,864	8.5	2,343	5.1	156	56	29	11	3	2.5	31	38	32	142	62	19	75	96
2024	15	Aaron Rodgers	NYJ	17	368	584	63.00%	3,897	6.7	2,041	3.5	166	51	13	7	3	2.3	40	52	35	141	98	39	83	92
2024	16	Caleb Williams	CHI	17	351	562	62.00%	3,541	6.3	1,980	3.5	145	40	15	6	0	2.4	71	40	52	174	110	20	72	88
2024	17	Jordan Love	GB	15	268	425	63.00%	3,389	8	1,970	4.6	128	48	20	12	6	2.4	14	49	37	142	75	30	72	97
2024	18	C.J. Stroud	HOU	17	336	532	63.00%	3,727	7	2,344	4.4	160	42	18	6	4	2.5	52	56	66	154	95	26	59	88
2024	19	Matthew Stafford	LAR	16	340	517	66.00%	3,762	7.3	2,223	4.3	145	45	12	6	4	2.4	28	63	31	144	88	15	71	94
2024	20	Bryce Young	CAR	14	234	384	61.00%	2,403	6.2	1,618	4.2	96	30	11	3	1	2.3	29	38	53	136	81	15	56	82
2024	21	Kirk Cousins	ATL	14	303	453	67.00%	3,508	7.7	2,082	4.6	147	42	15	7	3	2.4	28	47	25	106	51	16	46	89
2024	22	Tua Tagovailoa	MIA	11	291	399	73.00%	2,867	7.2	1,499	3.8	128	29	8	3	3	2.1	21	11	26	64	45	14	57	100
2024	23	Drake Maye	NE	13	225	338	67.00%	2,276	6.7	1,270	3.7	90	25	9	1	0	2.3	34	26	23	96	53	11	39	81
2024	24	Russell Wilson	PIT	11	214	336	64.00%	2,482	7.4	1,510	4.5	94	40	17	6	0	2.4	33	45	27	90	52	14	45	96
2024	25	Anthony Richardson Sr.	IND	11	126	264	48.00%	1,814	6.9	1,119	4.2	72	28	16	6	4	2.4	14	30	35	67	70	12	17	69
2024	26	Derek Carr	NO	10	189	279	68.00%	2,145	7.7	1,216	4.4	78	27	12	7	5	2.4	8	21	42	79	37	10	26	103
2024	27	Trevor Lawrence	JAC	10	172	284	61.00%	2,045	7.2	1,331	4.7	83	32	9	4	4	2.4	18	17	13	71	47	15	36	82
2024	28	Jameis Winston	CLE	11	181	296	61.00%	2,121	7.2	1,403	4.7	88	24	9	4	2	2.4	24	24	23	61	52	14	28	69
2024	29	Daniel Jones	MIN	10	216	341	63.00%	2,070	6.1	1,287	3.8	82	19	6	2	0	2.4	29	44	21	89	40	24	30	82
2024	30	Will Levis	TEN	12	190	301	63.00%	2,091	6.9	1,324	4.4	75	25	14	7	3	2.4	41	34	15	69	55	20	21	83
2024	31	Dak Prescott	DAL	8	185	286	65.00%	1,978	6.9	1,163	4.1	73	23	7	3	2	2.3	21	28	31	62	50	6	28	87
2024	32	Justin Fields	PIT	10	106	161	66.00%	1,106	6.9	637	4	40	15	7	2	1	2.5	16	16	11	48	24	7	19	60
2024	33	Cooper Rush	DAL	12	187	308	61.00%	1,844	6	1,035	3.4	76	20	7	4	2	2.3	13	19	25	68	55	13	32	71
2024	34	Gardner Minshew II	LV	10	203	306	66.00%	2,013	6.6	1,080	3.5	85	22	6	2	2	2.2	29	27	25	109	38	8	35	81
2024	34	Joe Flacco	IND	7	162	248	65.00%	1,761	7.1	1,176	4.7	74	22	6	4	1	2.3	18	18	13	61	42	11	41	89
2024	36	Mason Rudolph	TEN	8	146	228	64.00%	1,530	6.7	944	4.1	60	18	5	2	0	2.6	11	23	15	38	39	9	28	82
2024	37	Mac Jones	JAC	10	171	262	65.00%	1,672	6.4	876	3.3	54	22	6	4	2	2.3	14	18	9	62	45	7	26	80
2024	38	Aidan O'Connell	LV	9	154	243	63.00%	1,612	6.6	966	4	62	20	5	2	1	2.4	10	19	27	50	49	6	27	84
2024	39	Drew Lock	NYG	7	107	181	59.00%	1,071	5.9	538	3	37	11	6	2	1	2.3	12	24	18	29	33	7	15	77
2024	40	Deshaun Watson	CLE	7	137	216	63.00%	1,148	5.3	681	3.2	45	11	2	0	0	2.6	33	37	16	72	34	20	16	81
2024	41	Spencer Rattler	NO	7	130	228	57.00%	1,317	5.8	775	3.4	55	16	5	1	0	2.4	22	16	16	61	39	15	12	71
2024	42	Andy Dalton	CAR	6	106	160	66.00%	989	6.2	601	3.8	41	13	5	0	0	2.2	7	11	10	56	21	9	21	72
2024	43	Tyler Huntley	MIA	5	86	133	65.00%	829	6.2	550	4.1	42	6	0	0	0	2.2	15	17	9	19	20	8	18	83
2024	44	Malik Willis	GB	7	40	54	74.00%	550	10.2	326	6	16	11	9	2	1	2.3	8	2	2	16	7	3	5	92
2024	45	Michael Penix Jr.	ATL	5	61	105	58.00%	775	7.4	538	5.1	34	12	3	1	0	2.3	4	8	4	32	23	7	13	84
2024	46	Jacoby Brissett	NE	7	95	161	59.00%	826	5.1	479	3	28	7	3	1	1	2.4	18	28	16	55	29	13	23	73
2024	46	Marcus Mariota	WAS	3	34	44	77.00%	364	8.3	277	6.3	17	4	0	0	0	2.5	3	2	5	17	3	2	9	105
2024	48	Joshua Dobbs	SF	3	32	47	68.00%	361	7.7	272	5.8	18	5	2	0	0	2.2	2	2	6	10	9	1	6	62
2024	49	Tanner McKee	PHI	2	30	45	67.00%	323	7.2	196	4.4	14	2	0	0	0	2.3	2	5	0	17	9	0	4	128
2024	50	Kenny Pickett	PHI	5	25	42	60.00%	291	6.9	244	5.8	9	4	3	2	0	2.4	4	6	2	23	6	1	7	58
2024	51	Desmond Ridder	LV	5	52	85	61.00%	458	5.4	272	3.2	18	7	0	0	0	2.2	10	9	6	21	15	2	5	76
2024	52	Dorian Thompson-Robinson	CLE	6	61	118	52.00%	440	3.7	245	2.1	15	1	0	0	0	2.2	8	18	7	24	19	11	11	41
2024	53	Jimmy Garoppolo	LAR	1	27	41	66.00%	334	8.1	142	3.5	12	6	2	1	1	2.2	3	5	0	13	8	0	8	97
2024	54	Tyrod Taylor	NYJ	2	17	22	77.00%	119	5.4	73	3.3	3	1	0	0	0	2	0	2	3	4	2	1	6	127
2024	55	Joe Milton III	NE	1	22	29	76.00%	241	8.3	175	6	11	2	1	1	0	2.5	0	2	4	7	2	1	3	111
2024	56	Mitchell Trubisky	BUF	9	19	26	73.00%	179	6.9	63	2.4	5	2	1	1	1	2.2	0	1	2	8	4	0	2	53
2024	56	Tim Boyle	NYG	3	27	50	54.00%	276	5.5	155	3.1	12	3	1	0	0	2	2	7	9	8	8	3	7	70
2024	58	Jake Haener	NO	8	18	39	46.00%	226	5.8	135	3.5	10	3	1	0	0	2.4	6	9	2	15	7	6	5	39
2024	58	Trey Lance	DAL	4	25	41	61.00%	266	6.5	139	3.4	12	4	3	0	0	2.3	4	1	8	15	6	1	7	48
2024	60	Tommy DeVito	NYG	3	31	44	70.00%	257	5.8	158	3.6	12	2	0	0	0	2.3	6	4	2	11	6	1	3	57
2024	61	Davis Mills	HOU	4	20	36	56.00%	212	5.9	145	4	9	3	0	0	0	2	2	2	2	18	10	1	10	69
2024	62	Bailey Zappe	CLE	1	16	31	52.00%	170	5.5	78	2.5	7	3	1	0	0	2.4	1	1	1	2	3	5	6	52
2024	63	Brandon Allen	SF	3	17	30	57.00%	199	6.6	91	3	7	5	1	0	0	2.4	2	2	3	7	5	4	4	26
2024	63	Skylar Thompson	MIA	2	21	33	64.00%	187	5.7	115	3.5	8	1	0	0	0	2.3	6	6	2	7	6	2	8	78
2024	65	Carson Wentz	KC	2	12	19	63.00%	118	6.2	56	2.9	6	2	0	0	0	2.2	4	5	1	3	5	1	0	92
2024	66	Taylor Heinicke	LAC	4	3	5	60.00%	28	5.6	19	3.8	1	0	0	0	0	2.4	3	0	0	1	1	1	0	60
2024	66	Hendon Hooker	DET	3	6	9	67.00%	62	6.9	36	4	2	1	0	0	0	2.2	1	0	2	1	1	1	0	86
2024	68	Nick Mullens	MIN	4	2	2	100.00%	38	19	24	12	2	1	0	0	0	2.2	0	1	0	0	0	0	0	59
2024	68	Feleipe Franks	CAR	9	0	0	0.00%	0	0	0	0	0	0	0	0	0	0	0	0	0	0	0	0	0	0
2024	68	Mike White	BUF	1	3	11	27.00%	28	2.5	3	0.3	2	0	0	0	0	2.5	0	1	1	2	1	1	0	40
2024	68	Josh Johnson	BAL	4	2	3	67.00%	17	5.7	15	5	1	0	0	0	0	2.4	1	1	1	1	0	0	0	39
2024	68	Kyle Allen	PIT	1	1	1	100.00%	19	19	13	13	1	0	0	0	0	2.1	0	0	0	1	0	0	0	119
2024	68	Chris Oladokun	KC	1	0	0	0.00%	0	0	0	0	0	0	0	0	0	2.5	1	0	0	0	0	0	0	0
2024	74	Jarrett Stidham	DEN	3	0	0	0.00%	0	0	0	0	0	0	0	0	0	0	0	0	0	0	0	0	0	0
2024	74	Sam Howell	SEA	1	5	14	36.00%	24	1.7	19	1.4	1	0	0	0	0	2.4	4	1	2	1	5	1	0	15
2024	74	Jeff Driskel	WAS	1	0	0	0.00%	0	0	0	0	0	0	0	0	0	0	0	0	0	0	0	0	0	0
2024	74	Austin Reed	CHI	1	0	0	0.00%	0	0	0	0	0	0	0	0	0	0	0	0	0	0	0	0	0	0
2024	74	Jake Luton	LV	1	0	0	0.00%	0	0	0	0	0	0	0	0	0	0	0	0	0	0	0	0	0	0
2024	74	Sam Hartman	WAS	2	0	0	0.00%	0	0	0	0	0	0	0	0	0	0	0	0	0	0	0	0	0	0
2024	74	Jordan Travis	NYJ	1	0	0	0.00%	0	0	0	0	0	0	0	0	0	0	0	0	0	0	0	0	0	0
2024	74	Jaren Hall	SEA	1	0	0	0.00%	0	0	0	0	0	0	0	0	0	0	0	0	0	0	0	0	0	0
2024	74	Trevor Siemian	TEN	1	0	0	0.00%	0	0	0	0	0	0	0	0	0	0	0	0	0	0	0	0	0	0
2024	74	C.J. Beathard	JAC	1	0	0	0.00%	0	0	0	0	0	0	0	0	0	0	0	0	0	0	0	0	0	0
2024	74	Emory Jones	ATL	1	0	0	0.00%	0	0	0	0	0	0	0	0	0	0	0	0	0	0	0	0	0	0
2024	74	Kyle Trask	TB	4	1	1	100.00%	5	5	0	0	0	0	0	0	0	1	0	0	0	0	0	0	0	22
2024	74	Jake Browning	CIN	3	0	0	0.00%	0	0	0	0	0	0	0	0	0	0	0	0	0	0	0	0	0	0
2024	74	Tyson Bagent	CHI	4	2	2	100.00%	11	5.5	3	1.5	0	0	0	0	0	1.6	0	0	0	0	0	0	0	45
2024	88	Clayton Tune	ARI	6	2	2	100.00%	8	4	7	3.5	0	0	0	0	0	1.5	0	0	0	2	0	0	0	14
2023	1	Josh Allen	BUF	17	385	579	66.00%	4,306	7.4	2,529	4.4	164	49	19	9	4	2.3	24	51	51	181	78	31	68	92
2023	2	Jalen Hurts	PHI	17	352	538	65.00%	3,858	7.2	2,374	4.4	149	48	19	7	3	2.6	36	29	59	185	72	19	50	88
2023	3	Dak Prescott	DAL	17	410	590	69.00%	4,516	7.7	2,766	4.7	179	62	24	7	2	2.4	39	47	26	163	68	38	104	104
2023	4	Lamar Jackson	BAL	16	307	457	67.00%	3,678	8	2,141	4.7	150	51	21	9	5	2.7	37	29	22	169	73	22	61	102
2023	5	Jordan Love	GB	17	372	579	64.00%	4,159	7.2	2,534	4.4	162	55	27	7	4	2.5	30	42	47	215	98	29	93	98
2023	6	Brock Purdy	SF	16	308	444	69.00%	4,280	9.6	2,455	5.5	167	72	31	14	4	2.6	28	42	28	142	70	9	64	112
2023	7	Jared Goff	DET	17	407	605	67.00%	4,575	7.6	2,738	4.5	180	69	19	9	2	2.3	30	69	42	212	87	35	73	99
2023	8	Patrick Mahomes I	IKC	16	401	597	67.00%	4,183	7	2,064	3.5	158	50	21	8	3	2.5	27	65	60	133	75	39	92	93
2023	9	Tua Tagovailoa	MIA	17	388	560	69.00%	4,624	8.3	2,830	5.1	189	58	22	11	7	2.1	29	27	39	116	78	24	69	101
2023	9	Baker Mayfield	TB	17	364	566	64.00%	4,044	7.1	2,384	4.2	145	60	22	12	5	2.4	40	35	37	141	81	24	60	95
2023	11	C.J. Stroud	HOU	15	319	499	64.00%	4,108	8.2	2,531	5.1	160	66	19	9	6	2.5	38	38	46	126	95	18	58	100
2023	12	Sam Howell	WAS	17	388	612	63.00%	3,946	6.4	2,284	3.7	157	44	18	4	1	2.4	65	57	39	181	88	25	60	75
2023	13	Trevor Lawrence	JAC	16	370	564	66.00%	4,016	7.1	2,478	4.4	158	49	18	9	4	2.2	35	42	39	158	104	24	56	90
2023	14	Russell Wilson	DEN	15	297	447	66.00%	3,070	6.9	1,712	3.8	114	36	19	10	3	2.7	45	48	42	144	55	17	70	97
2023	15	Matthew Stafford	LAR	15	326	521	62.00%	3,965	7.6	2,305	4.4	154	62	28	8	3	2.5	30	43	27	172	95	33	78	93
2023	16	Derek Carr	NO	17	375	548	68.00%	3,878	7.1	2,446	4.5	140	47	20	10	4	2.3	31	35	24	172	80	20	68	100
2023	17	Justin Herbert	LAC	13	297	456	65.00%	3,134	6.9	1,836	4	119	42	12	4	3	2.4	29	42	36	158	71	22	63	89
2023	18	Justin Fields	CHI	13	227	370	61.00%	2,562	6.9	1,472	4	95	45	16	4	3	2.8	44	33	44	143	58	13	47	84
2023	19	Geno Smith	SEA	15	323	499	65.00%	3,624	7.3	2,167	4.3	142	46	21	5	4	2.4	31	46	63	145	69	24	67	91
2023	20	Joshua Dobbs	MIN	13	262	417	63.00%	2,464	5.9	1,636	3.9	98	29	4	2	1	2.6	30	58	23	121	67	15	48	81
2023	21	Gardner Minshew II	IND	16	305	490	62.00%	3,305	6.7	1,902	3.9	125	36	20	11	5	2.4	34	30	32	169	70	26	58	86
2023	22	Desmond Ridder	ATL	15	249	388	64.00%	2,836	7.3	1,789	4.6	113	34	14	7	3	2.3	31	28	26	90	55	17	47	82
2023	23	Bryce Young	CAR	16	315	527	60.00%	2,877	5.5	1,783	3.4	109	26	10	4	0	2.5	62	50	38	166	103	23	39	74
2023	24	Kirk Cousins	MIN	8	216	311	69.00%	2,331	7.5	1,462	4.7	95	34	12	4	3	2.5	17	45	21	106	39	16	45	103
2023	25	Joe Burrow	CIN	10	244	365	67.00%	2,309	6.3	1,286	3.5	85	21	10	4	3	2.2	24	37	13	83	52	21	46	91
2023	26	Kyler Murray	ARI	8	176	268	66.00%	1,799	6.7	944	3.5	75	22	8	1	0	2.4	18	19	20	73	35	10	28	90
2023	27	Jake Browning	CIN	9	171	243	70.00%	1,936	8	986	4.1	77	25	9	6	3	2.5	24	26	25	80	23	9	30	93
2023	28	Aidan O'Connell	LV	11	213	343	62.00%	2,218	6.5	1,281	3.7	87	24	10	4	1	2.4	24	22	7	101	56	15	45	83
2023	29	Zach Wilson	NYJ	12	221	368	60.00%	2,271	6.2	1,316	3.6	86	27	10	3	2	2.5	46	41	47	113	54	22	32	74
2023	30	Mac Jones	NE	11	224	345	65.00%	2,120	6.1	1,117	3.2	84	17	7	2	1	2.2	22	24	30	92	54	16	27	72
2023	31	Kenny Pickett	PIT	12	201	324	62.00%	2,070	6.4	1,194	3.7	81	25	13	4	2	2.4	23	37	33	81	57	11	32	82
2023	32	Joe Flacco	CLE	5	123	204	60.00%	1,616	7.9	993	4.9	52	27	14	9	5	2.6	8	14	19	46	35	9	26	92
2023	33	Will Levis	TEN	9	149	255	58.00%	1,808	7.1	1,214	4.8	71	32	11	5	1	2.5	28	46	8	88	41	12	20	84
2023	34	Tommy DeVito	NYG	10	114	178	64.00%	1,101	6.2	614	3.4	37	16	5	2	0	2.6	37	9	16	68	21	8	15	77
2023	35	Deshaun Watson	CLE	6	105	171	61.00%	1,115	6.5	679	4	45	12	4	3	1	2.5	17	18	13	59	34	12	16	74
2023	36	Tyrod Taylor	NYG	10	116	180	64.00%	1,341	7.5	824	4.6	45	19	8	4	2	2.3	17	15	19	55	24	11	13	78
2023	37	Ryan Tannehill	TEN	9	149	230	65.00%	1,616	7	957	4.2	63	21	8	4	1	2.4	32	30	10	65	31	12	27	79
2023	38	Bailey Zappe	NE	10	127	212	60.00%	1,272	6	737	3.5	49	17	6	2	0	2.4	25	11	14	82	41	7	9	62
2023	39	Nick Mullens	MIN	5	100	148	68.00%	1,306	8.8	869	5.9	53	25	7	2	0	2.5	12	25	12	44	29	1	16	89
2023	40	Anthony Richardson Sr.	IND	4	50	84	60.00%	577	6.9	325	3.9	20	9	5	0	0	2.6	7	5	10	24	17	6	5	88
2023	41	Jimmy Garoppolo	LV	7	110	169	65.00%	1,205	7.1	771	4.6	59	9	2	0	0	2.5	14	15	5	51	30	5	21	72
2023	42	Taylor Heinicke	ATL	5	74	136	54.00%	890	6.5	457	3.4	34	11	4	3	3	2.5	8	13	9	37	31	8	7	77
2023	43	Easton Stick	LAC	5	111	174	64.00%	1,129	6.5	644	3.7	41	12	2	2	2	2.4	14	11	6	67	32	8	11	87
2023	44	Daniel Jones	NYG	6	108	160	68.00%	909	5.7	536	3.4	33	9	2	1	1	2.3	30	17	17	47	21	6	12	67
2023	45	Tyson Bagent	CHI	5	94	143	66.00%	859	6	448	3.1	36	3	2	1	0	2.6	5	10	11	48	19	6	17	71
2023	46	Mitchell Trubisky	PIT	5	67	107	63.00%	632	5.9	388	3.6	27	7	0	0	0	2.4	7	8	6	18	20	5	4	73
2023	47	Mason Rudolph	PIT	4	55	74	74.00%	719	9.7	346	4.7	22	9	7	5	3	2.3	6	3	3	24	7	0	9	105
2023	48	Drew Lock	SEA	4	48	76	63.00%	543	7.1	289	3.8	19	10	3	1	1	2.3	6	1	7	14	12	6	4	66
2023	49	Trevor Siemian	NYJ	5	86	153	56.00%	724	4.7	316	2.1	30	8	1	0	0	2.2	8	16	4	46	33	2	17	57
2023	50	Jarrett Stidham	DEN	3	40	66	61.00%	496	7.5	216	3.3	16	8	4	3	1	2.6	7	8	3	18	12	2	6	59
2023	51	Carson Wentz	LAR	1	17	24	71.00%	163	6.8	105	4.4	6	1	0	0	0	2.4	2	1	0	6	6	1	3	100
2023	52	Dorian Thompson-Robinson	CLE	7	60	112	54.00%	440	3.9	271	2.4	17	1	0	0	0	2.4	6	10	7	38	21	11	15	57
2023	52	Tyler Huntley	BAL	5	21	37	57.00%	203	5.5	134	3.6	10	1	0	0	0	2.8	4	1	0	11	7	4	7	80
2023	54	P.J. Walker	CLE	5	54	111	49.00%	674	6.1	328	3	25	11	4	3	1	2.6	11	20	8	29	32	6	11	51
2023	55	Sam Darnold	SF	10	28	46	61.00%	297	6.5	156	3.4	11	3	1	1	0	2.9	6	2	1	8	12	0	11	39
2023	55	Andy Dalton	CAR	3	34	58	59.00%	361	6.2	254	4.4	13	5	1	1	0	2.2	3	5	2	14	11	5	1	29
2023	57	Jacoby Brissett	WAS	2	18	23	78.00%	224	9.7	164	7.1	9	4	1	1	0	2.5	0	2	0	2	1	1	8	141
2023	58	C.J. Beathard	JAC	7	40	53	75.00%	349	6.6	214	4	15	2	1	1	0	2.2	6	5	1	14	4	2	10	63
2023	59	Davis Mills	HOU	6	18	39	46.00%	173	4.4	108	2.8	10	0	0	0	0	2.4	2	1	2	7	8	4	6	53
2023	60	Jeff Driskel	CLE	1	13	26	50.00%	166	6.4	97	3.7	7	2	1	0	0	2.4	3	5	0	3	4	4	0	64
2023	61	Jameis Winston	NO	6	25	47	53.00%	264	5.6	187	4	13	4	1	0	0	2.1	2	2	3	19	10	3	4	35
2023	61	Tim Boyle	HOU	3	48	77	62.00%	360	4.7	207	2.7	9	2	2	0	0	2.3	9	6	8	7	18	4	5	50
2023	63	Marcus Mariota	PHI	2	15	23	65.00%	164	7.1	100	4.3	9	1	0	0	0	2.4	3	1	2	9	2	0	3	81
2023	63	Case Keenum	HOU	2	34	53	64.00%	291	5.5	195	3.7	9	3	1	1	0	2.5	6	5	1	16	7	2	5	56
2023	65	Clayton Tune	ARI	8	12	21	57.00%	62	3	34	1.6	2	0	0	0	0	2.2	7	3	1	4	2	1	0	13
2023	65	Blaine Gabbert	KC	2	18	35	51.00%	185	5.3	85	2.4	8	2	1	0	0	1.9	1	10	0	10	6	5	1	45
2023	67	Brian Hoyer	LV	2	23	42	55.00%	231	5.5	157	3.7	9	2	1	1	0	2.1	1	1	1	14	10	1	8	66
2023	68	Brett Rypien	NYJ	2	18	38	47.00%	172	4.5	90	2.4	8	1	1	0	0	2.4	2	4	2	8	6	2	0	53
2023	69	Cooper Rush	DAL	8	18	24	75.00%	144	6	82	3.4	6	2	0	0	0	2	1	0	0	12	6	0	1	67
2023	70	Jaren Hall	MIN	3	13	20	65.00%	168	8.4	76	3.8	6	2	1	1	0	2.7	4	2	1	9	5	0	3	80
2023	70	Malik Willis	TEN	2	4	5	80.00%	74	14.8	24	4.8	2	1	1	1	0	2.8	4	0	0	0	1	0	0	59
2023	70	Mike White	MIA	6	5	6	83.00%	74	12.3	41	6.8	1	1	1	1	1	1.7	0	0	0	1	0	0	1	53
2023	73	Sean Clifford	GB	2	1	1	100.00%	37	37	34	34	1	1	1	0	0	2.4	0	0	0	1	0	0	0	59
2023	73	AJ McCarron	CIN	2	4	5	80.00%	19	3.8	5	1	1	0	0	0	0	2.3	1	0	0	3	1	0	0	82
2023	73	Logan Woodside	ATL	1	3	4	75.00%	27	6.8	2	0.5	2	0	0	0	0	2.4	1	1	0	0	0	0	0	53
2023	76	Aaron Rodgers	NYJ	1	0	1	0.00%	0	0	0	0	0	0	0	0	0	3.2	1	1	1	0	0	0	0	40
2023	76	Chris Oladokun	KC	2	0	0	0.00%	0	0	0	0	0	0	0	0	0	0	0	0	0	0	0	0	0	0
2023	76	Malik Cunningham	BAL	2	0	0	0.00%	0	0	0	0	0	0	0	0	0	1.4	1	0	0	1	0	0	0	0
2023	76	Max Duggan	LAC	1	0	0	0.00%	0	0	0	0	0	0	0	0	0	0	0	0	0	0	0	0	0	0
2023	76	Jacob Eason	NYG	2	0	0	0.00%	0	0	0	0	0	0	0	0	0	0	0	0	0	0	0	0	0	0
2023	76	Skylar Thompson	MIA	1	0	0	0.00%	0	0	0	0	0	0	0	0	0	0	0	0	0	0	0	0	0	0
2023	76	Kyle Trask	TB	2	0	1	0.00%	0	0	0	0	0	0	0	0	0	2.3	0	0	0	0	0	1	1	20
2023	76	Teddy Bridgewater	DET	1	0	0	0.00%	0	0	0	0	0	0	0	0	0	0	0	0	0	0	0	0	0	0
2023	76	Matt Barkley	JAC	1	0	0	0.00%	0	0	0	0	0	0	0	0	0	0	0	0	0	0	0	0	0	0
2023	76	Nathan Peterman	CHI	1	0	0	0.00%	0	0	0	0	0	0	0	0	0	5.8	1	0	0	1	0	0	0	0
2023	86	Kyle Allen	BUF	6	0	0	0.00%	0	0	0	0	0	0	0	0	0	0	0	0	0	0	0	0	0	0
2022	1	Patrick Mahomes I	IKC	17	435	648	67.00%	5,250	8.1	2,759	4.3	210	73	28	13	5	2.6	26	56	58	160	95	33	123	106
2022	2	Josh Allen	BUF	17	362	573	63.00%	4,316	7.5	2,837	5	163	51	20	12	4	2.5	33	40	41	144	92	37	84	94
2022	3	Jalen Hurts	PHI	15	306	460	67.00%	3,701	8	2,150	4.7	152	52	25	11	4	2.3	38	22	39	172	62	22	48	101
2022	4	Joe Burrow	CIN	17	418	610	69.00%	4,527	7.4	2,596	4.3	178	54	21	10	4	2.2	41	48	22	110	76	34	92	105
2022	5	Geno Smith	SEA	17	399	572	70.00%	4,282	7.5	2,732	4.8	176	50	21	6	3	2.4	46	64	37	170	65	19	70	102
2022	6	Justin Fields	CHI	15	192	318	60.00%	2,242	7.1	1,420	4.5	89	32	13	7	4	2.7	55	31	33	102	59	16	33	83
2022	7	Kirk Cousins	MIN	17	424	643	66.00%	4,547	7.1	2,779	4.3	188	47	21	10	4	2.5	46	84	36	159	93	25	99	93
2022	8	Trevor Lawrence	JAC	17	387	584	66.00%	4,113	7	2,367	4	168	55	12	3	1	2.2	27	39	45	158	85	40	82	94
2022	9	Daniel Jones	NYG	16	317	472	67.00%	3,205	6.8	1,821	3.9	133	27	10	5	3	2.5	44	53	46	137	54	29	41	95
2022	10	Jared Goff	DET	17	382	587	65.00%	4,438	7.6	2,425	4.1	181	57	18	12	5	2.4	23	53	43	186	94	34	91	98
2022	11	Justin Herbert	LAC	17	477	699	68.00%	4,739	6.8	2,692	3.9	197	50	18	7	4	2.5	38	72	50	182	88	39	98	95
2022	12	Tom Brady	TB	17	490	733	67.00%	4,694	6.4	2,718	3.7	179	50	13	8	3	2.2	22	55	23	130	116	33	97	92
2022	13	Aaron Rodgers	GB	17	350	542	65.00%	3,695	6.8	2,120	3.9	138	53	15	6	2	2.4	32	39	37	136	76	40	76	94
2022	14	Lamar Jackson	BAL	12	203	326	62.00%	2,242	6.9	1,398	4.3	94	24	8	4	3	2.6	26	15	31	125	56	26	56	89
2022	15	Tua Tagovailoa	MIA	13	259	400	65.00%	3,548	8.9	2,361	5.9	143	50	19	12	7	2.3	21	25	40	86	61	26	46	103
2022	16	Russell Wilson	DEN	15	292	483	61.00%	3,524	7.3	2,076	4.3	127	54	26	11	8	2.5	55	65	42	138	70	30	45	86
2022	17	Derek Carr	LV	15	305	502	61.00%	3,522	7	2,192	4.4	140	47	22	8	2	2.6	27	40	33	119	95	25	57	84
2022	18	Dak Prescott	DAL	12	261	394	66.00%	2,860	7.3	1,778	4.5	118	37	12	3	3	2.5	20	37	29	102	67	24	49	93
2022	19	Kyler Murray	ARI	11	259	390	66.00%	2,368	6.1	1,347	3.5	96	27	6	0	0	2.2	25	15	42	89	44	22	44	90
2022	20	Marcus Mariota	ATL	13	184	300	61.00%	2,219	7.4	1,423	4.7	95	30	10	4	1	2.6	28	33	13	101	65	8	35	90
2022	21	Davis Mills	HOU	15	292	479	61.00%	3,117	6.5	1,817	3.8	106	50	18	7	3	2.3	31	59	34	127	108	18	54	79
2022	22	Andy Dalton	NO	14	252	378	67.00%	2,871	7.6	1,658	4.4	117	28	13	7	5	2.3	25	21	15	99	45	25	47	95
2022	23	Mac Jones	NE	14	288	442	65.00%	2,997	6.8	1,821	4.1	114	42	16	7	0	2.2	34	27	34	94	57	28	39	81
2022	24	Jacoby Brissett	CLE	14	236	369	64.00%	2,608	7.1	1,642	4.4	108	32	12	4	2	2.5	24	39	39	101	48	25	46	75
2022	25	Jimmy Garoppolo	SF	11	207	308	67.00%	2,437	7.9	1,137	3.7	106	31	12	2	2	2.3	18	24	9	87	39	21	43	102
2022	26	Matt Ryan	IND	12	309	461	67.00%	3,057	6.6	1,847	4	131	33	11	2	0	2.3	38	51	33	145	60	19	52	83
2022	27	Ryan Tannehill	TEN	12	212	325	65.00%	2,536	7.8	1,468	4.5	90	35	15	10	5	2.5	33	35	22	105	38	20	50	93
2022	28	Kenny Pickett	PIT	13	245	389	63.00%	2,404	6.2	1,456	3.7	101	28	8	1	1	2.5	27	32	34	95	67	16	46	76
2022	29	Baker Mayfield	LAR	12	201	335	60.00%	2,163	6.5	1,195	3.6	85	29	10	3	3	2.5	36	21	23	110	60	17	31	80
2022	30	Taylor Heinicke	WAS	9	161	259	62.00%	1,859	7.2	1,177	4.5	83	20	7	5	2	2.5	19	40	22	63	44	6	33	90
2022	30	Carson Wentz	WAS	8	172	276	62.00%	1,755	6.4	1,037	3.8	61	22	9	4	1	2.3	26	29	15	84	54	16	25	81
2022	32	Matthew Stafford	LAR	9	206	303	68.00%	2,087	6.9	1,120	3.7	75	21	6	4	4	2.3	29	27	23	77	54	11	40	91
2022	33	Brock Purdy	SF	9	114	170	67.00%	1,374	8.1	751	4.4	54	20	7	3	2	2.3	11	15	5	54	20	13	17	80
2022	34	Zach Wilson	NYJ	9	132	242	55.00%	1,688	6.9	963	4	59	26	11	6	4	2.5	23	15	36	94	56	11	17	73
2022	35	Deshaun Watson	CLE	6	99	170	58.00%	1,102	6.5	620	3.6	51	12	4	1	0	2.9	20	12	5	35	22	12	28	80
2022	36	Sam Darnold	CAR	6	82	140	59.00%	1,143	8.2	628	4.5	46	17	9	6	1	2.7	10	9	13	49	16	7	21	88
2022	37	Mitchell Trubisky	PIT	7	117	180	65.00%	1,252	7	921	5.1	52	16	7	2	0	2.3	11	10	9	43	25	7	11	84
2022	38	Mike White	NYJ	4	103	175	59.00%	1,192	6.8	696	4	46	13	6	3	2	2.3	9	16	5	28	38	3	24	84
2022	39	Cooper Rush	DAL	8	94	162	58.00%	1,051	6.5	635	3.9	45	13	4	2	0	2.2	7	17	14	47	33	9	18	77
2022	40	Tyler Huntley	BAL	5	75	112	67.00%	658	5.9	449	4	27	5	2	1	0	1.9	7	3	8	27	15	3	15	79
2022	41	Joe Flacco	NYJ	5	110	191	58.00%	1,051	5.5	646	3.4	46	7	3	1	1	2.4	10	26	16	55	38	13	24	70
2022	42	Jameis Winston	NO	3	73	114	63.00%	858	7.5	688	6	34	13	6	4	1	2.5	11	11	9	41	23	3	14	82
2022	43	Jarrett Stidham	LV	3	53	83	64.00%	656	7.9	410	4.9	29	11	2	2	1	2.7	7	17	6	18	13	5	17	87
2022	44	P.J. Walker	CAR	6	63	106	59.00%	731	6.9	395	3.7	26	14	4	2	1	2.2	7	4	4	28	21	7	2	78
2022	44	Teddy Bridgewater	MIA	5	49	79	62.00%	683	8.6	388	4.9	32	7	2	2	1	2.7	7	13	5	7	16	2	8	69
2022	44	Bailey Zappe	NE	4	65	92	71.00%	781	8.5	473	5.1	34	14	4	2	1	2.5	6	2	5	36	11	3	9	98
2022	47	Gardner Minshew II	PHI	5	44	76	58.00%	663	8.7	416	5.5	27	11	2	2	1	2.5	6	2	4	15	14	2	6	65
2022	48	Desmond Ridder	ATL	4	73	115	63.00%	708	6.2	448	3.9	33	7	1	1	0	2.7	10	8	1	41	20	1	17	86
2022	48	Sam Ehlinger	IND	4	64	101	63.00%	573	5.7	328	3.2	20	7	3	1	0	2.5	14	7	8	23	18	6	13	80
2022	50	Colt McCoy	ARI	4	90	132	68.00%	780	5.9	480	3.6	27	6	1	1	0	2.1	13	15	4	25	22	11	12	74
2022	51	Malik Willis	TEN	7	31	61	51.00%	276	4.5	152	2.5	11	1	1	1	0	2.7	10	2	11	18	12	4	4	43
2022	52	Joshua Dobbs	TEN	2	40	68	59.00%	411	6	230	3.4	17	5	3	0	0	2.5	6	16	11	25	14	3	4	75
2022	53	Brett Rypien	DEN	4	53	88	60.00%	483	5.5	242	2.8	22	1	1	1	0	2.4	8	9	2	22	19	2	5	59
2022	54	Davis Webb	NYG	1	23	40	57.00%	168	4.2	99	2.5	8	1	0	0	0	1.8	0	7	5	8	7	0	3	76
2022	54	David Blough	ARI	2	38	58	66.00%	402	6.9	216	3.7	16	3	1	1	1	2.2	5	7	0	15	10	2	4	85
2022	56	Skylar Thompson	MIA	7	60	105	57.00%	534	5.1	360	3.4	19	5	3	0	0	2.6	6	25	16	15	22	8	9	62
2022	56	Kyle Allen	HOU	3	46	78	59.00%	416	5.3	200	2.6	17	4	2	0	0	2	5	7	2	22	14	4	9	40
2022	58	Sam Howell	WAS	1	11	19	58.00%	169	8.9	97	5.1	6	4	2	1	1	2.7	3	0	1	1	3	2	5	83
2022	59	John Wolford	LAR	2	38	62	61.00%	390	6.3	212	3.4	17	4	1	0	0	2.7	7	14	7	19	10	1	6	62
2022	60	Bryce Perkins	LAR	5	19	34	56.00%	161	4.7	110	3.2	7	1	0	0	0	2.7	6	3	6	7	4	1	5	39
2022	61	Jeff Driskel	HOU	7	14	20	70.00%	108	5.4	55	2.8	6	1	0	0	0	1.8	2	1	2	4	0	1	4	65
2022	62	Trace McSorley	ARI	5	45	83	54.00%	412	5	258	3.1	15	4	1	1	0	2.2	3	8	5	24	21	2	2	42
2022	63	Trey Lance	SF	3	15	31	48.00%	194	6.3	124	4	6	4	2	1	0	2.8	2	2	4	4	10	3	1	50
2022	63	Nick Mullens	MIN	4	21	25	84.00%	224	9	130	5.2	11	2	1	0	0	2.4	0	4	0	3	2	0	3	101
2022	65	Tyrod Taylor	NYG	3	6	8	75.00%	58	7.3	32	4	3	0	0	0	0	2.5	3	1	0	1	0	1	1	50
2022	65	Jordan Love	GB	4	14	21	67.00%	195	9.3	85	4	7	2	1	1	1	2.1	0	0	0	1	3	1	1	98
2022	67	Trevor Siemian	CHI	2	15	26	58.00%	184	7.1	79	3	6	4	2	0	0	1.5	2	2	2	4	5	0	4	81
2022	68	Nathan Peterman	CHI	3	14	25	56.00%	139	5.6	99	4	6	2	0	0	0	2.5	1	1	1	5	5	2	1	55
2022	68	Chris Streveler	NYJ	1	10	15	67.00%	90	6	73	4.9	2	1	1	0	0	2.5	0	4	0	6	2	1	1	83
2022	70	Chase Daniel	LAC	3	8	12	67.00%	52	4.3	16	1.3	2	0	0	0	0	1.8	1	1	0	4	3	1	3	87
2022	70	Anthony Brown Jr.	BAL	2	22	49	45.00%	302	6.2	167	3.4	14	4	2	1	0	2.3	5	4	2	21	12	3	5	56
2022	72	Nick Foles	IND	2	25	42	60.00%	224	5.3	160	3.8	10	1	1	1	0	2.4	8	3	4	13	9	2	3	40
2022	73	Blaine Gabbert	TB	1	6	8	75.00%	29	3.6	6	0.8	1	0	0	0	0	1.6	0	0	0	2	0	1	2	119
2022	74	Brian Hoyer	NE	1	5	6	83.00%	37	6.2	23	3.8	1	1	0	0	0	1.6	1	1	0	4	1	0	2	92
2022	74	Jacob Eason	SF	1	3	5	60.00%	59	11.8	9	1.8	1	1	1	1	0	2.2	0	1	0	0	1	0	4	62
2022	74	Kyle Trask	TB	1	3	9	33.00%	23	2.6	4	0.4	0	0	0	0	0	2.3	0	2	0	2	2	0	0	42
2022	74	Brandon Allen	CIN	1	3	3	100.00%	22	7.3	14	4.7	1	0	0	0	0	2.5	1	0	0	3	0	0	0	97
2022	74	Josh Johnson	SF	1	1	2	50.00%	10	5	6	3	1	0	0	0	0	1.4	0	0	0	2	0	0	0	65
2022	79	Case Keenum	BUF	2	2	7	29.00%	8	1.1	3	0.4	0	0	0	0	0	1.7	0	0	0	6	2	1	0	44
2022	79	Matt Corral	CAR	2	0	0	0.00%	0	0	0	0	0	0	0	0	0	0	0	0	0	0	0	0	0	0
2022	79	Feleipe Franks	ATL	7	0	0	0.00%	0	0	0	0	0	0	0	0	0	0	0	0	0	0	0	0	0	0
2022	79	Logan Woodside	ATL	1	0	0	0.00%	0	0	0	0	0	0	0	0	0	0	0	0	0	0	0	0	0	0
2022	79	Matt Barkley	BUF	1	0	0	0.00%	0	0	0	0	0	0	0	0	0	0	0	0	0	0	0	0	0	0
2022	79	Davis Cheek	CAR	1	0	0	0.00%	0	0	0	0	0	0	0	0	0	0	0	0	0	0	0	0	0	0
2022	79	C.J. Beathard	JAC	4	7	11	64.00%	35	3.2	17	1.5	2	0	0	0	0	1.8	1	2	0	1	2	1	0	25
2022	79	Nate Sudfeld	DET	2	0	0	0.00%	0	0	0	0	0	0	0	0	0	3.5	1	0	0	0	0	0	0	0
2022	87	Chad Henne	KC	3	0	2	0.00%	0	0	0	0	0	0	0	0	0	1.8	0	0	0	0	0	1	0	13
2022	87	Tim Boyle	CHI	1	2	8	25.00%	33	4.1	3	0.4	2	0	0	0	0	2.4	0	1	0	1	3	0	0	5